{"type":"FeatureCollection","features":[{"type":"Feature","id":1252,"geometry":{"type":"Polygon","coordinates":[[[124.01678123900001,12.808203691000074],[124.01478504600004,12.807403781000062],[124.01278596600002,12.806802013000038],[124.01073425900006,12.808323844000029],[124.00835715800008,12.803518592000046],[124.00834113600001,12.799553859000071],[124.0081891210001,12.796820044000071],[124.00844011300001,12.795415137000077],[124.00840210400008,12.793822244000069],[124.00844008500007,12.790496468000072],[124.01036307700008,12.789649514000075],[124.01393406600005,12.788672561000055],[124.01842704900002,12.787062645000049],[124.02082302600002,12.783660862000033],[124.02288300600003,12.780651053000042],[124.02466098100001,12.776756306000038],[124.02482894700006,12.770668715000056],[124.02814694600011,12.771418646000029],[124.04071094300002,12.774888346000068],[124.04634094300002,12.776566203000073],[124.04909794300011,12.777380133000065],[124.04860195400011,12.779149017000066],[124.04851996900004,12.781843836000064],[124.04734198300002,12.783969699000068],[124.04564000800008,12.788051433000021],[124.04461702500009,12.790709260000028],[124.04439967400003,12.792116745000044],[124.0440790020001,12.792027463000068],[124.04370549100008,12.79220889000004],[124.04335118800009,12.792452492000052],[124.0427711860001,12.792797162000056],[124.0424774920001,12.793105652000065],[124.04206500000009,12.793131244000051],[124.0418285180001,12.793184109000038],[124.04134096100006,12.79354692000004],[124.04082532200005,12.793903178000051],[124.04030793900006,12.794024725000043],[124.03967774800003,12.793834012000048],[124.03961811900001,12.793764077000048],[124.03944389300011,12.793728736000048],[124.03927355000008,12.793830874000037],[124.03909912900008,12.793827081000074],[124.03879575300004,12.793800350000026],[124.03847900900007,12.793869689000076],[124.03833223400011,12.793824664000056],[124.03807801100004,12.793731107000042],[124.03774494300001,12.793784983000023],[124.03726082500009,12.793531019000056],[124.03652274300009,12.79333261000005],[124.0362132250001,12.793340546000024],[124.03580053400003,12.793435783000064],[124.03527673400004,12.793681810000066],[124.03489578900007,12.79398339200003],[124.0344592890001,12.794197673000042],[124.03403866200006,12.794578619000049],[124.03396723500009,12.794983373000036],[124.03396723500009,12.795300828000052],[124.0339354890001,12.795618282000021],[124.03388787100005,12.795999228000028],[124.0336894620001,12.796284937000053],[124.0333799440001,12.796475410000028],[124.03307042600011,12.796737310000026],[124.0329196350001,12.796896037000067],[124.03268948000004,12.796864291000077],[124.03253075300006,12.796713500000067],[124.03224504400009,12.796610328000043],[124.03181648000009,12.796713500000067],[124.03159426200011,12.796896037000067],[124.03133236200006,12.79714206400007],[124.03130061700006,12.797308728000075],[124.03120538000007,12.797729355000058],[124.03087205300005,12.797888082000043],[124.03060221700002,12.797824591000051],[124.0299990530001,12.797816655000076],[124.02977683500001,12.797983318000036],[124.02892764400008,12.798411882000039],[124.02826099000004,12.798824573000047],[124.02785623500006,12.798848382000074],[124.02761020800006,12.798816637000073],[124.02738005300012,12.798856318000048],[124.02726894400007,12.798967427000036],[124.02700704400002,12.79907060000005],[124.02674514400007,12.799078537000071],[124.02654673500001,12.799030918000028],[124.02632451700003,12.798864255000069],[124.02611817200011,12.79889600000007],[124.02597531700007,12.799086473000045],[124.02597531700007,12.799292818000026],[124.02588008100008,12.799530909000055],[124.0257213540001,12.799642018000043],[124.02546739000002,12.799753127000031],[124.02523723600007,12.800007091000055],[124.02500708100001,12.800261055000021],[124.02479279900001,12.800443591000032],[124.02469756300002,12.800546764000046],[124.02445153600002,12.800562636000052],[124.02416582700005,12.800419782000063],[124.02385630800006,12.800483273000054],[124.02365789900011,12.800705491000031],[124.02360234500009,12.800903900000037],[124.02356266300001,12.801118182000039],[124.02343568100002,12.801380082000037],[124.02320552700007,12.801459445000035],[124.0229833090001,12.801403891000064],[124.02261823600008,12.801411827000038],[124.0222769720001,12.801491191000025],[124.02183253600003,12.801784836000024],[124.02163412700008,12.801975309000056],[124.02154682700007,12.802268954000056],[124.02151508100008,12.802594345000045],[124.02139603600006,12.802800691000073],[124.02117381800008,12.802832436000074],[124.0209833450001,12.802824500000042],[124.02075319100004,12.802927672000067],[124.02044367200006,12.803284809000047],[124.02018970900008,12.803427663000036],[124.01993574500011,12.803665754000065],[124.01987225400001,12.803903845000036],[124.01981670000009,12.80415780900006],[124.01969765400008,12.804324472000076],[124.0195071820001,12.804364154000041],[124.01930877300003,12.804419709000058],[124.01897544500002,12.804705418000026],[124.01877703600007,12.80495938100006],[124.0185230730001,12.805046681000022],[124.01834847300006,12.804991127000051],[124.01794371800008,12.805046681000022],[124.01762626400011,12.805276836000075],[124.01734849100001,12.805506990000026],[124.01719770000011,12.805776827000045],[124.01732468200009,12.80593555400003],[124.01753102700002,12.806141899000067],[124.01754690000007,12.80638792700006],[124.01741991800009,12.806578399000045],[124.01678123900001,12.808203691000074]]]},"properties":{"objectid":1252,"gthcode":"8010562100010000","globalid":"{871EF66F-B836-4F7E-9493-EB38D21CED6A}","st_area(shape)":0.0007910855808577385,"reg_name":"Region V (Bicol Region)","prov_name":"Sorsogon","city_name":"Juban","brgy_name":"Anog","reg_code":"050000000","prov_code":"056200000","city_code":"056210000","brgy_code":"056210001","psgc_10d":"0506210001","geographic_level":"Bgy","old_names":"","class":"Municipality","income_class":"","urban_rural2015":"R","bgypop2015":607,"bgypop2020":680,"bgyarea_sqkm":9.5022037499999996,"gida":"Yes","gida_yr":"2023","st_perimeter(shape)":0.13244112548494452,"created_user":null,"created_date":null,"last_edited_user":"ADMIN2","last_edited_date":1748789465000}},{"type":"Feature","id":1563,"geometry":{"type":"Polygon","coordinates":[[[124.01129827800003,12.82591707000006],[124.01133745200002,12.830660992000048],[124.01010692600005,12.832288088000041],[124.00287495100008,12.83102602200006],[123.99750642300012,12.829716411000049],[123.9968443140001,12.828091001000075],[123.99806430300009,12.826459104000037],[123.99782029500011,12.825028202000055],[123.99671262800007,12.81429455500006],[123.99694283100007,12.814072724000027],[123.99699305700005,12.814026683000066],[123.9980154320001,12.813429021000047],[123.99937360700005,12.814163170000029],[124.00150263900002,12.814016340000023],[124.00514585300004,12.815172625000059],[124.01477620100002,12.813306899000054],[124.01327922600001,12.817190646000029],[124.01280623700006,12.819154516000026],[124.01231825600007,12.822387302000038],[124.01129827800003,12.82591707000006]]]},"properties":{"objectid":1563,"gthcode":"8010562100020000","globalid":"{FBF57C14-01DC-44D1-89E2-E8DDCDC29874}","st_area(shape)":0.00025268330133364588,"reg_name":"Region V (Bicol Region)","prov_name":"Sorsogon","city_name":"Juban","brgy_name":"Aroroy","reg_code":"050000000","prov_code":"056200000","city_code":"056210000","brgy_code":"056210002","psgc_10d":"0506210002","geographic_level":"Bgy","old_names":"","class":"Municipality","income_class":"","urban_rural2015":"R","bgypop2015":1224,"bgypop2020":1398,"bgyarea_sqkm":3.0347360999999999,"gida":"Yes","gida_yr":"2023","st_perimeter(shape)":0.067693785580736271,"created_user":null,"created_date":null,"last_edited_user":"ADMIN2","last_edited_date":1748789465000}},{"type":"Feature","id":1945,"geometry":{"type":"Polygon","coordinates":[[[124.00844008500007,12.790496468000072],[124.00840210400008,12.793822244000069],[124.00844011300001,12.795415137000077],[124.0081891210001,12.796820044000071],[124.00834113600001,12.799553859000071],[124.00835715800008,12.803518592000046],[123.99907541200002,12.800856439000029],[123.99592771500011,12.800374976000057],[123.99594039700003,12.800026221000053],[123.99589601000002,12.799652101000049],[123.99580089400001,12.799385779000033],[123.99563602800004,12.799125797000045],[123.99550920800004,12.798922885000025],[123.9951794750001,12.798149281000065],[123.99495754000009,12.797851254000022],[123.99464683000008,12.797521521000021],[123.99438684900008,12.797179107000034],[123.99419027700003,12.796887420000076],[123.99405077500012,12.796602075000067],[123.99394931900008,12.796259660000032],[123.99391761400011,12.796037725000076],[123.99387322700011,12.795219734000057],[123.99387322700011,12.795073891000072],[123.99386054500008,12.794909024000049],[123.99380981700006,12.793875440000022],[123.99378915000011,12.79256410000005],[123.99361695800008,12.791624875000025],[123.99330388300007,12.791186570000036],[123.99297515500007,12.790748265000047],[123.99292819300001,12.790544767000029],[123.99313169200002,12.790262999000049],[123.9935856510001,12.790059500000041],[123.99400830200011,12.789887309000051],[123.99429007000003,12.789636849000033],[123.99443095300012,12.789339428000062],[123.99442565900006,12.789048323000031],[123.99780987400004,12.787661710000066],[124.00070408300007,12.787678699000026],[124.0030850820001,12.788334642000052],[124.00532808300011,12.789232570000024],[124.00754808500005,12.790258489000053],[124.00844008500007,12.790496468000072]]]},"properties":{"objectid":1945,"gthcode":"8010562100030000","globalid":"{6602B03F-EAFB-4589-8CEC-531F2F32522B}","st_area(shape)":0.00018424735690603528,"reg_name":"Region V (Bicol Region)","prov_name":"Sorsogon","city_name":"Juban","brgy_name":"Bacolod","reg_code":"050000000","prov_code":"056200000","city_code":"056210000","brgy_code":"056210003","psgc_10d":"0506210003","geographic_level":"Bgy","old_names":"","class":"Municipality","income_class":"","urban_rural2015":"R","bgypop2015":1693,"bgypop2020":1713,"bgyarea_sqkm":2.2130520100000002,"gida":"Yes","gida_yr":"2023","st_perimeter(shape)":0.053623151482519275,"created_user":null,"created_date":null,"last_edited_user":"ADMIN2","last_edited_date":1748789465000}},{"type":"Feature","id":7714,"geometry":{"type":"Polygon","coordinates":[[[123.95285480700011,12.876419075000058],[123.95282606400008,12.876425303000076],[123.95279253100011,12.876436202000036],[123.95275261000006,12.876443988000062],[123.95270470500009,12.87644866100004],[123.95269033300008,12.876445548000049],[123.95267596100007,12.876436209000076],[123.95267116900004,12.876423756000065],[123.95265999100002,12.876411303000054],[123.95265200600011,12.876408190000063],[123.95263763500009,12.876409747000025],[123.95262486000001,12.876408191000053],[123.95261048700002,12.876398852000023],[123.95260729300003,12.87639418200007],[123.95260409800005,12.876372389000039],[123.95259930700001,12.876366162000068],[123.95258653200005,12.876358380000056],[123.9525529980001,12.876353711000036],[123.95250349600008,12.876358384000071],[123.95249072100012,12.87635371500005],[123.95247794500006,12.876342819000058],[123.95245878200001,12.876317913000037],[123.95245239300004,12.876303903000064],[123.95244600600006,12.876299233000054],[123.95242365000001,12.876302348000024],[123.95240768300005,12.876322586000072],[123.95239331200003,12.876328814000033],[123.95236297100007,12.876330372000041],[123.95234221200008,12.876327260000039],[123.95233422800004,12.876322590000029],[123.95231346700007,12.876300798000045],[123.95228791700004,12.876283675000025],[123.95226396400005,12.87628367700006],[123.95224959300003,12.87628834800006],[123.95223362500008,12.87630547200007],[123.95222723800009,12.87630391600004],[123.95220807500004,12.876294577000067],[123.95219689600003,12.876275897000028],[123.95219050800006,12.876272784000037],[123.9521745400001,12.876272785000026],[123.95216655500008,12.876274342000045],[123.95215378100011,12.876280570000063],[123.95214420000002,12.876282127000025],[123.9521362160001,12.876282127000025],[123.95212344100003,12.876279015000023],[123.95211705300005,12.87627434500007],[123.95211385900006,12.87626967500006],[123.95210747100009,12.876252552000039],[123.95209788900002,12.876240099000029],[123.95208192000007,12.876233873000047],[123.95203082000012,12.876222979000033],[123.95201165700007,12.87620897000005],[123.95199249200004,12.876171610000029],[123.95198770100001,12.876165384000046],[123.9519765230001,12.876156044000027],[123.9519589570001,12.876145148000035],[123.9519445840001,12.876129582000033],[123.95194298700005,12.876123355000061],[123.95193979300007,12.876118685000051],[123.95193500000005,12.876078212000039],[123.95192541800009,12.876062645000047],[123.95190625500004,12.876045523000073],[123.95188868900004,12.876033070000062],[123.95186633200001,12.876019061000022],[123.95184180500007,12.876008237000065],[123.95180288100005,12.876009820000036],[123.95178990700003,12.876012983000066],[123.95178017600006,12.876017726000043],[123.9517736900001,12.876022470000066],[123.95177369100008,12.87604144200003],[123.95176882600003,12.876047767000045],[123.95176233900008,12.876052510000022],[123.95174774200007,12.876050930000076],[123.95173152400002,12.876041445000055],[123.9517266580001,12.876036702000022],[123.95172017000004,12.876022473000035],[123.95171692500003,12.87600982500004],[123.9517120590001,12.876003501000071],[123.95170395000002,12.876001921000068],[123.95168611000008,12.876001922000057],[123.95163583400006,12.876011411000036],[123.95157258600011,12.876038292000032],[123.95154177200004,12.876047780000022],[123.95149311800003,12.876058850000049],[123.95148176600003,12.876063594000072],[123.95147041300004,12.876065176000054],[123.95145906100004,12.876069920000077],[123.9514071640001,12.876077828000064],[123.95136661900005,12.876080992000027],[123.95135364500004,12.876087317000042],[123.95132283100008,12.876093643000047],[123.95130823500006,12.87609838700007],[123.95128715200008,12.87610787400007],[123.95127904300011,12.876112618000036],[123.95124498700011,12.876147402000072],[123.95119633500008,12.87618218800003],[123.95117525300009,12.87619167500003],[123.95114768200006,12.876196420000042],[123.95113633000005,12.876196420000042],[123.95112173300004,12.876193259000047],[123.95107794400008,12.876188519000038],[123.95104875200002,12.876188520000028],[123.95100658500007,12.87619326600003],[123.95097252800008,12.876199592000034],[123.95091965400002,12.876202758000034],[123.95025152300002,12.876259713000024],[123.95018178400005,12.87625339300007],[123.95013637300008,12.876243909000038],[123.95011528900011,12.876237586000059],[123.9500536590001,12.876226522000024],[123.95003095400011,12.876220199000045],[123.95002284500003,12.876220200000034],[123.94997581200005,12.876212297000052],[123.94988661100001,12.876194911000027],[123.94983795600001,12.876182265000068],[123.94980876300008,12.876169618000063],[123.94979578800007,12.876166457000068],[123.9497503770001,12.876144325000041],[123.94965793100005,12.876088994000042],[123.94962224900007,12.876063700000032],[123.94960603100003,12.876047891000042],[123.9495752150001,12.876028920000067],[123.94955737500004,12.876014692000069],[123.94954926500009,12.876003625000067],[123.9495379120001,12.875995721000038],[123.94953304600006,12.875987816000077],[123.94953142400004,12.875981492000051],[123.94953466700008,12.875975168000025],[123.94953953200002,12.875970424000059],[123.94956385700004,12.875935641000069],[123.94936469800007,12.875820950000048],[123.94935664000002,12.87583194900003],[123.94934374700006,12.875857090000068],[123.94932763000008,12.875875946000065],[123.94932118300005,12.875880660000064],[123.94931312400001,12.875882232000038],[123.94930506500009,12.875880661000053],[123.94928572300012,12.875869664000049],[123.94927444000007,12.87586023700004],[123.94926154500001,12.875855524000031],[123.94923736800001,12.875850811000078],[123.94922930900009,12.875846098000068],[123.94922608500008,12.875842956000042],[123.94922447300007,12.875828814000045],[123.94922124900006,12.875824101000035],[123.94920190700009,12.875813103000041],[123.94918828800007,12.875772828000038],[123.94918828700008,12.87575397300003],[123.94919956700005,12.875722547000066],[123.94919795500005,12.875711548000027],[123.94919311900003,12.875703692000059],[123.94918344700011,12.875691122000035],[123.94917700000008,12.875686409000025],[123.94916732800004,12.875675410000042],[123.94913670200003,12.87565655700007],[123.9491254190001,12.875647130000061],[123.94912058300008,12.875640845000021],[123.94910930000003,12.875631418000069],[123.94908028600003,12.875598423000042],[123.94906255400008,12.875574855000025],[123.94905610700005,12.875571712000067],[123.94903354000007,12.875551287000064],[123.94902064500002,12.875541860000055],[123.94900130200006,12.875521435000053],[123.94896100400001,12.875460157000077],[123.94895133200009,12.875439731000029],[123.94894166000006,12.875428733000035],[123.94893521300003,12.875425591000067],[123.94892876600011,12.875427162000051],[123.94892070700007,12.875430305000066],[123.94891587200004,12.875435020000054],[123.94888847200002,12.875447591000068],[123.9488820250001,12.875447591000068],[123.94884817600007,12.875436594000064],[123.94883205800011,12.875420883000061],[123.94881593800005,12.875397315000043],[123.94880949100002,12.875392601000044],[123.94879498400007,12.875384746000066],[123.9487756420001,12.87538160400004],[123.94874663000007,12.875373749000062],[123.94870633300002,12.875351754000064],[123.94868054400001,12.875331329000062],[123.94865475300003,12.875303047000045],[123.94864185800009,12.875292049000052],[123.94861768100009,12.875277909000033],[123.94857577300002,12.875260627000046],[123.94855643100004,12.875257486000066],[123.94853547800005,12.875251202000072],[123.94852903000003,12.875248060000047],[123.94849195800009,12.875219779000076],[123.94845488600004,12.875205640000047],[123.94842426200012,12.875207213000067],[123.94839363900007,12.875222927000038],[123.94837752100011,12.875226070000053],[123.94835818000001,12.875222929000074],[123.94834689700008,12.875219787000049],[123.94833400200002,12.875213503000055],[123.94830821300002,12.875194649000036],[123.94827920000012,12.875189937000073],[123.94822762300009,12.875185226000042],[123.94821311600003,12.875178941000058],[123.94818410300002,12.87516008800003],[123.94817443200009,12.87515537400003],[123.94816314900004,12.875147519000052],[123.94815347800011,12.875136520000069],[123.94814703100008,12.875131807000059],[123.94812285300009,12.875125523000065],[123.94811640600005,12.87512238100004],[123.94808255800001,12.875114526000061],[123.94804226300005,12.875108243000057],[123.94801325100002,12.875106674000051],[123.94799390900005,12.875101961000041],[123.94796650900003,12.875097249000021],[123.9479584500001,12.875097249000021],[123.94794394300004,12.875092536000068],[123.94793104900009,12.875090965000027],[123.94789881300005,12.875083111000038],[123.94786657700001,12.875079970000058],[123.94785207100006,12.875083113000073],[123.94784562400002,12.875086256000031],[123.94783434200008,12.87509568400003],[123.94782628400003,12.875108255000043],[123.94781983700011,12.875114540000027],[123.94781500200008,12.875116112000057],[123.94775375200004,12.875075262000053],[123.94773441000007,12.875068978000058],[123.94772957400005,12.875065836000033],[123.94771829100011,12.875056409000024],[123.94771184300009,12.875043839000057],[123.94768910300002,12.875016517000063],[123.94766978400003,12.875007101000051],[123.94762792300003,12.874969436000072],[123.94760538300011,12.874956882000049],[123.94758928300007,12.874950605000038],[123.94756674400003,12.874945898000021],[123.94755225400002,12.874938051000072],[123.9474878530001,12.87489097100007],[123.94747819300005,12.874881554000069],[123.94746853300001,12.874867430000052],[123.9474669220001,12.874861152000051],[123.94745404200012,12.874839180000038],[123.94744438100008,12.874826625000026],[123.94743472100004,12.874817209000071],[123.94738642200002,12.874792100000036],[123.94736388100011,12.874773267000023],[123.9473558310001,12.874763851000068],[123.94734134100008,12.87474344900005],[123.94733651000001,12.874729324000043],[123.94731718900005,12.874691658000074],[123.94731235800009,12.874679102000073],[123.94730269800004,12.874669686000061],[123.94727210800011,12.874655563000033],[123.94724312900007,12.874638300000072],[123.9472238080001,12.874619468000049],[123.94719965700006,12.874584941000023],[123.94718999700001,12.874575524000022],[123.94718033700008,12.874562969000067],[123.94717389700008,12.874558261000061],[123.94717067700003,12.87455198300006],[123.94715618700002,12.874537859000043],[123.94714330600004,12.87452216500003],[123.94709339600001,12.874475084000039],[123.94708051500004,12.874456251000026],[123.94705565700008,12.87442992800004],[123.94702667600006,12.874403248000021],[123.94701218600005,12.874393832000067],[123.94700413600003,12.874390694000056],[123.94698642600008,12.874376569000049],[123.94697193500008,12.874354597000035],[123.94697032500005,12.874346750000029],[123.94697032400006,12.874331055000027],[123.94697354300001,12.874310652000077],[123.94697032200008,12.87430280500007],[123.94693973100004,12.874269847000051],[123.9469365110001,12.874268278000045],[123.94692524100003,12.874252584000033],[123.94691558000011,12.87423061100003],[123.94690108900011,12.874208640000063],[123.94689625900003,12.874203931000068],[123.94687210900008,12.874188238000045],[123.94686083900001,12.874175683000033],[123.94685439800003,12.874163127000031],[123.94684312700008,12.874133308000069],[123.94683829600001,12.874111335000066],[123.94683829500002,12.874098780000054],[123.94683346500005,12.874086224000052],[123.9468286340001,12.874079947000041],[123.94681414400009,12.87407053000004],[123.94680770500008,12.874067392000029],[123.9467948250001,12.874065823000024],[123.94678677500008,12.874062684000023],[123.94677389500009,12.874046990000068],[123.94677228400008,12.874039143000061],[123.94676906400002,12.874032865000061],[123.94676745300001,12.874010893000047],[123.94677389100002,12.873973225000043],[123.94678354900009,12.873954391000041],[123.94679159800012,12.873943405000034],[123.94679320800003,12.873937127000033],[123.94679320700004,12.873929279000038],[123.94678676700005,12.873916724000026],[123.94677710700012,12.873902599000075],[123.94675939600006,12.873885336000058],[123.94674973600002,12.873880628000052],[123.94670948700002,12.873868074000029],[123.94669821800005,12.873866505000024],[123.94669660800002,12.873864936000075],[123.94668211800001,12.87386650600007],[123.9466740690001,12.87386964600006],[123.94665957900008,12.87386964600006],[123.94663060000005,12.873855523000032],[123.94661933000009,12.873844537000025],[123.94660966900005,12.873828843000069],[123.94660805800004,12.873811579000062],[123.94661127800009,12.873799023000061],[123.9466112770001,12.873786467000059],[123.94660805600006,12.873769203000052],[123.9466032250001,12.873751939000044],[123.94659195500003,12.873737815000027],[123.9465822950001,12.873729968000077],[123.9465420460001,12.873704858000053],[123.94651145600005,12.873690735000025],[123.94649374700009,12.873684458000071],[123.94646798700012,12.873678181000059],[123.94645510700002,12.873671904000048],[123.94640197900003,12.873653073000071],[123.94633114100009,12.873642090000033],[123.94631021200007,12.873642091000022],[123.94630216300004,12.873640522000073],[123.94625064500008,12.873640525000042],[123.94621361600002,12.873637388000077],[123.94620073700003,12.873634249000077],[123.94617175700012,12.873623264000059],[123.94612828800007,12.873601294000025],[123.94610413900011,12.873596587000065],[123.94608482000001,12.87359815700006],[123.94606067200004,12.873610714000051],[123.94604457300011,12.873615423000047],[123.94599949500002,12.873615425000025],[123.9459495860001,12.873601303000044],[123.94592060700006,12.873588748000032],[123.94590611700005,12.873579332000077],[123.9458884070001,12.87357148600006],[123.94588357700002,12.873566777000065],[123.94587552700011,12.873563639000054],[123.94585942700007,12.873549515000036],[123.94582606900008,12.873511235000024],[123.94581157900006,12.873497110000073],[123.94578420900007,12.873473570000044],[123.94576810900003,12.873462584000038],[123.94574074000002,12.873448460000077],[123.94571498000005,12.873424919000058],[123.94568760900006,12.873390392000033],[123.94567955800005,12.873366851000071],[123.94567955700006,12.873341739000068],[123.94568116700009,12.873333892000062],[123.94568921500002,12.873316627000065],[123.94569887400007,12.873304071000064],[123.94570370400004,12.873299362000068],[123.94571014300004,12.873296223000068],[123.94573107200006,12.873291514000073],[123.94574395100005,12.873285235000026],[123.94574878100002,12.873278957000025],[123.94575200000008,12.873271110000076],[123.94575039000006,12.873260123000023],[123.94573589900006,12.873220887000059],[123.94572945800007,12.87319420700004],[123.94572945600009,12.873165956000037],[123.94573106600001,12.873161248000031],[123.94574233500009,12.87315497000003],[123.94578902300009,12.873153398000056],[123.94580190300007,12.873156536000067],[123.94581478200007,12.873164383000073],[123.94582283200009,12.873173800000075],[123.94585020200009,12.873195771000042],[123.9458646920001,12.873202048000053],[123.94587435200003,12.873203617000058],[123.94589045100008,12.873200477000069],[123.94589850000011,12.873197338000068],[123.94591298900002,12.873184782000067],[123.94591942800002,12.873173795000071],[123.94592747700005,12.873165947000075],[123.94594518600002,12.873161238000023],[123.94595162600001,12.873164377000023],[123.94595645600009,12.873172224000029],[123.94595967700002,12.873192627000037],[123.9459580680001,12.87320832100005],[123.94594840900004,12.873222447000046],[123.94594197000004,12.873227156000041],[123.94592909100004,12.873231865000037],[123.94591943100011,12.873231865000037],[123.94590494200008,12.873228727000026],[123.94587113300008,12.873230298000067],[123.94585825400009,12.873236576000068],[123.94585664400006,12.873242854000068],[123.94585986600009,12.873274244000072],[123.94587274700007,12.873311910000041],[123.94589528800009,12.873354285000062],[123.94590816900006,12.873369979000074],[123.94591943800003,12.873376256000029],[123.94594197800006,12.87338253300004],[123.94596612700002,12.873382532000051],[123.94596773700005,12.873380962000056],[123.9459838360001,12.873377823000055],[123.94600798500005,12.873374683000065],[123.94602247400007,12.873377821000076],[123.94602730400004,12.873382529000025],[123.94603374400003,12.873393515000032],[123.94603535500005,12.873399793000033],[123.94604179500004,12.873409210000034],[123.9460450150001,12.87341705700004],[123.94604984500006,12.873423334000051],[123.94606916500004,12.873440598000059],[123.94611585500002,12.873473554000043],[123.94613034500003,12.873486110000044],[123.94615127500003,12.873498664000067],[123.94618669500005,12.873515927000028],[123.94622211400008,12.87352534200005],[123.94623177300002,12.87352534200005],[123.94623982300004,12.873528480000061],[123.94628168200006,12.873534756000026],[123.94631227100001,12.873542602000043],[123.94633964100001,12.873552018000055],[123.94636701000002,12.873558295000066],[123.94644428900006,12.873580264000054],[123.94649258800007,12.873588109000025],[123.94651834700005,12.873594386000036],[123.94655376700007,12.873608510000054],[123.94656825600009,12.873611648000065],[123.94658113600008,12.873606939000069],[123.94658918500011,12.873594383000068],[123.94658435300005,12.873558285000058],[123.94657791200007,12.873542591000046],[123.9465730820001,12.873537882000051],[123.94655698200006,12.873533175000034],[123.94655376200001,12.873526897000033],[123.94655215200009,12.873519050000027],[123.94654249100006,12.873506494000026],[123.94652156100005,12.87349393900007],[123.94650868100007,12.873489232000054],[123.94650063200004,12.873487662000059],[123.94646843300006,12.873487664000038],[123.94645072300011,12.873484526000027],[123.94644428300012,12.873482957000022],[123.94642174300009,12.873470402000066],[123.94641047300001,12.873453138000059],[123.94639598100002,12.873417041000039],[123.94638632100009,12.873402916000032],[123.94637022000006,12.873384083000076],[123.94636216900005,12.873358972000062],[123.94636377800009,12.87334013800006],[123.9463766560001,12.873305609000056],[123.94637987500005,12.873289914000054],[123.94637987400006,12.873269511000046],[123.94637826400003,12.873267942000041],[123.94637665300002,12.873260095000035],[123.94635733300004,12.873234984000021],[123.94635089300004,12.873230276000072],[123.94634123300011,12.873227137000072],[123.94632352400004,12.873225569000056],[123.94631869300008,12.873217722000049],[123.94631869200009,12.873194180000041],[123.94631708200006,12.873187902000041],[123.94630420200008,12.873172208000028],[123.94628166200005,12.873153375000072],[123.94623980200004,12.873131405000038],[123.94621082200001,12.873104725000076],[123.94618989100002,12.873074906000056],[123.94617862000007,12.873046656000042],[123.94615768900007,12.873010560000068],[123.94613675900007,12.872983880000049],[123.94610133800006,12.872943075000023],[123.94608362700001,12.87290697800006],[123.9460755770001,12.872886576000042],[123.94607074600003,12.872867743000029],[123.94607074300006,12.872817520000069],[123.94607396200001,12.872789269000066],[123.9460787910001,12.872770435000064],[123.94608200900007,12.872740616000044],[123.94609005700011,12.87270922600004],[123.94609971500006,12.872687253000038],[123.94611903300006,12.87266057100004],[123.94613352200008,12.872644876000038],[123.94613674100003,12.872638598000037],[123.94615122900007,12.872597791000032],[123.94615444700003,12.872572679000029],[123.94609487800005,12.87253815400004],[123.94596027600005,12.872681107000062],[123.94595383700005,12.872685816000057],[123.94593934800002,12.872693664000053],[123.94592807800007,12.872696803000053],[123.9459103690001,12.872698373000048],[123.94588461000001,12.872693666000032],[123.9458765600001,12.872688958000026],[123.94587012000011,12.872682680000025],[123.94587011900001,12.872668555000075],[123.94587333800007,12.872655999000074],[123.94589265500008,12.872616761000074],[123.94589909300009,12.872590080000066],[123.94589748100009,12.872544565000055],[123.94589909000001,12.872521023000047],[123.94589747900011,12.872505328000045],[123.9458894280001,12.872488064000038],[123.94588781800007,12.872480217000032],[123.94588137800008,12.872470801000077],[123.94586688800007,12.872461384000076],[123.94584595800006,12.872453538000059],[123.94583629800002,12.872445691000053],[123.94583307800008,12.872436274000052],[123.94583307700009,12.872428427000045],[123.94583790600007,12.872415871000044],[123.94585078500006,12.872397037000042],[123.94586366300007,12.872371925000039],[123.94587332200001,12.872348382000041],[123.94588942000007,12.872321701000033],[123.94589907800002,12.872301297000035],[123.94592161600008,12.872271476000037],[123.94583789400008,12.872182020000025],[123.94578959700004,12.872203995000064],[123.9457670590001,12.872211843000059],[123.94573808000007,12.87222440000005],[123.94568012500008,12.872265209000034],[123.94565597700011,12.87227933500003],[123.94565114700004,12.872279336000076],[123.94564470700004,12.872276197000076],[123.94562699700009,12.872260503000064],[123.9456205570001,12.872257364000063],[123.94560606700009,12.872257365000053],[123.94559962800008,12.872258935000048],[123.94558996900003,12.872268352000049],[123.94558192000011,12.872288755000056],[123.94558031100007,12.872299742000052],[123.94558031300005,12.872349965000069],[123.94557387500004,12.872378215000026],[123.94556421600009,12.872397049000028],[123.94554972700007,12.872403328000075],[123.9455384580001,12.87240489800007],[123.94551591800007,12.872397051000064],[123.94550303800008,12.872389205000047],[123.94547244900002,12.87237822000003],[123.94545635000009,12.87237822000003],[123.94544991000009,12.872379790000025],[123.94544347100009,12.872384499000077],[123.94543864100001,12.872390777000021],[123.94543542200006,12.872398624000027],[123.94542898400005,12.872426875000031],[123.94542093500002,12.872439431000032],[123.94540805500003,12.872447279000028],[123.94539517600003,12.872450419000074],[123.94538873600004,12.872448849000023],[123.94538229600005,12.872444141000074],[123.94537102600009,12.872430017000056],[123.94535975600002,12.872408045000043],[123.94534526400003,12.872364100000027],[123.94533882400003,12.872356253000021],[123.94533238500003,12.872359392000021],[123.94532272600009,12.872370379000074],[123.94530823700006,12.872376657000075],[123.94530179700007,12.872375088000069],[123.94528247700009,12.872364103000052],[123.94526154700009,12.87234840900004],[123.94524544800004,12.872338993000028],[123.94523417800008,12.872329577000073],[123.94522612700007,12.872317021000072],[123.94522612700007,12.872298188000059],[123.94522934600002,12.872285632000057],[123.94522934500003,12.872269937000056],[123.94522612500009,12.872257382000043],[123.94522129400002,12.872249535000037],[123.94521324400012,12.872227563000024],[123.94520841400004,12.872225993000029],[123.94519392500001,12.872229133000076],[123.94517782600008,12.872238550000077],[123.9451601180001,12.872252676000073],[123.94514079900011,12.872263663000069],[123.94513435900001,12.872266803000059],[123.9451134310001,12.872271512000054],[123.9451069910001,12.872271512000054],[123.94509250100009,12.872265235000043],[123.94507479200001,12.872251111000026],[123.94507157100008,12.872244833000025],[123.94506674100012,12.872240125000076],[123.94505869200009,12.872240125000076],[123.94504420300007,12.872246403000076],[123.94503132400007,12.872249543000066],[123.94501522400003,12.87224483500006],[123.94500234400005,12.872227572000043],[123.94498463400009,12.872210308000035],[123.94497336400002,12.872194614000023],[123.94496370400009,12.872177351000062],[123.9449572640001,12.872171073000061],[123.94492170800004,12.872119604000034],[123.94487987600007,12.872096079000073],[123.9448718320001,12.872094511000057],[123.94485413500001,12.872094512000047],[123.94482678400004,12.872097650000057],[123.94480426000007,12.872094514000025],[123.9447769090001,12.87207412600003],[123.94475921100002,12.872056874000066],[123.94475599300006,12.872050601000069],[123.94475116600006,12.872045896000031],[123.94473024900003,12.872009823000042],[123.94471094200003,12.871989434000056],[123.94470128900002,12.871976887000073],[123.9446900260001,12.871956498000031],[123.94466267400003,12.87191572100005],[123.94465945600007,12.871907879000048],[123.94464819300003,12.871895332000065],[123.94462727700011,12.871863964000056],[123.94461440500004,12.871840439000039],[123.94459992400004,12.871804366000049],[123.94459026900006,12.871774566000056],[123.9445629170001,12.871733788000029],[123.9445580900001,12.871730652000053],[123.94454843700009,12.87171810500007],[123.94453717400006,12.871699284000044],[123.94453073800003,12.871685169000045],[123.94450177700003,12.871650664000072],[123.94448890600006,12.871639686000037],[123.94447442600006,12.871634981000057],[123.94446799100001,12.871634982000046],[123.94445512000004,12.871639688000073],[123.94444385800011,12.871631846000071],[123.94444064000004,12.871625572000028],[123.94443402800005,12.87159736600006],[123.94442598300009,12.871586388000026],[123.94440024100004,12.871570704000021],[123.94439058700004,12.871559726000044],[123.94439058700004,12.871551884000041],[123.94439380400001,12.871540905000074],[123.94440345700002,12.87152678800004],[123.94440828300003,12.871523651000075],[123.94441632700011,12.871512672000051],[123.94442115300001,12.871496988000047],[123.94442115200002,12.871482872000058],[123.94441632500002,12.871465619000048],[123.94441310700006,12.871459346000051],[123.94439701800002,12.871445231000052],[123.94436323100001,12.87143739000004],[123.94435036000004,12.871431117000043],[123.94433105300004,12.871415433000038],[123.94432300800008,12.871406023000077],[123.94429404700008,12.871384066000076],[123.94428278500004,12.871373088000041],[123.94427634900001,12.871362109000074],[123.94426186800001,12.871344857000054],[123.94425543300008,12.871341720000032],[123.94424417000005,12.871332310000071],[123.94422969000004,12.871326037000074],[123.94421681900008,12.871316627000056],[123.94420877400012,12.87129780600003],[123.94422164400009,12.871277416000055],[123.94422003500006,12.871264869000072],[123.94421359900002,12.871252322000032],[123.94420072700007,12.871235070000068],[123.94418142000006,12.871222523000029],[123.9441685490001,12.871217819000037],[123.94414602500001,12.871214683000062],[123.94413958900009,12.87121154600004],[123.94412028300007,12.871206842000049],[123.9440832790001,12.87120998000006],[123.94407362600009,12.871213117000025],[123.94404788500003,12.871216255000036],[123.94404144900011,12.871214687000077],[123.94403501400006,12.871209982000039],[123.9440317960001,12.871205277000058],[123.94402535900008,12.871186456000032],[123.94401892400003,12.871180183000035],[123.94400122600007,12.871175478000055],[123.94399479100002,12.871175478000055],[123.94398192000006,12.871178616000066],[123.94395939600008,12.871180185000071],[123.94393848100003,12.871184891000041],[123.94391113100005,12.871195871000054],[123.9438853900001,12.871213125000054],[123.94386930200005,12.871228810000048],[123.94386125900007,12.871242926000036],[123.94385643300006,12.871263316000068],[123.94385482500002,12.871277431000067],[123.94384678100005,12.871297821000041],[123.94384195500004,12.871302527000068],[123.94382908400007,12.871305664000033],[123.94381460400007,12.871300959000052],[123.94380173400009,12.871302528000058],[123.94377599300003,12.871319782000057],[123.94376634000002,12.871330761000024],[123.94375347000005,12.871341741000037],[123.94373899000004,12.87134958300004],[123.94373255500011,12.871355857000026],[123.94371485800002,12.871360563000053],[123.94371003200001,12.871363700000074],[123.94369394300008,12.871363701000064],[123.94368107200012,12.871357428000067],[123.94367302800003,12.871357428000067],[123.94365854800003,12.871360565000032],[123.94361832800007,12.871377546000076],[123.94358615100009,12.871379116000071],[123.94357488900005,12.871375979000049],[123.94355719200007,12.871368138000037],[123.94355236500007,12.871363433000056],[123.94352179600003,12.871346181000035],[123.94346548600004,12.871330499000067],[123.94343491800009,12.871324227000059],[123.94340595800008,12.871325796000065],[123.94337056400002,12.871339913000043],[123.94334321400004,12.871346188000075],[123.94330138500004,12.871350895000035],[123.94328529600011,12.871350895000035],[123.94324346700012,12.871360307000032],[123.94322577000003,12.871368150000023],[123.9432193340001,12.87137285600005],[123.94319681100001,12.871391677000076],[123.9431871590001,12.871402657000033],[123.94316463500002,12.871413637000046],[123.94314532900012,12.871413637000046],[123.94313245800004,12.871405796000033],[123.94310349800003,12.871374428000024],[123.94308901700003,12.871343060000072],[123.94307936300004,12.871327377000057],[123.94306488400002,12.871322672000076],[123.94305040400002,12.871322672000076],[123.9430487950001,12.871324241000025],[123.94303914200009,12.871322673000066],[123.94303592400001,12.871317968000028],[123.94303431500009,12.871310126000026],[123.94303753200006,12.871294441000032],[123.94304879300012,12.871264641000039],[123.94306488100005,12.871247388000029],[123.94307775100003,12.871237977000021],[123.94309062200011,12.871231703000035],[123.94310349200009,12.871226997000065],[123.94310992800001,12.87123013300004],[123.94311475400002,12.871234839000067],[123.94313567100005,12.871277185000054],[123.94314693300009,12.871288164000077],[123.94316302200002,12.871296005000033],[123.94317428400007,12.871296005000033],[123.94319519900012,12.871291299000063],[123.94323059200008,12.871272476000058],[123.94326598600003,12.871256791000064],[123.9433158600001,12.871247379000067],[123.94332229500003,12.871244241000056],[123.94335125400005,12.871236398000065],[123.94339469300007,12.871236397000075],[123.94341078100001,12.871237965000034],[123.9434526120001,12.871248942000022],[123.94347996300007,12.871261488000073],[123.94350731400004,12.871280308000053],[123.94353788300009,12.871297560000073],[123.94356362500002,12.871306969000045],[123.94360545500001,12.871314810000058],[123.94361993500002,12.871314809000069],[123.94364728500011,12.871311671000058],[123.94367141700002,12.871303828000066],[123.94371485500005,12.871281869000029],[123.94372450800006,12.871274027000027],[123.94376955400003,12.871245793000071],[123.94378081600007,12.871234814000047],[123.94379046800009,12.871220698000059],[123.94381138200004,12.871179918000053],[123.94381942600012,12.87117207600005],[123.9438467760001,12.871157959000072],[123.94387090800001,12.871153253000045],[123.94389021400002,12.87115168400004],[123.94391917300004,12.871137567000062],[123.94392882600005,12.871128156000054],[123.94393204300002,12.871121882000068],[123.9439352600001,12.871109334000039],[123.94393365100007,12.871096787000056],[123.94392560600011,12.871084240000073],[123.94391917000007,12.871079535000035],[123.94389021100005,12.871068557000058],[123.94382424700007,12.871057581000059],[123.94378241700008,12.871046604000071],[123.94373897800006,12.871041900000023],[123.94371162700008,12.871037196000032],[123.94369393000011,12.871037196000032],[123.9436746240001,12.871038766000026],[123.94365370900005,12.871046608000029],[123.94363601200007,12.871060725000063],[123.94362636000005,12.871073273000036],[123.94361670800004,12.871090526000046],[123.94361188200003,12.871104641000045],[123.94359901100006,12.871120326000039],[123.94358935800005,12.87112346300006],[123.94357327000012,12.871120327000028],[123.94355557200004,12.871107780000045],[123.94354591900003,12.871096802000068],[123.94353787400007,12.871082686000022],[123.94353143800004,12.871059160000073],[123.94351856600008,12.871030929000028],[123.94350730300005,12.871010540000043],[123.94349443100009,12.870993288000022],[123.94349121300002,12.870985446000077],[123.94348156000001,12.870971331000021],[123.94345420700006,12.870919574000027],[123.94345259800002,12.870911732000025],[123.94344294400003,12.870886638000059],[123.94343007300006,12.870866249000073],[123.9434172010001,12.870830176000027],[123.9434123740001,12.870820765000076],[123.94337697700007,12.870773714000052],[123.94335606200002,12.870758031000037],[123.94333675600001,12.870753326000056],[123.94330457900003,12.870754896000051],[123.94328366400009,12.870751760000076],[123.94324022400008,12.870732941000028],[123.94323218000011,12.870731372000023],[123.94317668600002,12.870702951000055],[123.94314450900004,12.870691973000021],[123.94311072200003,12.87068726900003],[123.9431042870001,12.870688838000035],[123.94304154100007,12.870688840000071],[123.94302545300002,12.870685703000049],[123.94301097300001,12.870685704000039],[123.94299005800008,12.870682568000063],[123.94295627100007,12.870668453000064],[123.94291926700009,12.870660612000052],[123.94285973900003,12.870643362000067],[123.94282595200002,12.870629247000068],[123.94279538400008,12.870610427000031],[123.94278090400007,12.870604154000034],[123.94273102900002,12.870585334000054],[123.94271654900001,12.870580630000063],[123.94271011300009,12.870580630000063],[123.94270206900001,12.870575925000026],[123.94269724200001,12.870571220000045],[123.94268919700005,12.870553967000035],[123.94268437000005,12.870528873000069],[123.94266988900006,12.870502210000041],[123.94266506300005,12.870495937000044],[123.94265862700001,12.870491232000063],[123.94264575600005,12.870484958000077],[123.94263771200008,12.870483390000061],[123.94262323200007,12.87048339100005],[123.94259266400002,12.870486529000061],[123.94257979400004,12.870494371000063],[123.94257496700004,12.870499076000044],[123.9425637060001,12.87051789800006],[123.94254761800005,12.870533583000054],[123.94253957400008,12.870538288000034],[123.94251866000002,12.870544563000067],[123.9424929170001,12.870530448000068],[123.94248487300001,12.870524174000025],[123.94245430400008,12.870494375000021],[123.94242534400007,12.870470850000061],[123.94238029600001,12.870458304000067],[123.94237225200004,12.870459873000073],[123.94235455500007,12.870469284000023],[123.9423465110001,12.870470853000029],[123.94231916000001,12.870464580000032],[123.94229985400011,12.870455170000071],[123.94225158800009,12.870417530000054],[123.94222584500005,12.870390867000026],[123.94221780100008,12.870384594000029],[123.94220651900002,12.870378179000056],[123.94223969800009,12.870287007000059],[123.94193850000011,12.870232885000064],[123.94327863100011,12.868758556000046],[123.94711220600004,12.854529280000065],[123.94935000600003,12.846223124000062],[123.95910141800005,12.835342716000071],[123.96121441300011,12.83511272100003],[123.96603642900004,12.839364409000041],[123.96847844200011,12.842450188000043],[123.96428125200009,12.854529280000065],[123.96310601300002,12.857911501000046],[123.9637105700001,12.858884240000066],[123.96364306300006,12.859694332000061],[123.95616053300012,12.87637193200004],[123.95664951600008,12.876317000000029],[123.95664848100012,12.876352091000058],[123.9564073570001,12.876380102000041],[123.9563555200001,12.876389580000023],[123.95622106600001,12.876400644000057],[123.95620162700004,12.876400646000036],[123.9561935270001,12.876402225000049],[123.95611091100011,12.876406969000072],[123.95608823200007,12.876406970000062],[123.95604935400002,12.876410132000046],[123.9560218150001,12.876410134000025],[123.95601371600003,12.876411713000039],[123.95593433900001,12.876413298000045],[123.95590842100012,12.876416458000051],[123.95586630300011,12.876416461000076],[123.9558290440001,12.876413305000028],[123.95577558700006,12.876411730000029],[123.95566543100006,12.876394367000046],[123.95565733100011,12.876394367000046],[123.95559091400003,12.876384897000037],[123.95546941900011,12.876375430000053],[123.95541920200003,12.876375433000021],[123.95540462200006,12.876373855000054],[123.95534306500008,12.876362805000042],[123.95526368800006,12.876351756000076],[123.95525072800001,12.876347020000026],[123.95520051000005,12.876334390000068],[123.95514219100005,12.87631702300007],[123.95510979200003,12.876301233000049],[123.95507739300001,12.876288602000045],[123.95503203300007,12.876266496000028],[123.95501907300002,12.876258601000075],[123.95499801300002,12.876241232000041],[123.95497533200012,12.876212808000048],[123.95495913200011,12.876197017000038],[123.95493483100006,12.876162277000049],[123.95492673000001,12.876146486000039],[123.95491863000007,12.876135432000069],[123.95490080800005,12.876100691000033],[123.95487262900008,12.875992879000023],[123.95483698500004,12.875899710000056],[123.95482888400011,12.875883918000056],[123.95482240400008,12.87587760200006],[123.95479972300006,12.875844441000027],[123.95478028200012,12.875823913000033],[123.9547300590001,12.875737061000052],[123.95471223800007,12.875716533000059],[123.95468793700002,12.875683371000036],[123.95467983600008,12.875664422000057],[123.95467659600001,12.875650209000071],[123.95467659400003,12.875626522000061],[123.95467821300008,12.875620205000075],[123.95468469200011,12.875609150000059],[123.9546895520001,12.87560441200003],[123.95470899000009,12.875596515000041],[123.95473976900007,12.875598092000075],[123.95475434800005,12.875601249000056],[123.95476082800008,12.875604407000026],[123.95478188800007,12.875621777000049],[123.95484057100009,12.875728688000038],[123.95485839100002,12.875747637000075],[123.95487945100001,12.875757111000041],[123.95489241000007,12.875755531000038],[123.9549296670001,12.875738157000058],[123.95496692300003,12.875712887000077],[123.95497664200002,12.875703412000064],[123.95498474100009,12.875692357000048],[123.95499283900006,12.875673406000033],[123.95500093700002,12.875644980000061],[123.95500093600003,12.875630768000065],[123.9549928350001,12.875611818000039],[123.95498311500012,12.875602343000025],[123.9549604340001,12.875584974000049],[123.95494585500012,12.875578658000052],[123.95492965500011,12.875569184000028],[123.95491993500002,12.875558131000048],[123.95491345400001,12.875545498000065],[123.95491183200011,12.875509176000037],[123.95491021100008,12.875499701000024],[123.95490535100009,12.875487068000041],[123.95490049000011,12.875479173000031],[123.95488267000007,12.875458645000037],[123.95486970900004,12.875444433000041],[123.9548567490001,12.875433379000071],[123.95484378900005,12.875412851000021],[123.95483082600003,12.87537337200007],[123.95481948400004,12.875332314000048],[123.95480976300007,12.875308627000038],[123.95479194200004,12.875278624000032],[123.95478384100011,12.875259674000063],[123.95478384000012,12.875239145000023],[123.95478869800002,12.875218615000051],[123.95481137400009,12.875182292000034],[123.95482595200008,12.875164920000032],[123.95485187000008,12.875153864000026],[123.95486644900006,12.875153863000037],[123.95488264800008,12.875157021000064],[123.9548891280001,12.875161758000047],[123.95489398900008,12.875168074000044],[123.95489884900007,12.875180707000027],[123.9549004700001,12.875193341000056],[123.95490047100009,12.875209132000066],[123.95489723200001,12.875213870000039],[123.95489237200002,12.875218608000068],[123.95487455300008,12.875213872000074],[123.95486159300003,12.875212293000061],[123.95485187400004,12.875213873000064],[123.95484377500009,12.875218611000037],[123.95483243600006,12.875229666000052],[123.95483081700002,12.875243879000038],[123.95483405800007,12.875254933000065],[123.95484701900011,12.875273883000034],[123.95486321900012,12.875291252000068],[123.95486645900007,12.875297569000054],[123.95488104000003,12.875314939000077],[123.95490048000011,12.875327571000071],[123.95491343900005,12.875332308000054],[123.9549263990001,12.875343361000034],[123.95495556100002,12.875384418000067],[123.95496528100011,12.875403368000036],[123.95497176200001,12.875411263000046],[123.95498310200003,12.87542073700007],[123.95499606100009,12.875425474000053],[123.95500092100008,12.875420736000024],[123.95500739900001,12.875406523000038],[123.95500739900001,12.875398627000038],[123.9550057780001,12.875392311000041],[123.95499281800005,12.875378099000045],[123.95498147800004,12.875368624000032],[123.95497499800001,12.875357571000052],[123.95497499700002,12.875349675000052],[123.95497985500003,12.875330724000037],[123.95498471500002,12.875324407000051],[123.95498957400002,12.875321248000034],[123.95499605400005,12.875319669000021],[123.95500253300008,12.875319668000031],[123.95502035300001,12.875330721000068],[123.95502683300003,12.875332300000025],[123.95503331200007,12.875329141000066],[123.95503817200006,12.875324404000025],[123.95505274900006,12.875299136000024],[123.95505760700007,12.875277027000038],[123.95505760700007,12.875267552000025],[123.95505436500002,12.875247022000053],[123.95503654100003,12.875177540000038],[123.95503654000004,12.875163327000053],[123.95503329900009,12.87514279800007],[123.95503329700011,12.875112793000028],[123.95503653500009,12.875082789000032],[123.95504139400009,12.87507015500006],[123.95505111200009,12.875057521000031],[123.95507217000011,12.875038569000026],[123.95508512800006,12.87503225200004],[123.95510456700003,12.875025933000074],[123.95512076600005,12.875022774000058],[123.95514506500001,12.875025931000039],[123.95515802400007,12.875030667000033],[123.95517098400001,12.875040142000046],[123.9551807040001,12.875049616000069],[123.95518394500004,12.875055933000056],[123.95518394500004,12.875065408000069],[123.95518232600011,12.875070145000052],[123.95517908600004,12.875076462000038],[123.95517260700001,12.875079621000054],[123.95516288800002,12.875089097000057],[123.95514993000006,12.875109627000029],[123.95514021200006,12.875126999000031],[123.95513276500003,12.875157951000062],[123.95513276600002,12.875172164000048],[123.95513600700008,12.875184797000031],[123.95514410800001,12.875197430000071],[123.95514896800012,12.875210063000054],[123.95515706900005,12.875221117000024],[123.95517002800011,12.875229012000034],[123.9551748880001,12.875225854000064],[123.95517650700003,12.875217957000075],[123.95517488700011,12.875211641000021],[123.95517812600008,12.875205324000035],[123.95518622500003,12.875194269000076],[123.95520080300003,12.875180055000044],[123.95520728300005,12.875176896000028],[123.95521538200001,12.875176896000028],[123.95522510300009,12.875195845000064],[123.95523806200003,12.875192686000048],[123.95524454200006,12.875189527000032],[123.95524940100006,12.875173735000033],[123.95524777900005,12.875156364000077],[123.95524939800009,12.875143730000048],[123.95526073700012,12.875135834000048],[123.95526721700003,12.875134254000045],[123.95527369700005,12.875137412000072],[123.95528341600004,12.875137411000026],[123.95528989500008,12.875132673000053],[123.95529313500003,12.875126356000067],[123.95529799300004,12.875101089000054],[123.95530285200005,12.875094772000068],[123.95531743100003,12.875088454000036],[123.95532391000006,12.875083716000063],[123.95534496900007,12.87507739800003],[123.95535792700002,12.875071080000055],[123.95536926600005,12.875058446000025],[123.95537574500008,12.875045812000053],[123.95538708200002,12.875015807000068],[123.95538708100003,12.875009490000025],[123.95539517900011,12.874984222000023],[123.9554097570001,12.874965271000065],[123.95543405400008,12.874943161000033],[123.95545187200003,12.874930526000071],[123.95553448400005,12.874886303000039],[123.95554258300001,12.874873669000067],[123.95555230000002,12.874843664000025],[123.95556363900005,12.874831030000053],[123.95557659700012,12.87482155400005],[123.95558955600006,12.874815236000074],[123.95562033400006,12.874810496000066],[123.95563167300008,12.874804179000023],[123.95563815200001,12.874797862000037],[123.95564463100004,12.874786807000021],[123.95564625000009,12.874778911000021],[123.95565434800005,12.874761539000076],[123.95565434700006,12.874745748000066],[123.95564786700004,12.874733115000026],[123.95562842700008,12.87471890300003],[123.95561546700003,12.874714167000036],[123.95560736700008,12.87469995500004],[123.95560574600006,12.874687321000067],[123.95560736500011,12.874681004000024],[123.95563004300004,12.874663632000022],[123.95563328200001,12.874657315000036],[123.95564624000008,12.874641522000047],[123.95564624000008,12.874635205000061],[123.95551824600011,12.874522213000034],[123.95549589600012,12.874522302000059],[123.9554815250001,12.874517633000039],[123.95546715300009,12.874517634000028],[123.95544000700011,12.874525419000065],[123.95541925000009,12.874540987000046],[123.95540807300006,12.874553442000035],[123.9553921050001,12.874567453000054],[123.95538252500012,12.874576794000063],[123.95536975100003,12.874593918000073],[123.95534100900011,12.874607931000071],[123.95533302600006,12.874614158000043],[123.95531546100005,12.874621943000022],[123.95527394300007,12.874621946000048],[123.95525478100001,12.874615720000065],[123.95523082800003,12.874615722000044],[123.95520687600003,12.874621950000062],[123.95514460000004,12.874631295000029],[123.95508570800007,12.874632632000043],[123.95504898100012,12.874641975000031],[123.95502662700005,12.874654430000021],[123.95501704600008,12.874662214000068],[123.9550042730001,12.874682452000059],[123.95498990200008,12.874701134000077],[123.95497872600004,12.874719815000049],[123.95496595200007,12.874735383000029],[123.95494838600007,12.874730714000066],[123.95492922400001,12.874718262000044],[123.9549036730001,12.874705810000023],[123.95489089800003,12.874705811000069],[123.95486535000009,12.87471670900004],[123.95484778600007,12.874732278000067],[123.95483181900011,12.874752516000058],[123.95482064200007,12.87477119700003],[123.95480627100005,12.87478365100003],[123.9547903030001,12.874792993000028],[123.95478551300005,12.874797663000038],[123.95474878700009,12.874817903000064],[123.95472962600002,12.874831914000026],[123.95471046500006,12.874841256000025],[123.95469449700011,12.874845927000024],[123.95468970600007,12.874849041000061],[123.95466894800006,12.874853712000061],[123.95465457700004,12.874859940000022],[123.95464180300007,12.874869281000031],[123.9546322220001,12.87487862200004],[123.95462423900005,12.87489107600004],[123.95462104600006,12.874898859000041],[123.95461625600001,12.874905086000069],[123.95460987000001,12.874923767000041],[123.95460028900004,12.87493777800006],[123.95459549900011,12.874942449000059],[123.95457633800004,12.87495023300005],[123.95456995100005,12.874954904000049],[123.95456516100012,12.874961131000077],[123.95455238600005,12.87497047200003],[123.95454121000012,12.874984483000048],[123.95453642000007,12.87499538000003],[123.95453003300008,12.875001607000058],[123.9545172600001,12.875026515000059],[123.95449809900003,12.875046754000039],[123.95447095400004,12.875070106000067],[123.95443901900001,12.875093458000038],[123.95434161600008,12.875155732000053],[123.95430489100011,12.875189982000052],[123.95428892300004,12.875197767000031],[123.95427135800003,12.87520399400006],[123.95424421200005,12.875205553000058],[123.95419151700003,12.875219567000045],[123.95415798400006,12.875236692000044],[123.95415319400001,12.875241363000043],[123.95414042000004,12.875247590000072],[123.95412604800003,12.875250705000042],[123.95411167700001,12.875250706000031],[123.95408452900006,12.875235140000029],[123.95406377000006,12.875225801000056],[123.95402704200001,12.875218020000034],[123.95402065400003,12.875218021000023],[123.95401586300011,12.87521335100007],[123.95398530500006,12.875211796000031],[123.95397732100002,12.875205570000048],[123.95396294800003,12.875191561000065],[123.9539581570001,12.875175994000074],[123.95395336600006,12.875171324000064],[123.95395017200008,12.875161984000044],[123.95393579800009,12.875137078000023],[123.95392142600008,12.875126182000031],[123.95389587600005,12.875119957000038],[123.95387511600006,12.875107505000074],[123.95387511600006,12.875101278000045],[123.95387830900006,12.875088824000045],[123.95389747000002,12.875076369000055],[123.95390226000006,12.875070142000027],[123.95390385700011,12.875063915000055],[123.95390225900007,12.875046792000035],[123.95389108000006,12.875034339000024],[123.95388628900002,12.875032783000051],[123.95385754600011,12.87503278500003],[123.9538431740001,12.875029672000039],[123.95383678600001,12.875020332000076],[123.95383359200002,12.875010992000057],[123.95383359100003,12.874996982000027],[123.95383678400003,12.874989198000037],[123.95383838000009,12.874976745000026],[123.95383678200005,12.874961178000035],[123.95383039500007,12.874956508000025],[123.95382241000004,12.874953395000034],[123.95381602300006,12.874953396000024],[123.95380963600007,12.874956509000071],[123.95377450800004,12.874998542000071],[123.95375854200006,12.875031234000062],[123.95374896100009,12.875042132000033],[123.95372980000002,12.875054586000033],[123.95372980100001,12.875060813000061],[123.95375056000012,12.875068595000073],[123.95377131900011,12.875071707000075],[123.95379048200004,12.875079490000076],[123.95382721100009,12.875100091000036],[123.95383838900011,12.875109430000066],[123.95384318000004,12.875120327000047],[123.95384637600012,12.875145234000058],[123.95383360300002,12.87517792500006],[123.95383041000002,12.87519037900006],[123.95383041100001,12.87519816300005],[123.95383520300004,12.875224626000033],[123.95384159200012,12.875243306000073],[123.95385596500012,12.875268212000037],[123.95386395000003,12.875288449000038],[123.95388151700001,12.87531335500006],[123.9538847120001,12.875321138000061],[123.95388471300009,12.875335149000023],[123.95387992400003,12.875372510000034],[123.95387513500009,12.875386520000063],[123.9538687480001,12.875394304000054],[123.95386555400012,12.875395861000072],[123.9538511830001,12.875397419000024],[123.95382723000012,12.87539275000006],[123.95381924600008,12.875392751000049],[123.95380647100001,12.875397421000059],[123.95379689100002,12.875411432000021],[123.95379050600002,12.875441010000031],[123.95378571600008,12.875448794000022],[123.95377453800006,12.87545502100005],[123.95374419800009,12.875459693000039],[123.95373142400001,12.875467477000029],[123.95372503700003,12.875473705000047],[123.95372024700009,12.875484602000029],[123.95371705500008,12.875497056000029],[123.95371386200009,12.875518849000059],[123.95371386300008,12.875525076000031],[123.95372823600007,12.875542199000051],[123.95372823600007,12.875556209000024],[123.95372185000008,12.875573333000034],[123.95371067300005,12.875585788000024],[123.95368193100012,12.875601356000061],[123.95367714100007,12.87560602700006],[123.95366915700004,12.87561848100006],[123.95365478800011,12.875649616000032],[123.95364201400002,12.875666740000042],[123.95362125700001,12.875699432000033],[123.95360529000004,12.875715000000071],[123.95359251500008,12.87571967100007],[123.95356376900008,12.875752764000026],[123.9535541890001,12.875773002000074],[123.95355099700009,12.875785456000074],[123.95355099700009,12.875793240000064],[123.9535589840001,12.875836827000057],[123.95355739200011,12.875917775000062],[123.95355100600011,12.875936456000034],[123.95354302300007,12.875950467000052],[123.9535302490001,12.875967592000052],[123.95352066800001,12.875975376000042],[123.95350310400011,12.875997171000051],[123.95349192700007,12.876014295000061],[123.95347116800008,12.87602363600007],[123.95345520000001,12.87602675100004],[123.95343603800006,12.876037649000068],[123.95341847400005,12.87606411400003],[123.95340250700008,12.876079682000068],[123.95339452300004,12.876090579000049],[123.95339133000004,12.876103033000049],[123.95339133100003,12.876109260000021],[123.95338813700005,12.876117044000068],[123.95338015400011,12.876126384000031],[123.95336737900004,12.876132612000049],[123.95334981400003,12.876137283000048],[123.95333544200003,12.876137284000038],[123.95332107100012,12.876141955000037],[123.95330829700004,12.876151296000046],[123.95328913600008,12.876176204000046],[123.95327795900005,12.876187102000074],[123.95324602300002,12.876210454000045],[123.95323963600003,12.876216681000074],[123.95322845800001,12.876222909000035],[123.95320290900008,12.876232251000033],[123.95319173200005,12.876238478000062],[123.95318374700003,12.876240035000023],[123.95317895700009,12.876244706000023],[123.95317257000011,12.876247819000071],[123.95316139300007,12.876258717000042],[123.95314702100006,12.876268058000051],[123.95313584400003,12.87627739900006],[123.95311189300003,12.876306978000059],[123.95309113500002,12.876325659000031],[123.95305440900006,12.876345898000068],[123.9530416340001,12.876350569000067],[123.95299532600006,12.876353685000026],[123.95297616300002,12.876347460000034],[123.95295859800001,12.876347461000023],[123.95294582300005,12.87635524500007],[123.95292985600008,12.876375483000061],[123.95291708200011,12.876386381000032],[123.95285480700011,12.876419075000058]]]},"properties":{"objectid":7714,"gthcode":"8010562100050000","globalid":"{7318B80C-D271-4593-9404-1A4F3A83FB04}","st_area(shape)":0.00061110521314857249,"reg_name":"Region V (Bicol Region)","prov_name":"Sorsogon","city_name":"Juban","brgy_name":"Biriran","reg_code":"050000000","prov_code":"056200000","city_code":"056210000","brgy_code":"056210005","psgc_10d":"0506210005","geographic_level":"Bgy","old_names":"","class":"Municipality","income_class":"","urban_rural2015":"R","bgypop2015":2091,"bgypop2020":2257,"bgyarea_sqkm":7.3384308000000003,"gida":"Yes","gida_yr":"2023","st_perimeter(shape)":0.1204146462743446,"created_user":null,"created_date":null,"last_edited_user":"ADMIN2","last_edited_date":1748789465000}},{"type":"Feature","id":7582,"geometry":{"type":"MultiPolygon","coordinates":[[[[123.97706942200011,12.880446678000055],[123.97705333300007,12.880448247000061],[123.9770115020001,12.880462365000028],[123.9769591700001,12.880468796000059],[123.97694550600011,12.880479158000071],[123.97693032300003,12.880495441000051],[123.97691817700002,12.880522084000063],[123.97691514100006,12.880535406000035],[123.97691514200005,12.880545767000058],[123.97692273500002,12.880567969000026],[123.97692577200007,12.880582770000046],[123.97694095700001,12.880615333000037],[123.97694399500006,12.88062717400004],[123.97694399600005,12.880649376000065],[123.97693336900011,12.880677500000047],[123.9769272960001,12.880689342000039],[123.97691818600003,12.880698223000024],[123.97687719100009,12.880727828000033],[123.97685745400008,12.880748551000067],[123.97677866100003,12.880812202000072],[123.9764321130001,12.880965842000023],[123.97638332000008,12.880980114000067],[123.97630199700006,12.880992801000048],[123.97626458800005,12.880991218000077],[123.97622880600011,12.880986462000067],[123.97620928800006,12.880983292000053],[123.97616862600012,12.880972195000027],[123.97614097600001,12.880959512000061],[123.97612959000003,12.880951585000048],[123.97612796300007,12.880945243000042],[123.97612958900004,12.880926217000024],[123.97613446700007,12.880902433000074],[123.97614747800003,12.88088182100006],[123.97616536800001,12.880867550000062],[123.97621904000005,12.880842179000069],[123.97622879900007,12.880835837000063],[123.97625807500003,12.880824737000069],[123.97629060300005,12.880807294000022],[123.97631337300004,12.880797780000023],[123.9763215050001,12.880791438000074],[123.9763491540001,12.880777167000076],[123.97637192400009,12.880759725000075],[123.97637517700002,12.880753382000023],[123.97637355000006,12.880743869000071],[123.97636216400008,12.880729600000052],[123.97634915200001,12.88071691600004],[123.97633126000005,12.880705818000024],[123.97631499500005,12.880693135000058],[123.9762971020001,12.880667767000034],[123.97629059500002,12.88064081300007],[123.97628896800006,12.880620201000056],[123.97628571400003,12.880607517000044],[123.97628083400002,12.880591662000029],[123.97626782100008,12.880561538000052],[123.9762613150001,12.880552025000043],[123.97625155500009,12.880531413000028],[123.97623203700005,12.880506045000061],[123.97621251800001,12.880483849000029],[123.97621089100005,12.88047909200003],[123.97618602400007,12.880440590000035],[123.97617789100002,12.880435834000025],[123.97616487900007,12.880431078000072],[123.97614698700011,12.880431079000061],[123.97613234900007,12.880432665000058],[123.97612096400007,12.880437422000057],[123.97611120500005,12.880439008000053],[123.97606891700002,12.880451694000044],[123.97605590500007,12.88045328000004],[123.97603964000007,12.880450109000037],[123.97601849600005,12.880440597000074],[123.97601036300011,12.880432670000062],[123.97599897700002,12.880421571000056],[123.97596807200011,12.880380348000074],[123.97595180600001,12.880362908000052],[123.97594042000003,12.880353395000043],[123.97590626300007,12.880332785000064],[123.97590138400005,12.880328028000065],[123.97584933500002,12.880294734000074],[123.97583144400005,12.880289978000064],[123.97582493800007,12.880286807000061],[123.97578915500003,12.880278881000038],[123.97576638400005,12.880270954000025],[123.9757533720001,12.880269369000075],[123.97572734800008,12.880269370000065],[123.97571108400007,12.880270956000061],[123.97568018100003,12.88027095800004],[123.97565741000005,12.88026620200003],[123.9756443980001,12.880261446000077],[123.97561837400008,12.880244006000055],[123.97560861500006,12.880232908000039],[123.97559234900007,12.880218639000077],[123.97558421700012,12.880207540000072],[123.97557283100002,12.880196442000056],[123.97555656600002,12.880186929000047],[123.97554030100002,12.880183759000033],[123.97549963900008,12.880183760000023],[123.97548500100004,12.880185347000065],[123.97547686900009,12.880188518000068],[123.97545897800001,12.880188519000058],[123.97541994300002,12.880182178000041],[123.9753727750001,12.88018059500007],[123.97534349900002,12.88017583900006],[123.97533374000011,12.880172668000057],[123.97531910100008,12.88016632700004],[123.97530771600009,12.880158400000028],[123.97530283600008,12.880152058000021],[123.97530120900001,12.880144130000076],[123.97530120800002,12.88010607700005],[123.97529632800001,12.880093393000038],[123.97527681000008,12.880082295000022],[123.97526054500008,12.880080710000072],[123.97524753300002,12.880077540000059],[123.97524102700004,12.88007278300006],[123.97523126800002,12.880060100000037],[123.97522476200004,12.880047416000025],[123.97521988100004,12.880026804000067],[123.97521987900006,12.879974481000033],[123.97521662600002,12.879960212000071],[123.97520686600001,12.879939600000057],[123.97519222700009,12.879923745000042],[123.97517921500003,12.879914233000022],[123.97515969700009,12.879907891000073],[123.97512228900007,12.879901551000046],[123.97510277100002,12.879892038000037],[123.97508650600003,12.879880940000021],[123.97504584300009,12.879844474000038],[123.97503283100002,12.879834962000075],[123.97502144500004,12.879822278000063],[123.97499867300007,12.879793739000036],[123.97497427500002,12.879752516000053],[123.9749710210001,12.879735076000031],[123.9749710210001,12.879719220000027],[123.97496776600008,12.879690681000056],[123.97496451300003,12.87968433900005],[123.97496288600007,12.879671654000049],[123.97497460000011,12.879607973000077],[123.97497459800002,12.879555650000043],[123.97496971700002,12.879536623000035],[123.97496158400008,12.879516012000067],[123.97495345000004,12.879489058000047],[123.97494856900005,12.879451005000021],[123.97493718200008,12.87940026800004],[123.9749257950001,12.879374900000073],[123.97492091600009,12.879368558000067],[123.97491278300004,12.879362216000061],[123.97489814500011,12.879355874000055],[123.97488513300004,12.879354289000048],[123.97485585700008,12.879360632000044],[123.97484284400002,12.879352705000031],[123.97483633800005,12.879343192000022],[123.97483308500011,12.879335264000076],[123.97483145700005,12.879311481000059],[123.97482983100008,12.879303554000046],[123.97482657800003,12.879300383000043],[123.97481519300004,12.879308311000045],[123.97480055500012,12.879325752000057],[123.97476965400006,12.879354293000063],[123.97475013600001,12.879362222000054],[123.97472899200011,12.879359051000051],[123.97472411300009,12.879352709000045],[123.97472248600002,12.879346367000039],[123.97472736500004,12.879333683000027],[123.97473224400005,12.879327340000032],[123.97475013400003,12.879311484000027],[123.97475176000012,12.879305142000021],[123.97475175900001,12.879281359000061],[123.97475338600009,12.879275017000055],[123.97476314300002,12.879255990000047],[123.97478916600005,12.879224278000038],[123.97479079200002,12.879217936000032],[123.9747875380001,12.879205252000077],[123.97476314000005,12.879173542000046],[123.97475175400007,12.879146588000026],[123.97475175200009,12.879118048000066],[123.9747566310001,12.879105364000054],[123.97476151000001,12.879083166000044],[123.97476150900002,12.879067311000028],[123.9747582550001,12.879046699000071],[123.97473873600006,12.879007061000038],[123.97473385600006,12.87898645000007],[123.97473548000005,12.878937298000039],[123.97472897300008,12.878908758000023],[123.97473059900005,12.878892903000065],[123.97473547800007,12.878884975000062],[123.97473873100012,12.878880218000063],[123.97474686300006,12.878875462000053],[123.97475174200008,12.878869119000058],[123.97475824800006,12.878864362000058],[123.97476638000012,12.878851678000046],[123.97476963200006,12.878827895000029],[123.97476149800002,12.878802526000072],[123.97475011200004,12.878781915000047],[123.97474035300002,12.878759718000026],[123.97473547300001,12.878751790000024],[123.97472408700003,12.878739106000069],[123.97471270200003,12.87872959300006],[123.97469806300012,12.878723252000043],[123.97468179900011,12.87872008100004],[123.97463625800003,12.878720083000076],[123.97462975200006,12.878718498000069],[123.97460860700005,12.878705814000057],[123.97459396900001,12.878691545000038],[123.97459071600008,12.878685203000032],[123.97459884700004,12.878655078000065],[123.97460860500007,12.878634465000061],[123.97461998900008,12.878613853000047],[123.97462974700011,12.878602754000042],[123.97464275900006,12.87859482600004],[123.97465577000003,12.878591654000047],[123.97468667300006,12.878591653000058],[123.97471594900003,12.878594823000071],[123.97473709300004,12.878591651000022],[123.97474685100008,12.878580552000074],[123.97475173000009,12.878561525000066],[123.97474847700005,12.878547255000058],[123.97474359700004,12.878539328000045],[123.97473058500009,12.878525058000037],[123.97471757300002,12.878518717000077],[123.97471106700004,12.878518717000077],[123.97469968200005,12.878513961000067],[123.97466715200005,12.87851237700005],[123.97465739300003,12.878506035000044],[123.97463950100007,12.878469443000029],[123.97463299500009,12.878445660000068],[123.97462486100005,12.87842663400005],[123.97461998100005,12.878406022000036],[123.97461672800011,12.878401266000026],[123.97461672800011,12.878394924000077],[123.97461184700012,12.878371141000059],[123.97461184700012,12.878358456000058],[123.97460534000004,12.87833943000004],[123.97459395400006,12.878321990000074],[123.97458582100012,12.87830137800006],[123.9745809420001,12.878295036000054],[123.97456955600001,12.878285523000045],[123.97455329100001,12.878261741000074],[123.97454841100011,12.878245885000069],[123.97454841000001,12.878230030000054],[123.97455328900003,12.878215760000046],[123.97455654100008,12.878211003000047],[123.97456304700006,12.878206246000047],[123.97458419000009,12.878196732000049],[123.97459232200003,12.87818721900004],[123.97459557500008,12.878180877000034],[123.97459720100005,12.878172949000032],[123.97459720000006,12.878138067000066],[123.97460045200012,12.878123797000057],[123.97460370500005,12.878117455000051],[123.97461346300008,12.878109527000049],[123.97462159500003,12.878106355000057],[123.97467689500002,12.878107939000074],[123.97470291800005,12.878104767000025],[123.97470942300004,12.878101595000032],[123.97473056600006,12.878084154000021],[123.97474032500008,12.878073055000073],[123.97474845600004,12.878058785000064],[123.97475496100003,12.878033416000051],[123.97475821300009,12.878009632000044],[123.97475983900006,12.877993777000029],[123.97475495800006,12.877962066000066],[123.97474194500012,12.877931942000032],[123.97470941500001,12.877892305000046],[123.97469640300005,12.877884377000044],[123.97468989700008,12.877882792000037],[123.97467200500012,12.877866937000022],[123.97466875200007,12.877860595000072],[123.97466549800004,12.877817786000037],[123.97466712400001,12.877809858000035],[123.97467525500008,12.877792417000023],[123.97468663900008,12.877749607000055],[123.97469151700011,12.877717896000036],[123.97469151600001,12.877695699000071],[123.97469921300001,12.877661186000068],[123.97470897000005,12.877631061000045],[123.97472198100002,12.877604106000035],[123.97473173900005,12.877588250000031],[123.9747349910001,12.877572395000072],[123.97473499000012,12.877556539000068],[123.97473173700007,12.877543855000056],[123.97472197800005,12.87753275700004],[123.97470734000001,12.877523244000031],[123.97468782200008,12.877516903000071],[123.97467318400004,12.877507390000062],[123.97465529200008,12.877491535000047],[123.97464553300006,12.877470924000022],[123.9746439060001,12.877455068000074],[123.97465203600007,12.877404331000037],[123.97466179300011,12.877377376000027],[123.97466667200001,12.877352008000059],[123.9746796820001,12.877318711000044],[123.9746910660001,12.877299684000036],[123.97470407700007,12.877285414000028],[123.9747252200001,12.87727114300003],[123.97474473700004,12.877263215000028],[123.97478702500007,12.877261627000053],[123.97481792700012,12.877269554000065],[123.97483744500005,12.877277481000021],[123.97486346800008,12.877283822000038],[123.97486834800009,12.877286993000041],[123.97487485300007,12.877288578000048],[123.97490738300007,12.877307603000077],[123.97493666000003,12.877329800000041],[123.97494804600001,12.87734406900006],[123.97495943100012,12.877353582000069],[123.97498545500002,12.87738212000005],[123.97499846800008,12.877399561000061],[123.97501310600001,12.87740907400007],[123.97502123800007,12.877412244000027],[123.97502937100012,12.877412244000027],[123.97505051400003,12.877405901000031],[123.9750749100001,12.877383703000021],[123.97507978900001,12.877377360000025],[123.97508304100006,12.87736467600007],[123.97508304100006,12.877358334000064],[123.9750814140001,12.877351992000058],[123.97507978600004,12.877320281000038],[123.97508303900008,12.877307596000037],[123.9750879180001,12.877301254000031],[123.97510092900006,12.877296497000032],[123.97512207300008,12.877301253000041],[123.97513345800007,12.877309180000054],[123.97514484400006,12.877325035000069],[123.97514972400006,12.877334548000022],[123.97515785700011,12.877342475000034],[123.97517086900007,12.877361501000053],[123.97518876100003,12.877382113000067],[123.97519689300009,12.877388454000027],[123.97520990500004,12.877396382000029],[123.97522129000004,12.877399552000043],[123.97525219300007,12.877397965000057],[123.97528146900004,12.877394793000065],[123.97529122700007,12.877391622000061],[123.97529610700008,12.877391622000061],[123.97530261200006,12.877388450000069],[123.97531074400001,12.877380522000067],[123.97531562300003,12.877372594000065],[123.97531562300003,12.877363081000055],[123.97531236900011,12.877345640000044],[123.97531236800012,12.877326614000026],[123.97531724700002,12.877312344000075],[123.97531887200012,12.877294903000063],[123.97531399200011,12.877275877000045],[123.97531399200011,12.87726953400005],[123.97531073900007,12.877261607000037],[123.97529447300008,12.877234653000073],[123.97528471400005,12.877223555000057],[123.97527820800008,12.877210871000045],[123.97527495300005,12.877179160000026],[123.97527495200006,12.877156963000061],[123.97527169900002,12.877144279000049],[123.97526356600008,12.877133180000044],[123.97524404800004,12.877118911000025],[123.97523103700007,12.877115741000068],[123.97522453100009,12.877115741000068],[123.97520664000001,12.877126840000074],[123.97520013500002,12.87712842600007],[123.97519362900005,12.877126841000063],[123.97517573700009,12.877112572000044],[123.97514971400005,12.877096718000075],[123.97513995500003,12.87708561900007],[123.97513344800007,12.877071350000051],[123.97513344800007,12.877065008000045],[123.9751432060001,12.877049152000041],[123.97516760200006,12.877033295000047],[123.97517898700005,12.877028538000047],[123.97518711900011,12.877026953000041],[123.97521802100005,12.877030122000065],[123.97523428600005,12.877030122000065],[123.97524567100004,12.877030121000075],[123.97525868200012,12.877026950000072],[123.97527332000004,12.877017436000074],[123.97527982500003,12.877009508000071],[123.97528145100011,12.876996824000059],[123.97526681200009,12.876977798000041],[123.97523103000003,12.876955602000066],[123.97522452400005,12.87695401600007],[123.97520663300008,12.876944504000051],[123.97519199500005,12.876939748000041],[123.97518711500004,12.876936577000038],[123.97517898300009,12.876934992000031],[123.97514482700001,12.876917552000066],[123.97512856200001,12.876915967000059],[123.97509766000007,12.876906455000039],[123.97508952700002,12.87690169900003],[123.97508139500007,12.876893772000074],[123.97508302100005,12.876879502000065],[123.97509115200012,12.876865232000057],[123.97510091000004,12.876854133000052],[123.97510416300008,12.876847790000056],[123.97510578900005,12.876843034000046],[123.97510578900005,12.876833521000037],[123.97510416200009,12.876828764000038],[123.97509928300008,12.876822422000032],[123.9750765120001,12.876801811000064],[123.97502934400006,12.876784372000031],[123.97501633200011,12.876776445000075],[123.97501145300009,12.876771689000066],[123.97500006700011,12.876751077000051],[123.97499844000004,12.87673363600004],[123.97500494500002,12.876711438000029],[123.97502283400001,12.876689240000076],[123.97502608700006,12.876674970000067],[123.9750244600001,12.876670214000058],[123.97502120700005,12.876662286000055],[123.97501632700005,12.876655944000049],[123.97498054500011,12.876638505000074],[123.97497403900002,12.876633748000074],[123.97496265300003,12.876616308000052],[123.97495614700006,12.876595696000038],[123.97494801400001,12.876579841000023],[123.97493337500009,12.876560815000062],[123.97492036300002,12.876551303000042],[123.97491385800004,12.876551303000042],[123.97489434100009,12.876556060000041],[123.97488132900003,12.87656557400004],[123.97486181300008,12.876575088000038],[123.9748553070001,12.876576674000034],[123.97484066900006,12.876576674000034],[123.97483253700011,12.876573504000021],[123.97480550500006,12.876579365000055],[123.97478961900003,12.876579366000044],[123.97478326500004,12.876577818000044],[123.97475784800008,12.876565430000028],[123.97474831600005,12.876556139000058],[123.97473560800006,12.876548396000032],[123.97467365300008,12.876525170000036],[123.97466888800011,12.876522073000046],[123.97464982500003,12.876517428000056],[123.97462917400003,12.876515880000056],[123.97461487700002,12.876518978000036],[123.97460852300003,12.876522075000025],[123.97459740400006,12.876542207000057],[123.97457993000012,12.876556145000052],[123.97457357600001,12.876559243000031],[123.97456722200002,12.876560792000078],[123.97455927900012,12.876559243000031],[123.97454657000003,12.876546855000072],[123.97454339300009,12.876539112000046],[123.9745370390001,12.876532918000066],[123.97452591900003,12.87652672400003],[123.97451797600002,12.876526725000076],[123.97451162200002,12.876529822000066],[123.97449732500002,12.876543760000061],[123.9744893830001,12.876554600000077],[123.97447667500012,12.876563893000025],[123.97446396700002,12.876570087000061],[123.97445602400012,12.876570088000051],[123.97444331600002,12.876562345000025],[123.97443855000006,12.876556151000045],[123.9744337840001,12.87654221400004],[123.97442107500001,12.87653602000006],[123.97441154400008,12.87653602000006],[123.97439407000002,12.876549958000055],[123.9743718310001,12.876546862000055],[123.97436547600012,12.876543765000065],[123.97436071100003,12.876539120000075],[123.9743575330001,12.876531377000049],[123.9743575330001,12.876518988000043],[123.97435912100002,12.876512793000074],[123.9743702400001,12.876492661000043],[123.97437500500007,12.876488015000064],[123.97438294800008,12.876475626000058],[123.97438453600012,12.876469432000022],[123.97438453600012,12.876463237000053],[123.97438135900006,12.876458592000063],[123.97436706100007,12.876452398000026],[123.97435276500005,12.876452398000026],[123.97434641000007,12.876453947000073],[123.97432734800009,12.876464788000021],[123.97431622900001,12.876474080000037],[123.97430669800008,12.876484921000042],[123.97429716800002,12.876503504000027],[123.97428604800007,12.876520539000069],[123.97426698700008,12.876543769000023],[123.97425110200004,12.876556158000028],[123.97423274900007,12.87657938600006],[123.9742136860001,12.876590227000065],[123.97419780100006,12.876594873000045],[123.9741723840001,12.876591777000044],[123.97415808700009,12.876591778000034],[123.9741374350001,12.876587133000044],[123.97412155000006,12.876580939000064],[123.9741024870001,12.876568551000048],[123.97408977800001,12.876568551000048],[123.97407548100011,12.876574746000074],[123.97406912700001,12.876579392000053],[123.97404688900008,12.876616560000059],[123.97404212300012,12.876622754000039],[123.97403576900001,12.876625852000075],[123.9740135290001,12.876627401000064],[123.97398652300001,12.876613465000048],[123.9739785810001,12.876616562000038],[123.9739722270001,12.876621208000074],[123.97395475300004,12.876642889000038],[123.97394522200011,12.876652181000054],[123.97393886800012,12.876656827000033],[123.97392774900004,12.876658376000023],[123.97392139400006,12.876653731000033],[123.97391345100004,12.876642891000074],[123.97390709600006,12.876628954000068],[123.97389121000003,12.876616566000052],[123.97388326800001,12.876616566000052],[123.97387214800005,12.876625858000068],[123.97384990900002,12.876650636000022],[123.97382608200007,12.876666123000064],[123.97381813900006,12.876666123000064],[123.97378160200003,12.876658382000073],[123.97377524800004,12.876658382000073],[123.97375459600005,12.876647543000047],[123.9737434760001,12.876630508000062],[123.97374029800005,12.876616571000056],[123.97373553200009,12.876611926000066],[123.97372282400011,12.87660418300004],[123.9737085270001,12.87659953800005],[123.97370217300011,12.87659953800005],[123.97364975000005,12.876587151000024],[123.97363386500001,12.87658715200007],[123.97362751000003,12.876585603000024],[123.9736116250001,12.87658715200007],[123.97357667800009,12.876601091000055],[123.97355761500012,12.876613481000049],[123.97354967300009,12.87661502900005],[123.97354490700002,12.876619675000029],[123.97353219900003,12.876625870000055],[123.97351790200003,12.876624322000055],[123.97345846000007,12.876593350000064],[123.97344733900002,12.876585608000028],[123.97343621900006,12.876560831000063],[123.9734314530001,12.876554636000037],[123.97342033200005,12.876545345000068],[123.97340444700001,12.876545346000057],[123.97339173800003,12.876539152000078],[123.97337744100003,12.876528312000062],[123.97336473200005,12.876522118000025],[123.97335043500004,12.876522119000072],[123.97333772700006,12.876525216000061],[123.97331548700004,12.876540703000046],[123.9733059560001,12.876551544000051],[123.97330277900005,12.876557738000031],[123.9732853050001,12.876570128000026],[123.97326624300001,12.876577871000052],[123.97321699800011,12.876584068000057],[123.97320428900002,12.876584068000057],[123.97318363800002,12.876579423000067],[123.97315345600009,12.876585618000036],[123.97313598200003,12.876593362000051],[123.9731264510001,12.876604203000056],[123.97312168600001,12.876622786000041],[123.97312009800009,12.876659952000068],[123.97312010000007,12.876706410000054],[123.9731216890001,12.876714153000023],[123.9731153350001,12.876740479000034],[123.9731089820001,12.87675286800004],[123.97310421600002,12.876757514000076],[123.97307880000005,12.876773001000061],[123.97306609100008,12.87677455000005],[123.97305338300009,12.87677145300006],[123.9730470290001,12.87676680800007],[123.97304226300002,12.876760614000034],[123.97303590800004,12.876743579000049],[123.97302161000005,12.876724997000053],[123.97301207900011,12.876717254000027],[123.97300572400002,12.876714157000038],[123.97299937000003,12.876714157000038],[123.97299301600003,12.876715706000027],[123.97298189700007,12.876723449000053],[123.97297395400005,12.876723450000043],[123.97296759900007,12.876720353000053],[123.97295489100009,12.876707964000047],[123.97294377000003,12.876690930000052],[123.97292470800005,12.876684736000072],[123.97291199900008,12.876686285000062],[123.97290564500008,12.876689383000041],[123.97288181700003,12.876707967000073],[123.97286275500005,12.876715710000042],[123.97285640100006,12.876714162000042],[123.97284051500003,12.876714162000042],[123.97282145300005,12.876709517000052],[123.97281509900006,12.876711066000041],[123.97279921300003,12.876711067000031],[123.9727690310001,12.87670951900003],[123.97274679100008,12.876712617000067],[123.97271502100011,12.876725007000061],[123.97270231200002,12.876728104000051],[123.97268960400004,12.876735848000067],[123.97268325100003,12.876746688000026],[123.97267530900001,12.876785403000042],[123.97266895500002,12.876797792000048],[123.97265942400008,12.876810181000053],[123.9726403630001,12.876830313000028],[123.97261653500004,12.876845800000069],[123.97261176900008,12.876851994000049],[123.97259588500003,12.876881418000039],[123.97258794300001,12.876910842000029],[123.97257841200008,12.876921682000045],[123.97257047000005,12.876926328000025],[123.97255458400002,12.876926329000071],[123.97254346400007,12.876917037000055],[123.97254028700002,12.876910843000076],[123.97253393300002,12.876906197000039],[123.97252281300007,12.87689845500006],[123.97251645800009,12.87689845500006],[123.97251010400009,12.876901552000049],[123.97250533900001,12.876906198000029],[123.97250216200007,12.876912393000055],[123.97249898500002,12.87692478200006],[123.9724910430001,12.876937171000066],[123.97248310000009,12.876938719000066],[123.9724703920001,12.876934074000076],[123.97246244900009,12.876927880000039],[123.97244974000012,12.876904651000075],[123.97243862000005,12.876895360000049],[123.97242432300004,12.876893812000048],[123.97241161500006,12.876896910000028],[123.9724004950001,12.87691549300007],[123.97241320400008,12.876938721000045],[123.97241320500007,12.87694491600007],[123.97241002800001,12.87695111000005],[123.97240049700008,12.876960402000066],[123.97238778900009,12.876965048000045],[123.97237984600008,12.876965049000034],[123.97236872600001,12.876957306000065],[123.97234966300005,12.876938723000023],[123.97234330800006,12.876934078000033],[123.97233695400007,12.876932529000044],[123.97232901200005,12.876934078000033],[123.97232265800005,12.87693872400007],[123.97231630400006,12.876957307000055],[123.97230995000007,12.87696814800006],[123.97229724200008,12.876974343000029],[123.97227023700009,12.876971246000039],[123.9722638830001,12.876974343000029],[123.97225276300003,12.876983635000045],[123.97224482100012,12.87699447600005],[123.97224482100012,12.877002219000076],[123.97224641000003,12.877009962000045],[123.97225594200006,12.877028544000041],[123.97226070700003,12.877034739000067],[123.97226229600005,12.877047127000026],[123.97226070800002,12.877054870000052],[123.97225753100008,12.877061065000078],[123.97225117700009,12.877065711000057],[123.9722384690001,12.877068808000047],[123.97223052600009,12.877068808000047],[123.9722241720001,12.877065711000057],[123.97221464000006,12.877054872000031],[123.97221305200003,12.877048677000062],[123.97220828600007,12.877044032000072],[123.97220193200008,12.877042483000025],[123.97219557800008,12.877044032000072],[123.97218922400009,12.877048678000051],[123.97217175000003,12.877068810000026],[123.97216539600004,12.877068810000026],[123.97215904200004,12.877065713000036],[123.97214633300007,12.877056422000067],[123.97214156700011,12.87705022800003],[123.97213680100003,12.877036291000024],[123.97213680100003,12.877028548000055],[123.97213997800009,12.87701615900005],[123.97214792000011,12.877005319000034],[123.9721542740001,12.877002221000055],[123.97217174800005,12.87698828300006],[123.97219239800006,12.876975894000054],[123.97219716400002,12.876969700000075],[123.97219716400002,12.876963505000049],[123.97219557500011,12.876958860000059],[123.97219080900004,12.876954214000023],[123.97217333500009,12.876943374000064],[123.97216856900002,12.876937180000027],[123.9721590370001,12.876918597000042],[123.97215427200001,12.876913952000052],[123.97214156300004,12.876909306000073],[123.97212726600003,12.876909307000062],[123.97211296900002,12.876912404000052],[123.97209549600007,12.876923245000057],[123.97206849100007,12.876929440000026],[123.97202877700011,12.876929441000073],[123.97199541800001,12.876920150000046],[123.97195729300006,12.876921700000025],[123.97195093900007,12.876923249000072],[123.97193505300004,12.876937187000067],[123.97192234500005,12.876944930000036],[123.97190328300007,12.876949576000072],[123.97187945500002,12.876949577000062],[123.97187310100003,12.876951126000051],[123.97185086100001,12.876948029000062],[123.97180368500005,12.876960363000023],[123.97178779900003,12.876958815000023],[123.97176873700005,12.876949524000054],[123.97175444000004,12.876951073000043],[123.97174808600005,12.876952622000033],[123.97172902300008,12.876961914000049],[123.97171313800004,12.876975852000044],[123.97169407600006,12.876985144000059],[123.97167977900006,12.876986693000049],[123.97166707100007,12.876991339000028],[123.97164006600008,12.877013020000049],[123.97162577000006,12.877028507000034],[123.97161306100008,12.87703779900005],[123.97160670700009,12.87703934700005],[123.97159241000008,12.877039348000039],[123.97157175900008,12.87703315400006],[123.9715590510001,12.87703315400006],[123.97155110800009,12.877036252000039],[123.97153363400002,12.877047092000055],[123.97151457200005,12.877051739000024],[123.97150821800005,12.877051739000024],[123.97145103000003,12.877033157000028],[123.97143832100005,12.877025415000048],[123.97141369400003,12.877014574000043],[123.97140734000004,12.877017672000022],[123.97139622000009,12.877026963000048],[123.97139304400002,12.877033158000074],[123.97139145500012,12.877047095000023],[123.97138351300009,12.877065679000054],[123.97137398200005,12.87707651900007],[123.97136762800005,12.87707806800006],[123.97135968500004,12.87707806800006],[123.97135174200002,12.87707497100007],[123.97133585600011,12.877061034000064],[123.97133109100002,12.877053292000028],[123.97131838200005,12.877044000000069],[123.97130567300007,12.877039355000022],[123.97129931900008,12.877039355000022],[123.97128820000012,12.877047098000048],[123.9712802570001,12.877059487000054],[123.97128184700011,12.87710129900006],[123.97127072700005,12.877113688000065],[123.97126596200007,12.877116786000045],[123.97125960700009,12.877118335000034],[123.97124531000009,12.877116786000045],[123.97122783600003,12.877101301000039],[123.97122148100004,12.877076524000074],[123.97120718400004,12.877056392000043],[123.97118653200005,12.877042455000037],[123.97117223600003,12.877044004000027],[123.97116111600008,12.877051748000042],[123.9711420540001,12.877071880000074],[123.97113887700004,12.877085817000022],[123.97114046600007,12.877098206000028],[123.97114523200003,12.877104400000064],[123.97115952900003,12.877112143000033],[123.97117859200011,12.87711988500007],[123.97119606600006,12.877132274000076],[123.97122307200004,12.877175634000025],[123.97124213500001,12.877188022000041],[123.97124690100009,12.877194216000078],[123.97124849000011,12.877200410000057],[123.97124849000011,12.877222091000021],[123.97124690200008,12.877228285000058],[123.97123737100003,12.877239126000063],[123.97122466300004,12.877248417000033],[123.97120401200004,12.877257710000038],[123.9711865380001,12.877260807000027],[123.9711801840001,12.877259259000027],[123.97115794400008,12.877248419000068],[123.97113252600002,12.877226740000026],[123.97110869800008,12.877212803000077],[123.97110234400009,12.877211254000031],[123.97109440100007,12.877212803000077],[123.97106418900012,12.877236032000042],[123.97106736600006,12.877263906000053],[123.97106577800002,12.877276295000058],[123.97105942400003,12.877288684000064],[123.97105465900006,12.877293330000043],[123.97104830500007,12.877297976000023],[123.97104036200005,12.877301073000069],[123.97101494500009,12.877302623000048],[123.97098793900011,12.877299526000058],[123.97088309300011,12.877254620000031],[123.97086244200011,12.877254620000031],[123.97084338000002,12.877259266000067],[123.97083226000007,12.877268558000026],[123.97081478600012,12.877293336000037],[123.97080843200001,12.877297982000073],[123.97080048900011,12.877299531000062],[123.97077825000008,12.877299532000052],[123.9707718950001,12.877297983000062],[123.97076554100011,12.877293338000072],[123.97075283200002,12.877279400000077],[123.97074647800002,12.877267012000061],[123.97074171200006,12.877262366000025],[123.9707369460001,12.877260818000025],[123.97072423800012,12.877265464000061],[123.97070517600002,12.877288693000025],[123.97069405600007,12.877291791000061],[123.97067340500007,12.877288694000072],[123.97064798800011,12.877280952000035],[123.9706400450001,12.877280952000035],[123.97062574800009,12.877277855000045],[123.97059397700002,12.877267016000076],[123.97058603400001,12.877267016000076],[123.97057968000001,12.877270113000066],[123.97057650300007,12.877276308000035],[123.97057491500004,12.877288696000051],[123.97057014900008,12.877294891000076],[123.97055903000012,12.877304183000035],[123.97055267600001,12.877307280000025],[123.97054791000005,12.877311926000061],[123.97052408200011,12.877311927000051],[123.97051772800012,12.877308830000061],[123.97051296200004,12.877302635000035],[123.97051137300002,12.877296441000055],[123.97051455000008,12.87728405200005],[123.97051931500005,12.87727785800007],[123.97054155500007,12.877270114000055],[123.97054473200001,12.877263920000075],[123.9705431430001,12.87725772500005],[123.97053678900011,12.87725308000006],[123.97051613800011,12.877254629000049],[123.97050978400011,12.87725308000006],[123.97050342900002,12.87724843500007],[123.97049483000001,12.877200426000059],[123.97048370900006,12.877191135000032],[123.97047100100008,12.877184941000053],[123.97045670400007,12.877181844000063],[123.97041540100008,12.877177200000062],[123.97040269200011,12.877174103000073],[123.97036615500008,12.877169458000026],[123.97033756100006,12.877163264000046],[123.9703184980001,12.877161716000046],[123.97030737800003,12.877155522000066],[123.97029625800008,12.87714623100004],[123.97028513700002,12.877129196000055],[123.97027719400012,12.877104419000034],[123.97027719400012,12.87708273800007],[123.97028354700001,12.877054863000069],[123.97028195900009,12.877042475000053],[123.97026448400004,12.877003760000036],[123.97025971800008,12.876989823000031],[123.97025495200012,12.876982080000062],[123.97023112300008,12.87695730300004],[123.97022635700012,12.87695420600005],[123.97022000300001,12.876952657000061],[123.97020252900006,12.876963498000066],[123.97019776400009,12.876975887000071],[123.97020411800008,12.876994470000056],[123.97021682700006,12.877014601000042],[123.97021682700006,12.877030087000037],[123.97020253100004,12.877045574000022],[123.97020094200002,12.877059511000027],[123.97021206300008,12.877084289000038],[123.97022636000008,12.877101323000034],[123.97024224600011,12.877124551000065],[123.97024383500002,12.877130746000034],[123.97024383500002,12.87714313500004],[123.9702422470001,12.877149329000076],[123.97023271600006,12.877166364000061],[123.97022000700008,12.87717101000004],[123.97020571000007,12.87717101000004],[123.97019935600008,12.87717255900003],[123.97018823600001,12.877181851000046],[123.9701802940001,12.877194240000051],[123.97016599700009,12.877206629000057],[123.97015170000009,12.877205081000056],[123.97014693400001,12.877201984000067],[123.97014216800005,12.87719733800003],[123.97013422500004,12.877184949000025],[123.97013263700001,12.877178755000045],[123.97012469400011,12.87716791500003],[123.97010563100002,12.87716017300005],[123.97009292200005,12.87715707600006],[123.97007862500004,12.877149333000034],[123.97006432800003,12.877136945000075],[123.97005479600011,12.877124556000069],[123.97004208800001,12.877129202000049],[123.97003096800006,12.877136945000075],[123.97002620300009,12.877143140000044],[123.97002620300009,12.877164820000075],[123.97002302600004,12.877171015000044],[123.97001190600008,12.877177209000024],[123.97000555200009,12.877178758000071],[123.9699991980001,12.87717721000007],[123.96998648900001,12.877169467000044],[123.96996742700003,12.87717566200007],[123.96995313000002,12.87717411400007],[123.96994677500004,12.877171016000034],[123.96994201000007,12.877164822000054],[123.96993089000011,12.877157079000028],[123.96992453500002,12.877153982000038],[123.96991659300011,12.877153983000028],[123.96989753000003,12.877158629000064],[123.96989117600003,12.877163275000044],[123.9698816450001,12.877181858000029],[123.96987211400005,12.877195796000024],[123.96986734800009,12.87720044200006],[123.96985622900002,12.877206636000039],[123.9698403430001,12.877205088000039],[123.96982763500012,12.877201991000049],[123.96980380600007,12.877186506000044],[123.96979109800009,12.877171020000048],[123.96977680000009,12.877164826000069],[123.9697640920001,12.877161729000022],[123.96971961300005,12.877158633000022],[123.96970690400008,12.877161730000068],[123.96969260700007,12.877167925000037],[123.96967989900008,12.877169474000027],[123.96967195600007,12.877167925000037],[123.96964495100008,12.877167926000027],[123.9696115910001,12.877161732000047],[123.96960523700011,12.877163281000037],[123.96959888300012,12.877167927000073],[123.96955917000003,12.877175671000032],[123.96954646100005,12.877181865000068],[123.9695226340001,12.877206643000022],[123.96950992600011,12.877214386000048],[123.96946862400011,12.877222130000064],[123.96942414500006,12.877240714000038],[123.96941620200005,12.877240714000038],[123.96939713900008,12.877226777000033],[123.96937966500002,12.877211292000027],[123.96937331100003,12.877211292000027],[123.96936060200005,12.877215938000063],[123.96934630600003,12.877229875000069],[123.96933359800005,12.877237619000027],[123.96926687900009,12.877248460000033],[123.96925099400005,12.877248460000033],[123.96922398800007,12.877256204000048],[123.96920492600009,12.877268593000053],[123.9691922180001,12.877294919000065],[123.96919063000007,12.877302662000034],[123.96918268800005,12.877322794000065],[123.96917474500003,12.877335183000071],[123.96916362500008,12.87734447400004],[123.96915091700009,12.877350669000066],[123.96911120400011,12.877350670000055],[123.96909690700011,12.877353767000045],[123.96909055300011,12.877356864000035],[123.96907943300005,12.877366156000051],[123.96907307900005,12.877387837000072],[123.96907307900005,12.877401774000077],[123.96906672600005,12.877421906000052],[123.96905084100001,12.877448232000063],[123.96904607500005,12.877452878000042],[123.96902701300007,12.877463718000058],[123.96899524200012,12.877466816000037],[123.96898094500011,12.877471462000074],[123.96896823700001,12.877477657000043],[123.96895552900003,12.877486948000069],[123.96895076300007,12.877494691000038],[123.96894758600001,12.877507080000044],[123.96895711800005,12.87754424600007],[123.9689602950001,12.877550441000039],[123.96897141500006,12.877556635000076],[123.96897935800007,12.877556635000076],[123.96899365500008,12.877559732000066],[123.96900000900007,12.877564377000056],[123.96900795200008,12.877575217000071],[123.96901430700007,12.877589154000077],[123.96902225000008,12.877598446000036],[123.96903495800007,12.877603091000026],[123.96904766600005,12.877599994000036],[123.96906990600007,12.877590702000077],[123.96909532200004,12.877576764000025],[123.96910644200011,12.877564375000077],[123.96913027000005,12.877545792000035],[123.96915092100005,12.877536500000076],[123.96916204000001,12.87752875700005],[123.96917633700002,12.877514819000055],[123.96919539900011,12.877491590000034],[123.96921446100009,12.877482298000075],[123.96924623200005,12.877474555000049],[123.96926052900005,12.877474554000059],[123.96928276900007,12.877474554000059],[123.96929388900003,12.877482297000029],[123.96929706600008,12.877486942000075],[123.96930818600003,12.877514817000076],[123.96931295200011,12.877539594000041],[123.96931295200011,12.877553532000036],[123.96931084100004,12.877567536000072],[123.96930131000011,12.877604703000031],[123.96929813300005,12.877610897000068],[123.96929019000004,12.877621737000027],[123.96927271600009,12.877634127000022],[123.96925365400011,12.877641870000048],[123.96924412300007,12.877651162000063],[123.96923300300011,12.877669745000048],[123.96922665000011,12.877694523000059],[123.96922347300006,12.877700717000039],[123.9692187070001,12.877706912000065],[123.96920758700003,12.877716204000023],[123.96918217100006,12.877728593000029],[123.96916628600002,12.877742530000035],[123.96915516600006,12.877759565000076],[123.96913610400009,12.877796732000036],[123.96913133800001,12.877801378000072],[123.96912498400002,12.877802926000072],[123.96911227600003,12.877799830000072],[123.96909956800005,12.877801378000072],[123.96909480200009,12.877806024000051],[123.96908844800009,12.877809122000031],[123.9690614430001,12.877843191000068],[123.96904873500011,12.877850934000037],[123.96904238100001,12.877852483000026],[123.96903285000008,12.877866421000022],[123.96911069100008,12.878022827000052],[123.96913769600008,12.878002695000077],[123.96914722700001,12.877985660000036],[123.96914722700001,12.877977917000067],[123.96915040400006,12.877962431000071],[123.96915834600009,12.877951591000055],[123.96917105500006,12.87794539600003],[123.9691869400001,12.87794384700004],[123.96919964900007,12.87794694400003],[123.96921712300002,12.877960881000035],[123.96922983100001,12.877965527000072],[123.96924571700004,12.877965527000072],[123.96925207100003,12.877960881000035],[123.96925842500002,12.87794849200003],[123.96926477900001,12.877942297000061],[123.96927113300001,12.877937652000071],[123.96928543000001,12.877933005000045],[123.96930767000003,12.877937651000025],[123.96932514400009,12.877946942000051],[123.96935215000008,12.877970170000026],[123.96936327000003,12.877988753000068],[123.96936962500001,12.878007336000053],[123.96936962500001,12.878047600000059],[123.96937598000011,12.878070829000023],[123.96937598000011,12.87807702300006],[123.96938710000006,12.878101800000024],[123.96939822000002,12.87811109200004],[123.9694172830001,12.878121931000067],[123.96942046000004,12.878128126000036],[123.96942363800008,12.878142063000041],[123.96942046100003,12.878154452000047],[123.96941569500007,12.878160646000026],[123.96940298700008,12.878168389000052],[123.96938233600008,12.878163744000062],[123.96937598200009,12.878163744000062],[123.96936962800009,12.878166841000052],[123.96936486200002,12.878171487000031],[123.96935533100009,12.878190071000063],[123.96933626900011,12.878210203000037],[123.96933150300003,12.878222591000053],[123.96932356100001,12.878255112000033],[123.96932038400007,12.87826130600007],[123.96931085300002,12.878270598000029],[123.96929655600002,12.878278341000055],[123.96927749400004,12.878284536000024],[123.9692461950001,12.878308225000069],[123.9692191900001,12.878322163000064],[123.96918900700007,12.878342296000028],[123.96916994500009,12.878350039000054],[123.96913182000003,12.87835933100007],[123.96911911100005,12.878367074000039],[123.96910958000001,12.878377915000044],[123.96910640300007,12.878384109000024],[123.96910640400006,12.878411984000024],[123.96910481500004,12.87842437300003],[123.9691016380001,12.878430567000066],[123.96909369600007,12.878435213000046],[123.96907622100002,12.878439859000025],[123.96906192400002,12.878438311000025],[123.96904921600003,12.878433665000045],[123.96903491900002,12.87841663100005],[123.96902856400004,12.87841508200006],[123.96901109000009,12.87841508300005],[123.96897931900003,12.878422826000076],[123.96897296500003,12.878427472000055],[123.96895133100008,12.878436763000025],[123.96891479400006,12.878442958000051],[123.96889573100009,12.878452250000066],[123.96888620000004,12.878463091000071],[123.9688830230001,12.878469285000051],[123.9688830230001,12.878486320000036],[123.96887825800002,12.878504903000021],[123.96887508100008,12.878511097000057],[123.96885919500005,12.878525035000052],[123.96885284100006,12.878526584000042],[123.96884489800004,12.878526584000042],[123.96883377800009,12.878520390000062],[123.96881153700008,12.878484772000036],[123.96880677200011,12.878480127000046],[123.96879247400011,12.878472384000077],[123.96877976600001,12.87846928700003],[123.9687638800001,12.87846928700003],[123.96873528600008,12.878473933000066],[123.96871463500008,12.878481677000025],[123.96870351500002,12.87849096900004],[123.96868445200005,12.878501809000056],[123.96867174400006,12.878506455000036],[123.96864315000005,12.878523490000077],[123.96863044200006,12.878532782000036],[123.96861296800012,12.878542074000052],[123.96857802000011,12.878579240000022],[123.96856531200001,12.878585435000048],[123.96852083200008,12.878594727000063],[123.96851447800009,12.878597825000043],[123.96849700400003,12.878611762000048],[123.96847794100006,12.878622603000053],[123.96845887900008,12.878627249000033],[123.96842710700002,12.878627249000033],[123.96841439900004,12.878622604000043],[123.96840804500005,12.878610215000037],[123.96839374700005,12.878591632000052],[123.96838739300006,12.878586986000073],[123.9683826270001,12.878580792000037],[123.96835879900004,12.878563758000041],[123.96833973600008,12.878556015000072],[123.96829366800011,12.878554467000072],[123.96826348500008,12.878560662000041],[123.96825077700009,12.878566857000067],[123.96822377100011,12.878571503000046],[123.96821106300001,12.878577697000026],[123.96819994300006,12.878586989000041],[123.96818405800002,12.878600927000036],[123.96817929300005,12.878608670000062],[123.96817770500002,12.878667516000064],[123.96818088200007,12.878695391000065],[123.96817929400004,12.878707779000024],[123.9681761170001,12.87871397400005],[123.96817135100002,12.878720168000029],[123.96815387700008,12.878734106000024],[123.96812846100011,12.87874494600004],[123.96810622100008,12.87874494700003],[123.9680935130001,12.87874185000004],[123.96807603800005,12.878732558000024],[123.96806015300001,12.878718621000075],[123.96802520400001,12.878695393000044],[123.96801885000002,12.878681455000049],[123.96801885000002,12.878673713000069],[123.96801567200009,12.878662872000064],[123.96800614100005,12.878641192000032],[123.96799343200007,12.878639644000032],[123.96798072400009,12.878644290000068],[123.9679680160001,12.878653581000037],[123.96795848400006,12.878664422000043],[123.96793942200009,12.878692297000043],[123.96791241700009,12.878713977000075],[123.96789335500011,12.878720172000044],[123.96785364100003,12.87872791500007],[123.96783976100005,12.878734110000039],[123.96783976100005,12.878735659000029],[123.96782705300006,12.878738756000075],[123.96781116700004,12.878740305000065],[123.96779687000003,12.878746499000044],[123.9677873390001,12.87875734000005],[123.96776986500004,12.878771277000055],[123.96775715700005,12.878779020000025],[123.96774444800008,12.878782118000061],[123.96772856300004,12.878782118000061],[123.96771585400006,12.878779021000071],[123.96770314500009,12.878771278000045],[123.96769838000012,12.878765084000065],[123.96769837900001,12.878748049000023],[123.96769202500002,12.878737209000064],[123.96768567100003,12.878732563000028],[123.96767931600004,12.878729466000038],[123.96764754500009,12.878729467000028],[123.96760147700002,12.878740307000044],[123.96758559200009,12.878752696000049],[123.96757764900008,12.878763536000065],[123.96757129500008,12.87877592500007],[123.96756494100009,12.878782120000039],[123.96756017500002,12.87878366800004],[123.96755223200012,12.87878366800004],[123.96753317000002,12.87877437700007],[123.96752681500004,12.878772828000024],[123.96751093000012,12.87877282900007],[123.96749981000005,12.87877592600006],[123.96745850700006,12.87877592600006],[123.96745215300007,12.878777475000049],[123.96743309100009,12.878788315000065],[123.96742038200011,12.878803801000061],[123.96741879400008,12.878819287000056],[123.9674060860001,12.87883787100003],[123.96739496600003,12.878844065000067],[123.96738066900002,12.878847162000056],[123.96737272600001,12.878847162000056],[123.96736637200001,12.878840968000077],[123.96735684000009,12.878823934000025],[123.9673504860001,12.878820837000035],[123.96734095500005,12.878820837000035],[123.96732189200009,12.878828580000061],[123.96730283000011,12.878850260000036],[123.96729171000004,12.878859552000051],[123.96727741300003,12.878859552000051],[123.96725199600007,12.878850261000025],[123.96724564200008,12.878845615000046],[123.9672329330001,12.878822386000024],[123.96706454700006,12.878848714000071],[123.96682626400002,12.878896723000025],[123.96681832100012,12.878901368000072],[123.96680243600008,12.878902917000062],[123.96678972800009,12.878906014000052],[123.96678337300011,12.878909112000031],[123.96677860800003,12.878915306000067],[123.96677860800003,12.878923049000036],[123.96678496200002,12.878935438000042],[123.96678178500008,12.878940084000021],[123.96677701900012,12.878946278000058],[123.96676431100002,12.878955570000073],[123.96675001400001,12.878958667000063],[123.96672618600007,12.878954021000027],[123.96671506600001,12.878947827000047],[123.96671030000005,12.878943181000068],[123.96670712300011,12.878935438000042],[123.96670553400008,12.878921501000036],[123.9666928260001,12.878913758000067],[123.96664844000009,12.878913760000046],[123.96663573100011,12.878915308000046],[123.9666214340001,12.878919954000025],[123.96660237100002,12.878932343000031],[123.96659601700003,12.878933892000077],[123.96654518300011,12.878963316000068],[123.96649434900007,12.878975705000073],[123.96648005100008,12.878977253000073],[123.96643874900008,12.878977253000073],[123.96641492000003,12.878967962000047],[123.96639268000001,12.878967962000047],[123.96636408600011,12.878971059000037],[123.96631801800004,12.878969511000037],[123.9663005430001,12.878971060000026],[123.96624653200001,12.878983449000032],[123.96619728700011,12.878988095000068],[123.96617345800007,12.878992741000047],[123.96613533300001,12.878994289000048],[123.96611627000004,12.879002032000074],[123.96610991600005,12.879006678000053],[123.96609720800006,12.879011324000032],[123.96608767600003,12.879011324000032],[123.96608132200004,12.879014421000022],[123.96607973400012,12.879028359000074],[123.96607337900002,12.879040747000033],[123.96606861400005,12.879045393000069],[123.96605590500008,12.879050039000049],[123.9660511400001,12.879046942000059],[123.96604160800007,12.879034553000054],[123.96601936800005,12.879025262000027],[123.96599395100009,12.879023713000038],[123.96598759700009,12.879025262000027],[123.96597965400008,12.879037651000033],[123.96597330000009,12.879062428000054],[123.96596853500012,12.879068623000023],[123.96594947200003,12.879079463000039],[123.96594311800004,12.879081011000039],[123.96591928900011,12.879079463000039],[123.96589228400001,12.87907326900006],[123.96587957500003,12.879068623000023],[123.96587163300001,12.879068623000023],[123.96584145000008,12.879062429000044],[123.96581444500009,12.879062429000044],[123.96578108500012,12.879068623000023],[123.96575090200008,12.879071721000059],[123.9657175430001,12.879062429000044],[123.96570483400001,12.879060881000044],[123.96567624000011,12.879060881000044],[123.96566353200001,12.879057784000054],[123.96565558900011,12.879054686000075],[123.96562699500009,12.879033006000043],[123.96562381800004,12.879026812000063],[123.96562381800004,12.879011326000068],[123.96562064000011,12.878998937000063],[123.96561587500003,12.878992743000026],[123.96560952100003,12.878988097000047],[123.96559681200006,12.878981903000067],[123.96556186400005,12.878981903000067],[123.96549674200003,12.879017521000037],[123.96548879900001,12.879019070000027],[123.96548085600011,12.879019070000027],[123.96546179300003,12.879014424000047],[123.96544114200003,12.879005133000021],[123.96542207900006,12.879000487000042],[123.96539983900004,12.879002036000031],[123.96538077700006,12.879012876000047],[123.96537124500003,12.879015973000037],[123.96535694800002,12.879015973000037],[123.96533470800011,12.879012876000047],[123.96530929100004,12.879005133000021],[123.96529022900006,12.878995841000062],[123.96524416000011,12.878961772000025],[123.96523145200001,12.878957127000035],[123.96520762400007,12.878957127000035],[123.96518538400005,12.878961772000025],[123.96515520100002,12.878977258000077],[123.96514249300003,12.878981904000057],[123.96512660700012,12.878983453000046],[123.96510913300006,12.878983453000046],[123.96509642500007,12.878978807000067],[123.96508848200006,12.878978807000067],[123.96506783100006,12.87897261300003],[123.96488898300004,12.879034558000058],[123.96486674400012,12.879037655000047],[123.96484926900007,12.879043849000027],[123.96481591000008,12.879048495000063],[123.96477143000004,12.879048495000063],[123.96474442400006,12.879045398000073],[123.96473648100005,12.879042300000037],[123.96471583000005,12.879040752000037],[123.96468405900009,12.879043849000027],[123.96465228800002,12.879040752000037],[123.96462687100006,12.879040752000037],[123.96461416200009,12.879043849000027],[123.96457921400008,12.879043849000027],[123.9645522080001,12.879039203000048],[123.96454267700005,12.879039203000048],[123.96449660900009,12.879033009000068],[123.96446007200007,12.879025266000042],[123.96445212900005,12.879025266000042],[123.96438223300004,12.879009779000057],[123.9643647580001,12.879008231000057],[123.96432027900005,12.878998939000041],[123.96429168500003,12.878989648000072],[123.96423926300008,12.878966419000051],[123.96422496600007,12.878958676000025],[123.96419954900011,12.878952481000056],[123.9641916060001,12.878952481000056],[123.96414236100009,12.87894164100004],[123.96412965200011,12.87894164100004],[123.96406769900011,12.878932349000024],[123.96405022500005,12.878927704000034],[123.9640366540001,12.878922412000065],[123.96406040700003,12.878876322000053],[123.96386426900006,12.87879067700004],[123.97182527500001,12.869442196000023],[123.97173457500003,12.869040702000063],[123.97171598400007,12.868656737000038],[123.97186144200009,12.86819607800004],[123.97214029000008,12.867712927000071],[123.9724730690001,12.867147524000075],[123.97272117900002,12.86667596500007],[123.97287263800001,12.866263005000064],[123.97296915300001,12.865496414000063],[123.97301728900004,12.864871840000035],[123.97302413400007,12.864243011000042],[123.97307298200008,12.863924120000036],[123.97322466500009,12.863605043000064],[123.97343682600001,12.863345048000042],[123.97373271600009,12.863150869000037],[123.97411879800006,12.862992461000033],[123.97451728900012,12.862998807000054],[123.97511651400009,12.863074899000026],[123.97555404400009,12.863150991000055],[123.97601059700003,12.863170014000048],[123.97621033900009,12.863112945000069],[123.97646399900009,12.862773415000049],[123.97669542600011,12.862285443000076],[123.97681282200006,12.861943992000022],[123.97685712200007,12.861610126000073],[123.97685964700008,12.861335183000051],[123.97679054200012,12.860944319000055],[123.97668591500008,12.860782624000024],[123.97651910500008,12.860656369000026],[123.97634358900007,12.860662259000037],[123.97595587700005,12.860968693000075],[123.97535037400007,12.861392274000025],[123.97495753100009,12.861550992000048],[123.97458310800005,12.861615886000038],[123.97442608500012,12.86147479300007],[123.97435559300004,12.861248688000046],[123.97446229600007,12.860826849000034],[123.97474017000002,12.860320389000037],[123.97521744800008,12.860008217000029],[123.97585275500012,12.859613083000056],[123.97635941100009,12.85916583900007],[123.97681466300003,12.85866362400003],[123.97700100100008,12.858464142000059],[123.97720048700012,12.858153786000059],[123.9772543040001,12.857980902000065],[123.97723496800006,12.857785983000042],[123.97709190600006,12.85758252200003],[123.97694571700004,12.857335071000023],[123.97692047800001,12.857077980000042],[123.97698985000011,12.856853368000031],[123.97705512700009,12.856543875000057],[123.97712657200009,12.85630881000003],[123.97714356200004,12.856078455000045],[123.97708802900002,12.855835070000069],[123.97697782200009,12.855578718000061],[123.97680785900002,12.855348005000053],[123.97662229100001,12.855069201000049],[123.97644287800006,12.854777674000047],[123.97631337600001,12.854529280000065],[123.97630665200006,12.854516383000032],[123.97623759200007,12.854224289000058],[123.9762351920001,12.854029903000026],[123.97625518300003,12.853816084000073],[123.9763089170001,12.853618514000061],[123.9764304250001,12.853395910000074],[123.97666322200007,12.85320996400003],[123.97661377600002,12.852621696000028],[123.97678502600002,12.85070124300006],[123.97723761700001,12.849098826000045],[123.97720092100008,12.84848721700007],[123.97838915500006,12.845217072000025],[123.98348648500007,12.843839604000038],[123.98578181400001,12.84246227400007],[123.98789999400003,12.841959331000055],[123.98792226100011,12.843784407000044],[123.98716701800004,12.844734175000042],[123.98631132700007,12.846571614000027],[123.98583256800009,12.849697811000055],[123.98571003900008,12.850403025000048],[123.98507532200006,12.854529280000065],[123.98493908300009,12.855414965000023],[123.98519320300011,12.859887464000053],[123.98490579700001,12.875960482000039],[123.9848850840001,12.875955311000041],[123.98485341100002,12.875942974000054],[123.98484245400005,12.875940641000057],[123.98481951200006,12.875932028000022],[123.9847975990001,12.875927363000073],[123.9847803670001,12.875927425000043],[123.98475622900003,12.875924152000039],[123.98474241700001,12.875917482000034],[123.98472980200006,12.875905471000067],[123.98472528900004,12.875891455000044],[123.9847272830001,12.875882554000043],[123.98472340000001,12.875874267000029],[123.98471546500002,12.875866983000037],[123.98469332100001,12.875854809000032],[123.9846645020001,12.875846809000052],[123.98464584300007,12.875844702000052],[123.98462416000007,12.875847547000035],[123.98460772600004,12.875844049000023],[123.98456035100003,12.875807853000026],[123.98455344600006,12.875804518000052],[123.98452273700002,12.875779331000047],[123.98448622500007,12.875762233000046],[123.98446391300001,12.875759348000031],[123.98444668000002,12.875759410000057],[123.98442197600002,12.875767207000024],[123.98440617100005,12.875769437000031],[123.98439743900008,12.875765714000067],[123.98439093200011,12.875760598000056],[123.98438641900009,12.875746582000033],[123.98438452900007,12.875729395000064],[123.98437254400005,12.875723113000049],[123.98436706600012,12.875721947000045],[123.98436261600011,12.875724730000059],[123.98435583700007,12.875754993000044],[123.98434733700003,12.875758779000023],[123.98433820600007,12.875756835000061],[123.98433203400009,12.875733141000069],[123.98431958700007,12.875711840000065],[123.98430617400004,12.875703390000069],[123.98429887000009,12.875701835000029],[123.9842834640001,12.875702286000035],[123.98427599200011,12.875710020000042],[123.98425875900011,12.875710082000069],[123.98425185400004,12.875706747000038],[123.98424534700007,12.875701632000073],[123.98423758000001,12.875685058000045],[123.98423552300005,12.875677160000066],[123.98422941500007,12.875670265000053],[123.98421457500001,12.875659645000042],[123.98417822100009,12.875642581000022],[123.98416988800011,12.875637077000022],[123.9840027890001,12.875571666000042],[123.98396198500006,12.875557385000036],[123.9838781520001,12.875530214000037],[123.98386536900011,12.87552749300005],[123.98384425400002,12.875519268000062],[123.98380630500003,12.875509324000063],[123.98378518900006,12.875501099000076],[123.98375271800012,12.875492322000071],[123.98374398600004,12.875488598000061],[123.98365935600009,12.875464988000033],[123.98365610300004,12.875462430000027],[123.98361450100003,12.87545170900006],[123.98358973400002,12.875442707000047],[123.98352582000007,12.875429101000066],[123.98351041400008,12.875429552000071],[123.98349523900004,12.875437512000076],[123.98348657100007,12.875450587000046],[123.98347242400007,12.875462496000068],[123.98346289500012,12.875462332000041],[123.98345598900005,12.875458997000067],[123.98344988100007,12.875452102000054],[123.98344599800009,12.87544381500004],[123.98344719400006,12.875438474000077],[123.98345244100005,12.875432131000025],[123.98345626100001,12.87542361900006],[123.98345985000003,12.875407597000049],[123.98345779300007,12.87539969900007],[123.9834512860001,12.875394584000048],[123.98344398100005,12.875393029000065],[123.98342737900009,12.875398820000044],[123.98341316900007,12.87539393000003],[123.98340706100009,12.875387034000028],[123.98339746800002,12.875370072000067],[123.98339096100005,12.875364957000045],[123.98337635200005,12.875361847000022],[123.98334987300007,12.875367401000062],[123.9833190600001,12.875368302000027],[123.98329292900007,12.875373929000034],[123.98325972400005,12.875385512000037],[123.98323415800007,12.875380069000073],[123.98322765100011,12.875374954000051],[123.98322559400003,12.875367056000073],[123.9832271890001,12.875359935000063],[123.98322148000011,12.875351260000059],[123.98318290100008,12.875335587000052],[123.98313724900004,12.875325869000051],[123.98310500900004,12.875324601000045],[123.98305182100012,12.875305818000072],[123.98291303800011,12.875276275000033],[123.98285888500004,12.875270342000022],[123.98279457300009,12.875258516000031],[123.98275599400006,12.875242843000024],[123.98274686400009,12.875240900000051],[123.98272940000004,12.875233452000032],[123.98271479200002,12.875230342000066],[123.98269185000004,12.875221728000042],[123.98266628500005,12.875216286000068],[123.9826593790001,12.875212951000037],[123.98259930000006,12.875203484000053],[123.9825750010001,12.875194373000056],[123.98252266600002,12.87516157400006],[123.98250771300002,12.875154286000054],[123.98246846100005,12.875141530000064],[123.9824609850001,12.875143352000066],[123.98245537700006,12.87514881900006],[123.98227263700005,12.875585748000049],[123.98229132900008,12.875578459000053],[123.9823231040001,12.875571171000047],[123.98234927200008,12.875567527000044],[123.98237170200002,12.875567527000044],[123.98237917800009,12.875565705000042],[123.98239413200008,12.875565705000042],[123.98244086000011,12.875576638000041],[123.98246515900007,12.875580282000044],[123.98246702800009,12.875582104000046],[123.9824969340001,12.875583926000047],[123.98250067200001,12.875585749000038],[123.98252497100009,12.875585749000038],[123.98253992400009,12.87558757100004],[123.98257730700004,12.87558757100004],[123.98261655800002,12.875580283000033],[123.98263711900006,12.875580283000033],[123.98264459500001,12.875578461000032],[123.9827137530001,12.875580283000033],[123.98273618300004,12.875583927000037],[123.98276235100002,12.875596682000037],[123.98278851800001,12.875613082000029],[123.98279412600004,12.875618548000034],[123.98280720900004,12.87562583700003],[123.98283150800012,12.875644058000034],[123.98285393700007,12.875664101000041],[123.98285954500011,12.875669568000035],[123.98285954500011,12.875671390000036],[123.98289318900004,12.87570054400004],[123.98302215800004,12.875853603000053],[123.98328513000001,12.87624788200003],[123.98332812000001,12.876338988000043],[123.9833393350001,12.876355387000046],[123.98335989500004,12.876395474000049],[123.98337671700006,12.876417340000046],[123.98338232500009,12.876420984000049],[123.98338793200003,12.876428272000055],[123.98341970700005,12.876455604000057],[123.98343652900007,12.876466537000056],[123.98345335200008,12.876482936000059],[123.98346082800003,12.876486580000062],[123.98346643500008,12.876493869000058],[123.98347951900007,12.876504802000056],[123.98348886500003,12.876515735000055],[123.9834982110001,12.876519379000058],[123.98353933100009,12.876557643000069],[123.98354307000011,12.87655946600006],[123.98354867700004,12.876568576000068],[123.98358045200007,12.876605019000067],[123.98359727400009,12.876628706000076],[123.98361970400003,12.876650572000074],[123.98362531100008,12.876659683000071],[123.98365521700009,12.876681548000022],[123.98368138500007,12.876696125000024],[123.98370942200006,12.87671616800003],[123.98374119700009,12.876734390000024],[123.98375615000009,12.876745322000033],[123.98378044900005,12.876767188000031],[123.98379166400002,12.876779943000031],[123.98380661700003,12.87679087600003],[123.98381222400008,12.876796342000034],[123.98381783200011,12.876805453000031],[123.98384823300012,12.876867179000044],[123.98385475800001,12.876868769000055],[123.9838792270001,12.876881490000073],[123.98388575200011,12.876883080000027],[123.9838988030001,12.876891030000024],[123.98391511600005,12.876897390000067],[123.98392164100005,12.876902161000032],[123.98395753000011,12.876919651000037],[123.98398199900009,12.876933962000066],[123.98399505000009,12.876938732000042],[123.98400157500009,12.876943502000074],[123.98405051400005,12.876967353000055],[123.98406356400005,12.87697212300003],[123.98410271500006,12.876981663000038],[123.98410924000007,12.876984843000059],[123.98414186600007,12.876989612000045],[123.98416470300003,12.876991201000067],[123.9842136420001,12.877010281000025],[123.98422506100007,12.877011871000036],[123.98423321700011,12.877010280000036],[123.98424463600008,12.87700232800006],[123.9842576850001,12.876995967000028],[123.98427073500011,12.876995966000038],[123.9842772610001,12.876997556000049],[123.98429194200003,12.877005506000046],[123.98430825500009,12.877010276000021],[123.98431641200011,12.877010276000021],[123.98432946100002,12.877003914000056],[123.9843343550001,12.876999143000035],[123.9843408800001,12.876997553000024],[123.98437187400009,12.876997551000045],[123.98437839900009,12.876999141000056],[123.98438329300006,12.877003911000031],[123.98437676900005,12.877022995000061],[123.98437840100007,12.877029355000047],[123.98438329500004,12.877034126000069],[123.98438982000005,12.877037306000034],[123.98439797600008,12.877037306000034],[123.98443386400004,12.877032533000033],[123.98445343900005,12.877037303000066],[123.98448769700008,12.87705479400006],[123.98449422200008,12.877056383000024],[123.98450074800007,12.877059564000035],[123.98452810600008,12.877092188000063],[123.98455563300001,12.877104814000063],[123.98461068600011,12.877123753000035],[123.98464954700012,12.877142692000064],[123.98469002800005,12.877167945000053],[123.98469812400003,12.877171101000044],[123.98473374700006,12.877201090000028],[123.98476451300007,12.87722160800007],[123.98478232500008,12.877235813000027],[123.98481632800008,12.877250017000051],[123.98483899700011,12.877254751000066],[123.98485356900005,12.877253172000053],[123.98486490300002,12.877246857000046],[123.98487299900012,12.877246857000046],[123.98488109500011,12.877250013000037],[123.98488271100007,12.877251528000045],[123.9848414170001,12.879560896000044],[123.9850539790001,12.87956308300005],[123.9850536240001,12.87966358500006],[123.98504759100001,12.87966513300006],[123.98503625700005,12.879671448000067],[123.98503140000003,12.879676183000072],[123.98502816200005,12.879682497000033],[123.98502654300012,12.879695125000069],[123.98502006700005,12.879707753000048],[123.98501035300001,12.879717224000046],[123.98499092300005,12.879725118000067],[123.98496501500006,12.879718805000039],[123.98494882300008,12.879710914000043],[123.9849407260001,12.879695130000073],[123.98493586800009,12.879690395000068],[123.98492939100004,12.879687238000031],[123.98492291400009,12.879685660000064],[123.98490186400011,12.879687240000067],[123.98489376800001,12.879685662000043],[123.98487919500008,12.879679349000071],[123.98485814500009,12.879660409000053],[123.98483385600002,12.879646204000039],[123.98482737900008,12.879644626000072],[123.98481928300009,12.879646205000029],[123.98480309100012,12.879646206000075],[123.98478204100002,12.87964147200006],[123.98476584900004,12.879633580000075],[123.98475289500004,12.879624110000066],[123.98473022500002,12.879606749000061],[123.98470917400005,12.879586230000029],[123.98468812400006,12.879572025000073],[123.98467517000006,12.879565712000044],[123.98465897800008,12.879565713000034],[123.98464602500007,12.879573606000065],[123.98463954900001,12.879586234000044],[123.98463955000011,12.879609911000045],[123.98463469400008,12.879628852000053],[123.9846314560001,12.879635166000071],[123.98461688400005,12.879654108000068],[123.98461040800009,12.879658844000062],[123.98460231200011,12.879662002000032],[123.98459745500008,12.879662002000032],[123.98458935800011,12.879658845000051],[123.98458288200004,12.87965568900006],[123.98457802400003,12.879650954000056],[123.98457316500003,12.879638326000077],[123.98457154500011,12.87962254200005],[123.9845618280001,12.879587817000072],[123.98455697000009,12.879583082000067],[123.98454401600009,12.879576768000049],[123.9845148710001,12.879573613000048],[123.98448572600012,12.879578350000031],[123.98447924900006,12.879581507000069],[123.98447115300007,12.879583086000025],[123.98442743500004,12.879589403000068],[123.98440314800007,12.879590982000025],[123.98437724100006,12.879595719000065],[123.98435457200003,12.879595720000054],[123.98434647600004,12.87959414200003],[123.98434161900002,12.879590986000039],[123.98432056900003,12.879584673000068],[123.98430437700006,12.879584674000057],[123.98428818500008,12.879587832000027],[123.98425580200001,12.879598883000028],[123.98423313500007,12.879616247000058],[123.98420722900005,12.879639925000049],[123.98419427600004,12.879646239000067],[123.98418618000005,12.879647818000024],[123.98417970300011,12.879646240000056],[123.98416674900011,12.879635192000023],[123.98415865200002,12.879624143000058],[123.98415379400001,12.879609937000055],[123.98414731700007,12.879600467000046],[123.98414084000001,12.879595732000041],[123.98413274400002,12.879592575000061],[123.98412626700008,12.879590997000037],[123.98411169400003,12.879590998000026],[123.98409874100003,12.879595734000077],[123.98407445400005,12.87961309800005],[123.98407121600007,12.879619412000068],[123.9840679780001,12.879632040000047],[123.9840598830001,12.879649404000077],[123.98405340700003,12.879654139000024],[123.98404531100005,12.879657297000051],[123.98402911900007,12.879658876000065],[123.98401778500011,12.87965414100006],[123.98401292700009,12.879649406000055],[123.98401130700006,12.879635200000052],[123.98401940200006,12.879622572000073],[123.9840210210001,12.879614680000032],[123.98401454400005,12.879603631000066],[123.98401292400001,12.879597317000048],[123.98400806600011,12.879591004000076],[123.98399673100005,12.879583112000034],[123.9839902540001,12.879581534000067],[123.98397082400004,12.879581535000057],[123.98395787100003,12.879584693000027],[123.98395139400009,12.879587850000064],[123.98394491800002,12.879587850000064],[123.98391415300011,12.879583116000049],[123.98388824600011,12.879583118000028],[123.98385335100011,12.879580455000053],[123.9837906030001,12.87959614500005],[123.98376164100011,12.879594578000024],[123.98374072500008,12.879589874000033],[123.98372141700008,12.879588307000063],[123.98370050100004,12.87958046600005],[123.98368119200006,12.87956635200004],[123.98367153800007,12.879553805000057],[123.98365866500001,12.879527142000029],[123.98364418300002,12.879511459000071],[123.9836377470001,12.879506754000033],[123.98362970200003,12.879503617000069],[123.98360074100003,12.879503619000047],[123.98358143400003,12.879500484000062],[123.98356373500008,12.879500485000051],[123.98354925500007,12.879497349000076],[123.98352512100007,12.879497351000055],[123.98351868500004,12.87949892000006],[123.98343662900004,12.879498926000053],[123.9834108870001,12.879500496000048],[123.98339801500003,12.879503634000059],[123.98337870900002,12.879519320000043],[123.98336423000001,12.879536574000042],[123.98336101300004,12.879542848000028],[123.98335779600006,12.879555395000068],[123.98336101400002,12.879571080000062],[123.98336745100005,12.879585195000061],[123.98336584300012,12.879600880000055],[123.98335458200006,12.879618134000054],[123.98334171100009,12.879627545000062],[123.98332884000001,12.879630683000073],[123.9833079230001,12.879625979000025],[123.98329505200002,12.879618138000069],[123.98328057000003,12.879602454000064],[123.98327574200005,12.879589907000025],[123.98327574100006,12.879575791000036],[123.98328056700007,12.879556969000078],[123.98330630800001,12.87953030400007],[123.98330630800001,12.879524030000027],[123.98330309000005,12.879519325000047],[123.98329826200006,12.87951305100006],[123.98328539000011,12.879502073000026],[123.98326125500012,12.879487959000073],[123.98322264000001,12.879475414000069],[123.98315023800001,12.879475419000073],[123.98312610500011,12.879478557000027],[123.98310840700003,12.879478558000073],[123.98310358000003,12.879480127000022],[123.98306496600003,12.879480130000047],[123.98303600500003,12.879476995000061],[123.98242519000007,12.879563297000061],[123.98241071000007,12.879561730000034],[123.98240427400003,12.879564867000056],[123.9823978390001,12.879564868000045],[123.98237692300006,12.879569574000072],[123.98237048700003,12.879568006000056],[123.98235278900006,12.879568007000046],[123.9823447440001,12.879569576000051],[123.98232865500006,12.879568009000025],[123.9823206100001,12.87956957800003],[123.9823061300001,12.879569579000076],[123.98228360500002,12.879574286000036],[123.98227877800002,12.879572718000077],[123.98223211900006,12.879580563000047],[123.98220315900005,12.879582133000042],[123.98216776300001,12.87958997800007],[123.98215650100008,12.87959468400004],[123.98214523900003,12.879602527000031],[123.98213558600003,12.879615075000061],[123.9821339770001,12.879619780000041],[123.98211788900005,12.879643308000027],[123.98209214700012,12.879658994000067],[123.98207927600004,12.879663700000037],[123.98204548900003,12.879662134000057],[123.98203261700007,12.879658998000025],[123.98201330900008,12.879648020000047],[123.98200365500009,12.87963704200007],[123.98199882800009,12.879633905000048],[123.98195071400005,12.879632337000032],[123.98194266900009,12.879633906000038],[123.98189279100006,12.879632341000047],[123.9818702660001,12.879633911000042],[123.98186383000007,12.879632343000026],[123.98185739400003,12.87962920700005],[123.98185417600007,12.879624501000023],[123.98185095800011,12.87961195400004],[123.98184613000001,12.879605681000044],[123.98183165000012,12.879605681000044],[123.98182521400008,12.879607250000049],[123.98179625400007,12.879626074000043],[123.98177051100004,12.879619801000047],[123.98173511300001,12.879607256000043],[123.98172224200005,12.879608825000048],[123.98171741500005,12.879611963000059],[123.98168523600009,12.879613533000054],[123.98167880100004,12.879616670000075],[123.98167558300008,12.879622944000062],[123.98167558400007,12.879630787000053],[123.98167075800006,12.879643335000026],[123.98165949600002,12.879652746000033],[123.9816530600001,12.879654315000039],[123.9816385790001,12.879649610000058],[123.98162570700003,12.879641769000045],[123.98161122700003,12.879635496000049],[123.98158387400008,12.879629224000041],[123.98155008700007,12.879635500000063],[123.98153399800003,12.879635501000052],[123.9814937750001,12.879643346000023],[123.98143907100007,12.879648054000029],[123.98141976400007,12.879643350000038],[123.98137310400011,12.879626100000053],[123.98135862400011,12.879626101000042],[123.98135057900004,12.879627670000048],[123.98133931700011,12.879633944000034],[123.98133449000011,12.879640218000077],[123.98133127300002,12.879652766000049],[123.98132805600005,12.879659040000035],[123.98132162100001,12.879663746000062],[123.98131357600005,12.879665315000068],[123.98125887200001,12.879663750000077],[123.98125243700008,12.879665319000026],[123.98123795600009,12.87966218300005],[123.98123312900009,12.879657477000023],[123.98122186500007,12.879638657000044],[123.98121542900003,12.879633952000063],[123.98120094900003,12.879632384000047],[123.98119451400009,12.879635522000058],[123.98117520700009,12.879640228000028],[123.98116233600001,12.879648071000076],[123.98115911800005,12.879652777000047],[123.98114142100007,12.879668462000041],[123.98113176800007,12.87968101000007],[123.98112533300002,12.879693558000042],[123.98111246300004,12.879712380000058],[123.98110281000004,12.879721791000065],[123.98108993900007,12.879724929000076],[123.98108511200007,12.879721792000055],[123.98108189400011,12.879715519000058],[123.98108189200002,12.879691992000062],[123.9810802830001,12.87968415000006],[123.98107384600007,12.879673171000036],[123.9810609750001,12.879668467000045],[123.98105453900007,12.879673173000072],[123.98104649600009,12.879690426000025],[123.98104166900009,12.879695131000062],[123.98103362500001,12.879695132000052],[123.98102718900009,12.879690427000071],[123.98101914400002,12.879687291000039],[123.98100330400007,12.879660626000032],[123.98099686800003,12.879655921000051],[123.98098399700007,12.87965592200004],[123.9809662990001,12.879666902000054],[123.9809566460001,12.879676313000061],[123.98095182000009,12.879695135000077],[123.98094860200001,12.879701409000063],[123.98093734000008,12.879710820000071],[123.98092446900012,12.879713958000025],[123.98091642400004,12.87971082200005],[123.98091159700004,12.879707685000028],[123.98090677000005,12.879701411000042],[123.98090033300002,12.879687296000043],[123.98090354800001,12.879641811000056],[123.98089872100002,12.879629263000027],[123.9808922850001,12.879626127000051],[123.98086171500006,12.879627697000046],[123.98085688800006,12.879630834000068],[123.98085528000001,12.879637108000054],[123.98084562700001,12.879655930000069],[123.98083597400012,12.879665341000077],[123.98082310300003,12.879670047000047],[123.9808118410001,12.879677890000039],[123.98080862300003,12.879682596000066],[123.9807925340001,12.879696713000044],[123.98078931700002,12.87970298700003],[123.98078931800001,12.879718671000035],[123.98078610100004,12.87973749300005],[123.9807796660001,12.879751609000039],[123.98077484000009,12.879757883000025],[123.98076196800002,12.879762590000041],[123.9807458790001,12.879764159000047],[123.98072979000005,12.879768865000074],[123.98072496300006,12.879772002000038],[123.98071048400004,12.879789256000038],[123.98070404800001,12.879793962000065],[123.98067830600007,12.879806511000027],[123.98067026100011,12.879808080000032],[123.98065578100011,12.879808081000022],[123.98062199300011,12.879795535000028],[123.98061555600009,12.879782988000045],[123.9806155550001,12.879768872000056],[123.98062199000003,12.879756324000027],[123.98062681700003,12.879753187000063],[123.98063164400003,12.879746913000076],[123.98063164300004,12.879732797000031],[123.98062520600001,12.879712407000056],[123.98061716100005,12.879702997000038],[123.9806042890001,12.879696724000041],[123.98059785300006,12.879695156000025],[123.98058337300006,12.879698294000036],[123.98057211100001,12.879706137000028],[123.98056567600008,12.879717116000052],[123.98056728500001,12.87973123200004],[123.98058337700002,12.879775148000022],[123.98058016000004,12.879789264000067],[123.98057533400004,12.879795538000053],[123.98055924500011,12.879809655000031],[123.98054637400003,12.879812792000052],[123.98052545700011,12.87980495100004],[123.98048201500001,12.879778290000047],[123.9804224830001,12.879754767000065],[123.98038708600006,12.879745358000037],[123.9803645610001,12.879745360000072],[123.98032916500006,12.879751635000048],[123.98030985800006,12.879764184000067],[123.98029055200004,12.879772027000058],[123.98028250700008,12.879772028000048],[123.98026963500001,12.879767323000067],[123.98026319900009,12.879762618000029],[123.98025676300006,12.879751639000062],[123.98025354400011,12.879732818000036],[123.98025515200004,12.879718702000048],[123.9802760660001,12.879682627000022],[123.98027767500002,12.879676353000036],[123.98027606500011,12.879668511000034],[123.98027284700004,12.879663806000053],[123.98025836600004,12.879654396000035],[123.98023262200002,12.879630871000074],[123.98021653300009,12.879630871000074],[123.98021170700008,12.879635577000045],[123.98020044500004,12.87965439900006],[123.98018757400007,12.879662242000052],[123.9801795300001,12.879665379000073],[123.98017148500003,12.879665380000063],[123.98016504900011,12.879662243000041],[123.98015539500011,12.879648128000042],[123.98015217600005,12.879632443000048],[123.98015217500006,12.879618328000049],[123.9801489570001,12.879610485000057],[123.98014091200002,12.879597938000074],[123.98013608500003,12.879593233000037],[123.98012321300007,12.879585392000024],[123.98011677700003,12.879583824000065],[123.98009264300003,12.879583825000054],[123.98007816300003,12.879586963000065],[123.9800717280001,12.87959010000003],[123.98004437600002,12.879593238000041],[123.98003150500006,12.879599513000073],[123.98002667900005,12.87960578700006],[123.98002185300004,12.87962774500005],[123.98001702700003,12.879634019000036],[123.9799864580001,12.879648137000061],[123.97997358700002,12.879657548000068],[123.97996071600005,12.879663823000044],[123.97993336500008,12.879671667000025],[123.97992692900004,12.879676372000063],[123.9799156680001,12.879693626000062],[123.97990440600006,12.879704605000029],[123.97989797100001,12.879709311000056],[123.97988992600006,12.879712448000078],[123.97987866400001,12.879714017000026],[123.97986418300002,12.879710881000051],[123.9798577470001,12.87970617600007],[123.9798529200001,12.879699903000073],[123.97984970200002,12.87969362900003],[123.97984648400006,12.879679513000042],[123.97984648300007,12.879663829000037],[123.97984970000005,12.879655987000035],[123.97985774400001,12.879645007000022],[123.9798706150001,12.87963716400003],[123.9798899220001,12.879629321000039],[123.97990279300006,12.879627752000033],[123.97990922800011,12.879624615000068],[123.97991566400003,12.879624614000022],[123.97991888200011,12.879618340000036],[123.97991566300004,12.879605793000053],[123.97991244500008,12.879599519000067],[123.97990118200005,12.879586972000027],[123.97989152800005,12.879582268000036],[123.97985774000006,12.87957913200006],[123.97984486900009,12.879585407000036],[123.97983360700005,12.879594818000044],[123.97981430200002,12.879624620000072],[123.97980143100006,12.879634031000023],[123.97979338700009,12.879637168000045],[123.97978695100005,12.879637169000034],[123.97978051500002,12.87963403200007],[123.97977086100002,12.879624622000051],[123.97975798900006,12.879605801000025],[123.97974672600003,12.879593254000042],[123.97973224500004,12.87958384500007],[123.97971937400007,12.879585414000076],[123.97969041400006,12.879608942000061],[123.97967593400006,12.879612079000026],[123.97966467200001,12.879608943000051],[123.97965823600009,12.87960423800007],[123.97961157400005,12.879560324000067],[123.97959870300008,12.879554051000071],[123.97958422200008,12.87955405200006],[123.97956330700003,12.87955875800003],[123.9795375650001,12.879568170000027],[123.97950538700002,12.879583856000067],[123.97949251600005,12.879599541000061],[123.97948286400003,12.879618363000077],[123.97947238300003,12.87967018300003],[123.97947238300003,12.879678025000032],[123.97947560200009,12.879684299000075],[123.97948042900009,12.879703120000045],[123.97947882100004,12.879709394000031],[123.97945468700004,12.879725080000071],[123.97943538000004,12.879729786000041],[123.97941768300007,12.879740767000044],[123.97939194100002,12.879778411000075],[123.97938550600009,12.879779980000023],[123.97938067900009,12.879783117000045],[123.97937263400001,12.879783117000045],[123.97935171800009,12.879775276000032],[123.97934528200005,12.879779982000059],[123.97933723800008,12.879794098000048],[123.97933723900007,12.879800372000034],[123.97934367500011,12.87981919300006],[123.97935011200002,12.879831740000043],[123.97935976600002,12.879842719000067],[123.97936620200005,12.879845856000031],[123.97937424600002,12.879844287000026],[123.97938068200006,12.879845855000042],[123.97938550900005,12.879850560000023],[123.97938872800012,12.879863107000062],[123.97938872800012,12.879869381000049],[123.97938551100003,12.879881929000021],[123.97937425000009,12.879907025000023],[123.97936459700009,12.879918004000046],[123.97935172500001,12.879924279000022],[123.97933563600009,12.879924280000068],[123.97932759100001,12.879922712000052],[123.9793115010001,12.879916439000056],[123.97929380200003,12.879902324000057],[123.97928093000007,12.879886640000052],[123.97927449400004,12.879881935000071],[123.97926001400003,12.879880367000055],[123.97925679600007,12.879886641000041],[123.97925197000006,12.879891347000068],[123.97924392500011,12.879894484000033],[123.97923427100011,12.879894485000023],[123.97920852800007,12.879889781000031],[123.97919243900003,12.879883508000034],[123.97916830400004,12.879870961000051],[123.97916186800012,12.879858414000068],[123.97916186700002,12.879842730000064],[123.97916347500006,12.879836456000021],[123.97917634600003,12.879817634000062],[123.97918278100008,12.879812928000035],[123.97919243400008,12.879787832000034],[123.97918760700009,12.879783127000053],[123.97917151700005,12.879783128000042],[123.97915864600009,12.879786266000053],[123.97913933900008,12.879794109000045],[123.97912325100003,12.879819205000047],[123.9791119890001,12.879827048000038],[123.9790926820001,12.879836460000035],[123.97908624700005,12.879838028000052],[123.97905567800001,12.879863125000043],[123.97904119900011,12.879878810000037],[123.97903476300007,12.879883516000064],[123.97901384700003,12.879885085000069],[123.97900097500008,12.879875675000051],[123.97898649500007,12.879867834000038],[123.97898166800007,12.879867834000038],[123.97897040600003,12.87987410900007],[123.97896557900003,12.879880383000057],[123.9789591440001,12.879885088000037],[123.97895753500006,12.879891362000023],[123.97896075400001,12.879905478000069],[123.97897040800001,12.879924299000038],[123.97897201700005,12.879930573000024],[123.97897040900011,12.879938415000026],[123.9789655830001,12.879947826000034],[123.97895914700007,12.879950963000056],[123.97892375200001,12.879976060000047],[123.97892053500004,12.879996450000021],[123.97892053600003,12.88000586000004],[123.97891571000002,12.880018408000069],[123.9789092740001,12.880021545000034],[123.97889962000011,12.880023114000039],[123.97887709500003,12.880018410000048],[123.97887065900011,12.880013705000067],[123.97886583200011,12.880005863000065],[123.97886583100001,12.879980768000053],[123.97887387500009,12.879968220000023],[123.9788787010001,12.879963515000043],[123.9789076620001,12.879954102000056],[123.9789173150001,12.879946260000054],[123.97891731400011,12.879939986000068],[123.97891409600004,12.879932144000065],[123.97890122400008,12.879924302000063],[123.97888674400008,12.879921166000031],[123.97887869900001,12.879921167000077],[123.97886100100004,12.879927441000063],[123.97882238700004,12.879929012000048],[123.97880147100011,12.879932150000059],[123.97879503500008,12.879929013000037],[123.97878538100008,12.87991803400007],[123.97877411700006,12.879889803000026],[123.9787660720001,12.879877256000043],[123.97874515500007,12.879855299000042],[123.97873389200004,12.879849025000055],[123.97872584800007,12.879849026000045],[123.97872102100007,12.879853731000026],[123.97871458600002,12.879866279000055],[123.97870332400009,12.879872554000031],[123.97869688800006,12.879874122000047],[123.97868723400006,12.879866281000034],[123.9786840160001,12.879853733000061],[123.97867436100012,12.879836481000041],[123.97866631700003,12.879838050000046],[123.97865988100011,12.879842755000027],[123.97860823100007,12.879863145000058],[123.97858892500005,12.879883536000023],[123.97858731600002,12.879889810000066],[123.97858248900002,12.879896084000052],[123.97858088100008,12.879911769000046],[123.97858731700001,12.87992274800007],[123.97860662500011,12.879933726000047],[123.97862271500003,12.87994627300003],[123.97863076100009,12.87995882000007],[123.97863237000001,12.879972936000058],[123.97862593700006,12.880019990000051],[123.9786275460001,12.880027832000053],[123.97862754700009,12.880043516000057],[123.97863559300004,12.880062337000027],[123.97864846500011,12.880078021000031],[123.97865007400003,12.880084295000074],[123.9786484660001,12.880098411000063],[123.97864364000009,12.880117233000021],[123.97863720500004,12.880121938000059],[123.97860341700004,12.880134488000067],[123.97859859100004,12.880140762000053],[123.97858732800012,12.880150173000061],[123.97856480300004,12.880156448000037],[123.97855675900007,12.880156448000037],[123.97854388700011,12.880151743000056],[123.97854066900004,12.880145470000059],[123.97853905900001,12.880137628000057],[123.97854227700009,12.880126648000044],[123.9785471030001,12.880118806000041],[123.97856801900002,12.880109394000044],[123.97857445500006,12.880104688000074],[123.97857767200003,12.880098415000077],[123.97857445400007,12.880092141000034],[123.97856801800003,12.88008900400007],[123.97856319100003,12.880082731000073],[123.97856158200011,12.88007488900007],[123.97856158100001,12.880059204000077],[123.9785696240001,12.880034108000075],[123.97857445000011,12.880013718000043],[123.97857445000011,12.880005876000041],[123.97857284000008,12.879991760000053],[123.97856962200001,12.879985486000066],[123.97856157700005,12.879980782000075],[123.97854870500009,12.879977645000054],[123.97851169900002,12.879979216000038],[123.97847469400006,12.879987060000076],[123.97845699600009,12.879994903000068],[123.97844412500001,12.879998040000032],[123.97841194500006,12.879985494000039],[123.97840068300002,12.879991769000071],[123.97837494100008,12.88001059100003],[123.97836689600001,12.880021571000043],[123.97835563400008,12.880030982000051],[123.97834276300011,12.880034120000062],[123.97833471800004,12.880032552000046],[123.97832828200001,12.880027847000065],[123.97832345300003,12.879980794000062],[123.97832184400011,12.879976088000035],[123.97831379900003,12.87997295200006],[123.97830897200004,12.879974520000076],[123.97828644800006,12.87999491100004],[123.97827518600002,12.880001186000072],[123.97821887300006,12.880004325000073],[123.97820439300006,12.880001189000041],[123.97819795700002,12.879998053000065],[123.9781866940001,12.879988642000058],[123.97817221200012,12.879957274000049],[123.97816738400002,12.879929042000072],[123.97816738300003,12.879907084000024],[123.97817220900004,12.879886694000049],[123.97817542600001,12.879880420000063],[123.97818186100005,12.879858462000072],[123.97818186000006,12.879849051000065],[123.97818668600007,12.879828661000033],[123.97818990300004,12.879800429000056],[123.97818990200005,12.879780039000025],[123.97819955400007,12.879736122000054],[123.97820598900012,12.879723574000025],[123.97821885900009,12.879689067000072],[123.97824781700001,12.879637307000053],[123.97798486200008,12.87954478000006],[123.97798164500011,12.879555760000073],[123.97796394700003,12.879576150000048],[123.9779526850001,12.879594972000064],[123.9779430320001,12.879607521000025],[123.97793177100004,12.879631048000022],[123.97790924800006,12.879693787000065],[123.97789155100008,12.879715746000045],[123.97787707100008,12.879728295000064],[123.97786902700011,12.879740843000036],[123.97786098300003,12.879759664000062],[123.97785133200011,12.87980828700006],[123.97784650600011,12.879820834000043],[123.97782720000009,12.879853773000036],[123.97782237400008,12.87986475200006],[123.97781433000011,12.879891416000021],[123.97781111300003,12.879897690000064],[123.9778046780001,12.879919649000044],[123.9778046780001,12.879924354000025],[123.97778537300007,12.87997768200006],[123.97775319700008,12.880024737000042],[123.97773228200003,12.880041991000041],[123.97772262800004,12.880052970000065],[123.97771458400007,12.880067087000043],[123.97771458500006,12.880082771000048],[123.9777161940001,12.880089045000034],[123.97773067600008,12.880115708000062],[123.97773389500003,12.880128255000045],[123.9777322860001,12.880140803000074],[123.97772906900002,12.880147077000061],[123.97770171800005,12.880170605000046],[123.97768723800004,12.88018629000004],[123.97768080300011,12.880198837000023],[123.97767276000002,12.880223933000025],[123.97766310700001,12.880236481000054],[123.97765023600004,12.880244324000046],[123.97763092900004,12.880252167000037],[123.97762449300001,12.880256872000075],[123.97762449400011,12.880263146000061],[123.97764541100003,12.880291377000049],[123.97765184700006,12.880303924000032],[123.97765023900001,12.880318040000077],[123.97764219500004,12.880330588000049],[123.97762288800004,12.880343137000068],[123.9775874930001,12.880371370000034],[123.97757784000009,12.880380781000042],[123.97756979600001,12.880393329000071],[123.97755692500004,12.880407446000049],[123.97755049000011,12.88041215100003],[123.97753601000011,12.880429405000029],[123.97751831300002,12.880443522000064],[123.97750866000001,12.880454501000031],[123.97750705100009,12.880468617000076],[123.97750866100012,12.880489007000051],[123.97750544400003,12.880499986000075],[123.97750061700003,12.880506260000061],[123.9774941820001,12.880510966000031],[123.97745235000002,12.880510968000067],[123.97743786900003,12.880509400000051],[123.97740890800003,12.880501559000038],[123.97739442800003,12.880495286000041],[123.97737994700003,12.880492149000077],[123.97737190200007,12.880492150000066],[123.97735903100011,12.880499992000068],[123.97735259600006,12.880506267000044],[123.9773493780001,12.880514109000046],[123.97734455200009,12.880520383000032],[123.97733168100001,12.880531363000046],[123.97732363700004,12.880532931000062],[123.97730915600005,12.880531363000046],[123.97729467500005,12.880525090000049],[123.97728502100006,12.88051568000003],[123.97726571300007,12.880481175000057],[123.97725605900007,12.880476470000076],[123.97724640500007,12.880476471000065],[123.97723031600003,12.88047960800003],[123.9772238810001,12.880482745000052],[123.97720940000011,12.880484315000047],[123.97719170200003,12.880489021000074],[123.97717722200002,12.880489021000074],[123.97716917700006,12.880487453000057],[123.97716274200002,12.880485885000041],[123.9771563060001,12.880481180000061],[123.9771514790001,12.880474906000074],[123.97714826000004,12.880462359000035],[123.97714504200007,12.880456085000048],[123.97712412600004,12.880445107000071],[123.97709677400007,12.880438835000064],[123.97709033800004,12.880438835000064],[123.97706942200011,12.880446678000055]]],[[[123.9846977310001,12.876272907000043],[123.98475830000007,12.876299522000068],[123.98477773500008,12.876313731000039],[123.98480203100007,12.876327939000078],[123.98482308600001,12.876343727000062],[123.98482956500004,12.876346885000032],[123.98486843700005,12.876380039000026],[123.98489111400011,12.876410036000038],[123.98489765300008,12.876415920000056],[123.98488721000001,12.876999947000058],[123.98487784500003,12.876995214000033],[123.9848373530001,12.876968375000047],[123.98480495900003,12.876944695000077],[123.98478714100008,12.876927327000033],[123.98477580400004,12.876913118000061],[123.98475798700008,12.876897330000077],[123.98473855100008,12.876876806000041],[123.98471425500009,12.876846808000039],[123.98469643800001,12.876827862000027],[123.98468833900006,12.876821547000077],[123.9846705220001,12.876801022000052],[123.9846656630001,12.876793128000031],[123.98464946600006,12.876775761000033],[123.98464460600007,12.876767867000069],[123.98462193000012,12.876745764000077],[123.98460411400004,12.876725239000052],[123.98457333900001,12.876698400000066],[123.98455390300012,12.876685770000051],[123.98454742300009,12.876679455000044],[123.98452798800008,12.876668404000043],[123.98451179100005,12.876655774000028],[123.98448587700011,12.87664314400007],[123.98439031500004,12.876587889000064],[123.98437250000006,12.876581574000056],[123.98434982400011,12.876570524000044],[123.98432876900006,12.876559473000043],[123.98432391000006,12.87655473500007],[123.98431257300001,12.876548421000052],[123.98430285500001,12.876545263000025],[123.98426884100002,12.876527897000074],[123.98425102600004,12.876516847000062],[123.98423320800009,12.876508953000041],[123.98419919600008,12.876488429000062],[123.98415222500012,12.876464748000046],[123.9841425080001,12.876458433000039],[123.9840647640001,12.876420544000041],[123.98405828600005,12.876415809000036],[123.98401779400001,12.876395285000058],[123.98398702100008,12.876376340000036],[123.98395462600001,12.87635265800003],[123.98392871100009,12.876336872000024],[123.98391737400004,12.876327398000058],[123.98389925900005,12.876304527000059],[123.98388629900012,12.876274529000057],[123.98387982100007,12.876265056000022],[123.98386686200001,12.87623979500006],[123.98385714300002,12.876225585000043],[123.98382798900002,12.876189272000033],[123.98379073600006,12.876151381000057],[123.9837583420001,12.876126121000027],[123.98374538500002,12.876119806000077],[123.98373728700005,12.876113492000059],[123.9837146110001,12.876100862000044],[123.98368221800001,12.876086653000073],[123.98367250000001,12.876080337000076],[123.98366278300011,12.876077181000028],[123.98361095300004,12.876037711000038],[123.98360447300001,12.876034553000068],[123.98359799500008,12.87602823900005],[123.98357370000008,12.876012451000065],[123.98353806800003,12.875995085000056],[123.98352187100011,12.875984033000066],[123.9835024350001,12.875966667000057],[123.98349433700002,12.875955615000066],[123.98347813900011,12.875924038000051],[123.98347327900001,12.875900355000056],[123.98347327700003,12.875871936000067],[123.98347651400002,12.875854567000033],[123.98347489200012,12.875794570000039],[123.98347651100005,12.875778781000065],[123.98348298900009,12.875766149000071],[123.98349756500011,12.87575036000004],[123.98352185800002,12.875736150000023],[123.98353643300004,12.875732990000074],[123.98356072800004,12.875731410000071],[123.98358016300006,12.875728251000055],[123.98364980700001,12.87572824700004],[123.98366438300002,12.875731404000021],[123.98367734100009,12.875740877000055],[123.98368058000005,12.875745614000039],[123.98369029800006,12.875769296000044],[123.98369191900008,12.875781927000048],[123.98369677900007,12.875796137000066],[123.98370001700005,12.875802452000073],[123.98371621600006,12.875821398000028],[123.98372755300011,12.875827713000035],[123.98376804400004,12.875845079000044],[123.98377776200005,12.875851394000051],[123.98383445000002,12.875871916000051],[123.98388465900007,12.875895598000056],[123.98390571500011,12.875903490000042],[123.98394296700008,12.875922435000064],[123.98396888100001,12.875928749000025],[123.98397859900001,12.875928748000035],[123.98401584900012,12.875919273000022],[123.98405148100005,12.87591769200003],[123.98407901300004,12.875919270000054],[123.98409035100008,12.875920848000021],[123.98410978600009,12.875927162000039],[123.98414865900008,12.875942950000024],[123.98418753100009,12.875965052000026],[123.98422154400009,12.875988733000042],[123.98424745900002,12.876010836000034],[123.98426203700001,12.876020309000069],[123.98430414800009,12.876042411000071],[123.98431872500009,12.876048725000032],[123.98434301800012,12.876053461000026],[123.98435273600012,12.876053460000037],[123.98437379300003,12.876058196000031],[123.98438998900008,12.876062932000025],[123.98442076300012,12.87607556100005],[123.98444991800011,12.876110295000046],[123.98447745300007,12.876137135000022],[123.98449689000006,12.87615134400005],[123.98453414300002,12.87618291900003],[123.98456005900005,12.876209760000052],[123.98457949500005,12.876225547000047],[123.98458921400004,12.876236599000038],[123.98460703000001,12.876250808000066],[123.98464914200008,12.876266594000072],[123.98466857700009,12.876269752000042],[123.98468315400009,12.876269750000063],[123.9846977310001,12.876272907000043]]]]},"properties":{"objectid":7582,"gthcode":"8010562100040000","globalid":"{41826D32-6B81-40F3-ADFE-92835B27AA59}","st_area(shape)":0.00040696661080972325,"reg_name":"Region V (Bicol Region)","prov_name":"Sorsogon","city_name":"Juban","brgy_name":"Binanuahan","reg_code":"050000000","prov_code":"056200000","city_code":"056210000","brgy_code":"056210004","psgc_10d":"0506210004","geographic_level":"Bgy","old_names":"","class":"Municipality","income_class":"","urban_rural2015":"R","bgypop2015":1264,"bgypop2020":1433,"bgyarea_sqkm":4.8868916499999999,"gida":"No","gida_yr":null,"st_perimeter(shape)":0.1420423727978756,"created_user":null,"created_date":null,"last_edited_user":"ADMIN2","last_edited_date":1748789491000}},{"type":"Feature","id":9209,"geometry":{"type":"Polygon","coordinates":[[[123.99780987400004,12.787661710000066],[123.99442565900006,12.789048323000031],[123.99439964600003,12.788916777000054],[123.99430572300002,12.788556740000047],[123.99386741800004,12.788165396000068],[123.9932549020001,12.787963327000057],[123.99252548100003,12.787746524000056],[123.9919167920001,12.787355370000057],[123.99157102900006,12.786828180000043],[123.99133624100011,12.78632218100006],[123.99125284900003,12.785397407000062],[123.99126076000005,12.784685705000072],[123.99119735300008,12.783942292000063],[123.99115353900004,12.783447009000042],[123.99133076400005,12.782989314000076],[123.99160799000003,12.782491700000037],[123.99164900800008,12.782080652000047],[123.99147938300007,12.781767697000078],[123.9911094900001,12.781484306000038],[123.99065942100003,12.781025184000043],[123.99048620800011,12.780416790000061],[123.99029836300008,12.779587141000036],[123.99020444100006,12.778992299000038],[123.9901731330001,12.77846007100004],[123.99032967100004,12.777974805000042],[123.99041138400003,12.777592368000057],[123.99049096600004,12.777212562000045],[123.99044660700008,12.776876288000039],[123.99029618900011,12.776600916000064],[123.98956309200003,12.775920291000034],[123.98819303300002,12.774645117000034],[123.98700476800002,12.773516095000048],[123.98618536900005,12.772751458000073],[123.98559504200011,12.772399147000044],[123.98495420800009,12.772067222000032],[123.98460328500005,12.771887978000052],[123.9843383760001,12.77168094700005],[123.98416854600009,12.77130902600004],[123.98405036500003,12.770760925000047],[123.9839498450001,12.770021100000065],[123.98381819800011,12.769323169000074],[123.98396083700004,12.768600308000032],[123.98399646100006,12.767972120000024],[123.98399548300006,12.767428583000026],[123.98380168200003,12.766688698000053],[123.98341180200009,12.765991478000046],[123.98290773500003,12.765396914000064],[123.98219251300009,12.764759040000058],[123.9813775240001,12.764281611000058],[123.98094398000001,12.763840640000069],[123.9806556530001,12.763354202000073],[123.98059303800005,12.762931551000065],[123.98060869200003,12.762446284000077],[123.98053042300012,12.762054941000031],[123.98029561700002,12.761726212000042],[123.9800138490001,12.761554020000062],[123.97988861900001,12.761193984000045],[123.97997016700003,12.760680402000048],[123.98001650100002,12.760029069000041],[123.98015131400007,12.759724928000026],[123.9804367370001,12.759438444000068],[123.98065814400002,12.758997620000059],[123.98069353900007,12.758452947000023],[123.98104741100008,12.756437668000046],[123.9812856420001,12.755663283000047],[123.98147288000007,12.755219444000033],[123.98165014200003,12.754692009000053],[123.98173043500003,12.754154519000053],[123.98172159000001,12.75345410400007],[123.98344021100002,12.754484117000061],[123.98597745100005,12.755996230000051],[123.98916594000002,12.758424730000058],[123.99204994200011,12.75980362100006],[123.99415394400012,12.760680551000064],[123.99760056100001,12.787035932000038],[123.99780987400004,12.787661710000066]]]},"properties":{"objectid":9209,"gthcode":"8010562100060000","globalid":"{311DD5E9-C608-4F28-8230-A3CADFC77FAB}","st_area(shape)":0.00029286667233940509,"reg_name":"Region V (Bicol Region)","prov_name":"Sorsogon","city_name":"Juban","brgy_name":"Buraburan","reg_code":"050000000","prov_code":"056200000","city_code":"056210000","brgy_code":"056210006","psgc_10d":"0506210006","geographic_level":"Bgy","old_names":"","class":"Municipality","income_class":"","urban_rural2015":"R","bgypop2015":2322,"bgypop2020":2219,"bgyarea_sqkm":3.5180550999999998,"gida":"No","gida_yr":null,"st_perimeter(shape)":0.088184394240934286,"created_user":null,"created_date":null,"last_edited_user":"ADMIN2","last_edited_date":1748789491000}},{"type":"Feature","id":10619,"geometry":{"type":"Polygon","coordinates":[[[123.99179499200011,12.805310139000028],[123.99033620200009,12.806038519000026],[123.98903120300008,12.805810542000074],[123.98718224600009,12.806882036000047],[123.98618521600008,12.807291457000076],[123.98660522300008,12.808689361000063],[123.98581223100007,12.809892284000057],[123.98452223700008,12.810512249000055],[123.98305024400008,12.811386199000026],[123.98263025000006,12.812220145000026],[123.98172225100006,12.812261147000072],[123.98098225800004,12.813222086000053],[123.97944926200012,12.813432080000041],[123.9783502680001,12.814204034000056],[123.97301690300003,12.81584553600004],[123.97760271900006,12.808943355000054],[123.97871428100007,12.806004900000062],[123.97525293100011,12.801460219000035],[123.97592188300007,12.800516619000064],[123.98545809300003,12.79268625800006],[123.98567025500006,12.792230268000026],[123.98691014200006,12.794250331000057],[123.9870145430001,12.796110855000052],[123.98728830400012,12.797205900000051],[123.98756206600001,12.798232504000055],[123.98797270700004,12.799122228000044],[123.98797270700004,12.800080392000041],[123.98810958800004,12.801243877000047],[123.98845178900001,12.80179140000007],[123.98889362500006,12.802479883000046],[123.98926340700007,12.802721664000046],[123.98969007800008,12.803105669000047],[123.99005986100008,12.80329056000005],[123.99048653200009,12.803447006000056],[123.9908563140001,12.803432783000062],[123.9912260960001,12.803560785000059],[123.9917096580001,12.803717231000064],[123.99203677300011,12.803845233000061],[123.99226433100011,12.804058569000063],[123.99236388700001,12.804442573000074],[123.99232122000001,12.804670131000023],[123.99212210700011,12.80496880100003],[123.99179499200011,12.805310139000028]]]},"properties":{"objectid":10619,"gthcode":"8010562100070000","globalid":"{626B0513-81F6-4898-826E-2C73E8D21C8F}","st_area(shape)":0.00019100867145967277,"reg_name":"Region V (Bicol Region)","prov_name":"Sorsogon","city_name":"Juban","brgy_name":"Calateo","reg_code":"050000000","prov_code":"056200000","city_code":"056210000","brgy_code":"056210007","psgc_10d":"0506210007","geographic_level":"Bgy","old_names":"","class":"Municipality","income_class":"","urban_rural2015":"R","bgypop2015":731,"bgypop2020":756,"bgyarea_sqkm":2.2941830400000001,"gida":"Yes","gida_yr":"2023","st_perimeter(shape)":0.071154246742351046,"created_user":null,"created_date":null,"last_edited_user":"ADMIN2","last_edited_date":1748789466000}},{"type":"Feature","id":10792,"geometry":{"type":"Polygon","coordinates":[[[123.98567025500006,12.792230268000026],[123.98513862400011,12.792575139000064],[123.98416632800001,12.792547359000025],[123.98299957200004,12.792484854000065],[123.98205505600004,12.792547359000025],[123.98179114700008,12.792422349000049],[123.96004078900012,12.789323154000044],[123.93973687200003,12.785900465000054],[123.94008014500002,12.780501506000064],[123.94016310900008,12.774045940000065],[123.94072308000011,12.768975278000028],[123.94596207500001,12.769656205000047],[123.95058685800007,12.770750036000038],[123.9511150730001,12.770897093000031],[123.95445907100009,12.771617027000048],[123.96441906500002,12.773547844000063],[123.97022506500002,12.775305695000043],[123.9764660620001,12.776556577000065],[123.9792097080001,12.784743724000066],[123.98015470100006,12.786658577000026],[123.98279073200001,12.789095662000022],[123.98559013100009,12.791707509000048],[123.98567025500006,12.792230268000026]]]},"properties":{"objectid":10792,"gthcode":"8010562100080000","globalid":"{0988C413-4081-4968-B0FD-001C59C7AB4F}","st_area(shape)":0.0006524283749504376,"reg_name":"Region V (Bicol Region)","prov_name":"Sorsogon","city_name":"Juban","brgy_name":"Calmayon","reg_code":"050000000","prov_code":"056200000","city_code":"056210000","brgy_code":"056210008","psgc_10d":"0506210008","geographic_level":"Bgy","old_names":"","class":"Municipality","income_class":"","urban_rural2015":"R","bgypop2015":534,"bgypop2020":584,"bgyarea_sqkm":7.8369338199999996,"gida":"Yes","gida_yr":"2023","st_perimeter(shape)":0.11883992787967015,"created_user":null,"created_date":null,"last_edited_user":"ADMIN2","last_edited_date":1748789466000}},{"type":"Feature","id":12124,"geometry":{"type":"Polygon","coordinates":[[[123.94216149100009,12.870375185000057],[123.9421244880001,12.870389302000035],[123.94211322700005,12.870390871000041],[123.94207944100003,12.870392441000035],[123.94205691700006,12.870390873000076],[123.94204243800004,12.870386168000039],[123.94203117500001,12.870376758000077],[123.94200382400004,12.870348527000033],[123.94199417100003,12.870343822000052],[123.94197969100003,12.870337549000055],[123.94193303500003,12.870332845000064],[123.94191855500003,12.870329709000032],[123.94190085800005,12.870323436000035],[123.9418461570001,12.870296775000043],[123.9418268500001,12.870281091000038],[123.94175021300009,12.870257602000038],[123.94170999100004,12.870243488000028],[123.94166816000006,12.870218394000062],[123.94165368000006,12.870212121000066],[123.94163598200009,12.870207416000028],[123.94161345800001,12.87019643800005],[123.94160541400004,12.870194870000034],[123.94159093400003,12.870188596000048],[123.94157645400003,12.870183892000057],[123.94152014400004,12.870174483000028],[123.94151210000007,12.870171346000063],[123.94148796700006,12.870171347000053],[123.94147348700005,12.870177621000039],[123.94146061700008,12.87018075800006],[123.94144452800003,12.87018075800006],[123.94141074200002,12.870174486000053],[123.94140430700008,12.870168212000067],[123.94139465300009,12.870147823000025],[123.94138660900012,12.87014468600006],[123.94138178200001,12.87014468700005],[123.94137373800004,12.870147824000071],[123.94135443200003,12.87014468700005],[123.94134638700007,12.870132140000067],[123.94134316900011,12.870118025000068],[123.94133834200011,12.870111751000024],[123.9413286890001,12.870105478000028],[123.94132225400006,12.870103909000022],[123.9413142090001,12.870099204000041],[123.94130777400005,12.870097636000025],[123.94129168500001,12.870097637000072],[123.94128525000008,12.870092931000045],[123.94127881400004,12.870080384000062],[123.94127881300005,12.870056858000055],[123.94127237800001,12.870050585000058],[123.94124341800011,12.870036470000059],[123.94122250300006,12.870031765000022],[123.94119676100001,12.87002235500006],[123.94117906400004,12.870009808000077],[123.94117262800012,12.870003535000023],[123.94116136600007,12.869983146000038],[123.94115975700004,12.869970598000066],[123.94115493000004,12.869958051000026],[123.94114205900007,12.869948641000065],[123.94111149000003,12.869936095000071],[123.94110344600006,12.869931390000033],[123.94107448700004,12.869925117000037],[123.94105679000006,12.869925117000037],[123.94105035400003,12.869923549000077],[123.94104391900009,12.869925118000026],[123.94098278300009,12.869923551000056],[123.94095704200004,12.869920415000024],[123.94090555900004,12.869907869000031],[123.94084764000002,12.869900029000064],[123.94082029000003,12.86988905000004],[123.94080098300003,12.869876504000047],[123.94079776600006,12.869871798000077],[123.94079776500007,12.869863956000074],[123.94080741800008,12.869854546000056],[123.94081063600004,12.869846703000064],[123.94081063500005,12.869841998000027],[123.94080741800008,12.86983572500003],[123.94080259100008,12.86983101900006],[123.94078811100007,12.869823178000047],[123.94077684900003,12.869813768000029],[123.94076237000002,12.869809063000048],[123.94072353100012,12.869788139000036],[123.94070261500008,12.869780298000023],[123.9406849180001,12.869777161000059],[123.94064308700001,12.869775594000032],[123.94062056300004,12.869770889000051],[123.94061091000003,12.869759910000028],[123.94060769200007,12.869747363000045],[123.94061412700012,12.869734815000072],[123.94063021500006,12.869714425000041],[123.94063343200003,12.869706583000038],[123.94063825800004,12.869687762000069],[123.94063825700005,12.869665804000022],[123.94063664800001,12.869656393000071],[123.94063343000005,12.869642278000072],[123.94062860300005,12.869636004000029],[123.94061734100001,12.869625025000062],[123.94061090500009,12.86962188800004],[123.94059481700003,12.869618752000065],[123.94058999000003,12.869612478000022],[123.94058999000003,12.869606205000025],[123.94059964200005,12.869593657000053],[123.94062860100007,12.869584246000045],[123.94064147200004,12.869577972000059],[123.94064308000009,12.86956385600007],[123.94063503600012,12.869554446000052],[123.94060285800003,12.869534057000067],[123.94059481400006,12.869532489000051],[123.94057550700006,12.869521510000027],[123.94046610500004,12.869480734000035],[123.94045645100005,12.86947916500003],[123.94043875400007,12.869479166000076],[123.94043231900002,12.869482303000041],[123.94042749200003,12.869487008000021],[123.94042105800008,12.869501124000067],[123.94041944900005,12.869507398000053],[123.94041945000004,12.86954817700007],[123.94041462400003,12.86957013500006],[123.94040336300009,12.869582683000033],[123.94039371000008,12.86958738800007],[123.94038727400005,12.86958738800007],[123.94037762100004,12.869576410000036],[123.94036957600008,12.869559157000026],[123.94036153100001,12.869513673000029],[123.94035509500009,12.869502694000062],[123.94034383300004,12.869496421000065],[123.94032774400011,12.869491716000027],[123.94030200300006,12.869493285000033],[123.9402939580001,12.869479169000044],[123.94029234900006,12.869468190000077],[123.94029717500007,12.869457211000054],[123.94030843700011,12.869449369000051],[123.94033578700009,12.869438389000038],[123.94034704900002,12.869428979000077],[123.94034865700007,12.869410158000051],[123.94034543900011,12.869391337000025],[123.94034061200011,12.869383495000022],[123.94032452300007,12.869372516000055],[123.94029234600009,12.86935683300004],[123.94028108400005,12.869348991000038],[123.94026499500001,12.869341149000036],[123.94025051600011,12.869336444000055],[123.94022960100006,12.869334876000039],[123.94017490100009,12.869344288000036],[123.94015398600004,12.869339583000055],[123.94012824400011,12.869320763000076],[123.94012019900003,12.869311353000057],[123.94011537200004,12.869300374000034],[123.94011054500004,12.869279985000048],[123.94011215400008,12.86926586900006],[123.94011215300009,12.869242342000064],[123.94009123700005,12.869207838000023],[123.94008319200009,12.869167059000063],[123.94007836500009,12.869132554000032],[123.94007514700002,12.869123144000071],[123.94007514600003,12.86907138600003],[123.94007675400007,12.869068249000065],[123.94007997100005,12.869038449000072],[123.94007836100002,12.869002375000036],[123.94006709900009,12.868974144000049],[123.94006227200009,12.868967871000052],[123.94004779200009,12.868938071000059],[123.9400477910001,12.868891018000056],[123.94004939900003,12.868873766000036],[123.94005422500004,12.868853376000061],[123.94006387700006,12.868793776000075],[123.9400719680001,12.868713157000059],[123.94008322900004,12.86868178800006],[123.94009288100006,12.868669241000077],[123.94013792800001,12.868636303000073],[123.9401459720001,12.868622187000028],[123.94014597100011,12.868601797000053],[123.94014436200007,12.86859081800003],[123.94013631700011,12.868570429000044],[123.94012344600003,12.868548471000054],[123.94012022800007,12.868539061000035],[123.94010896500004,12.86851867200005],[123.94008644000007,12.868462209000029],[123.94007839500011,12.868446525000024],[123.94004943500011,12.868408883000029],[123.94003817300006,12.868388494000044],[123.9400301280001,12.868358694000051],[123.94003012700011,12.86833673600006],[123.94003334400008,12.86831948400004],[123.94003334400008,12.868308505000073],[123.94003495300001,12.868305368000051],[123.94003495200002,12.868284978000077],[123.94003012500002,12.86826145200007],[123.94002208000006,12.868242631000044],[123.94002208000006,12.868239494000022],[123.94001081800002,12.868215968000072],[123.94000277300006,12.868204990000038],[123.93996898700004,12.868170485000064],[123.93996737800001,12.868170485000064],[123.93994485400003,12.868145391000041],[123.93987567300007,12.868093635000037],[123.9398386690001,12.868076383000073],[123.93981775400005,12.868070110000076],[123.93980488300008,12.868063837000022],[123.93976948900001,12.868054427000061],[123.93974052900012,12.868041880000021],[123.93970513500005,12.868029334000028],[123.93966974000011,12.868012082000064],[123.93964882500006,12.868004240000062],[123.93960699500008,12.867983852000066],[123.93957642700002,12.867971305000026],[123.93953138000006,12.867949349000071],[123.93952655300006,12.867944643000044],[123.93952011800002,12.867941507000069],[123.93950081100002,12.867921118000027],[123.93949115800001,12.867907002000038],[123.93948311400004,12.867891318000034],[123.93948150500012,12.867883476000031],[123.93947667800012,12.86787406600007],[123.93946863300005,12.867841129000055],[123.93945254400012,12.867797214000063],[123.93944449900005,12.86776898200003],[123.93944449900005,12.867759572000068],[123.93944128100009,12.867748593000044],[123.93943967200005,12.867729772000075],[123.93944288900002,12.867709382000044],[123.93945575900011,12.867685856000037],[123.93947023800001,12.867668603000027],[123.9394831080001,12.867656055000054],[123.93950241400012,12.867643507000025],[123.93951850200006,12.867637233000039],[123.93954907000011,12.867630959000053],[123.93958446400006,12.867630958000063],[123.93960055200012,12.867632526000023],[123.9396279020001,12.867638799000076],[123.93964559900007,12.867645072000073],[123.93967938500009,12.867649776000064],[123.93968260300005,12.86765134500007],[123.93971799700012,12.867654481000045],[123.93972765000001,12.867657617000077],[123.93974052100009,12.867665459000023],[123.93974695600002,12.867676438000046],[123.93976143700002,12.867712511000036],[123.9397694810001,12.867728195000041],[123.93977591700002,12.867739174000064],[123.93979683200007,12.867762700000071],[123.93982096500008,12.867781520000051],[123.93983061800009,12.867786225000032],[123.93983705300002,12.867792499000075],[123.9398644040001,12.867809751000038],[123.93992875800006,12.867861507000043],[123.93994645600003,12.867872486000067],[123.93998828600002,12.867891306000047],[123.94000759200003,12.867905421000046],[123.9400108100001,12.867911694000043],[123.94001241900003,12.867919536000045],[123.94001241900003,12.867927379000037],[123.94000920200006,12.867943063000041],[123.94000598500008,12.867950905000043],[123.93999633200008,12.867963453000073],[123.93998346100011,12.867972864000023],[123.9399689820001,12.867968159000043],[123.9399593280001,12.867954043000054],[123.93994967500009,12.867944633000036],[123.93994324000005,12.867944633000036],[123.93993680500012,12.867949339000063],[123.93993197800012,12.86795561200006],[123.93992715200011,12.867969728000048],[123.93992876100003,12.867985412000053],[123.93993358800003,12.868007370000043],[123.93994002400007,12.86802619100007],[123.93994806900002,12.868045012000039],[123.93995450400007,12.868049717000076],[123.93996576600011,12.868062264000059],[123.93998990000011,12.868081085000028],[123.94000437900002,12.868095200000027],[123.94001403300001,12.868107747000067],[123.94003333900002,12.868124999000031],[123.9400552730001,12.86814907400003],[123.94006331800006,12.868164758000034],[123.94007779800006,12.86820083200007],[123.94008584300002,12.868229063000058],[123.94009871500009,12.868287094000038],[123.94011480500001,12.868337283000074],[123.94014215700008,12.868400020000024],[123.94016629100008,12.868465893000064],[123.94021294900006,12.868564702000072],[123.94022743000005,12.86861959600003],[123.94024352000008,12.868671354000071],[123.94025156400005,12.868690174000051],[123.94025800000009,12.868699585000059],[123.94026765300009,12.868719974000044],[123.94027891600001,12.868734089000043],[123.9402821330001,12.868741931000045],[123.94029017800005,12.868752910000069],[123.9403159200001,12.868803099000047],[123.9403255740001,12.86882819300007],[123.9403448810001,12.868870540000046],[123.94035131700002,12.868890929000031],[123.94035936100011,12.868903476000071],[123.94037223300006,12.868919160000075],[123.94038832100011,12.868930139000042],[123.94040762700001,12.868936412000039],[123.94041406300005,12.868936412000039],[123.94042049800009,12.868934843000034],[123.94043336800007,12.868927001000031],[123.94044945600001,12.868909748000021],[123.94046393500003,12.868903474000035],[123.9404719800001,12.868903473000046],[123.94048002400007,12.868905042000051],[123.94048806800004,12.868909747000032],[123.94050898300009,12.868926999000053],[123.94052507200001,12.868930135000028],[123.94054116000007,12.868930135000028],[123.94054759500011,12.868928566000022],[123.94055563900008,12.868923861000042],[123.94056690100001,12.868906608000032],[123.94056850900006,12.868897197000024],[123.94056850900006,12.86887994500006],[123.9405749440001,12.868868965000047],[123.94059425000012,12.868861123000045],[123.94062159900011,12.868856417000075],[123.94069077900008,12.868857983000055],[123.94069882300005,12.868856415000039],[123.94074548000003,12.868854845000044],[123.94079454200005,12.868862686000057],[123.9408154570001,12.868872096000075],[123.94083154500004,12.868873664000034],[123.94086372200002,12.868872094000039],[123.94091681300006,12.868857977000062],[123.9409232480001,12.86885484000004],[123.94095220700001,12.868856408000056],[123.94098116600003,12.868870523000055],[123.94099886400011,12.868884638000054],[123.94101656100008,12.868895616000032],[123.94102460600004,12.868897185000037],[123.94104713000002,12.868908163000071],[123.94106160900003,12.868919141000049],[123.94108735100008,12.868933256000048],[123.94110826600001,12.868947371000047],[123.94112596400009,12.868963055000052],[123.9411500970001,12.868992854000055],[123.94116940400011,12.869024222000064],[123.94118066700003,12.869060295000054],[123.94118710400005,12.869127737000042],[123.94119193100005,12.869149695000033],[123.94119514900001,12.869157537000035],[123.94120962900001,12.869177926000077],[123.94122893600002,12.869188904000055],[123.94126111200001,12.869185766000044],[123.94129007100003,12.869177923000052],[123.94131098500009,12.869166944000028],[123.94131581200008,12.869162238000058],[123.9413302910001,12.869154396000056],[123.94134959700011,12.86914812200007],[123.94136568500005,12.869146553000064],[123.94138820800003,12.869148121000023],[123.94142843000009,12.869162235000033],[123.9414429090001,12.869160666000028],[123.94144934400003,12.869154392000041],[123.94146221400001,12.869138708000037],[123.9414750840001,12.869112044000076],[123.94148151900004,12.869091655000034],[123.94149599600007,12.869030486000042],[123.94150725700001,12.869000686000049],[123.94150725700001,12.868995981000069],[123.94151208300002,12.868985001000055],[123.94151530000011,12.868972454000073],[123.94153138800004,12.868945790000055],[123.94154104000006,12.868933243000072],[123.94154747500011,12.868926969000029],[123.9415523020001,12.868919127000026],[123.94157160700001,12.868900305000068],[123.94157804200006,12.868886189000023],[123.94158125900003,12.86887364200004],[123.94157643200003,12.868857958000035],[123.94157804000008,12.868842274000031],[123.94158447500001,12.868829726000058],[123.94159573700006,12.86882031500005],[123.94160699800011,12.868814041000064],[123.94162308700004,12.868814041000064],[123.94163113100001,12.868815609000023],[123.94165043700002,12.868823450000036],[123.94166652500007,12.868823450000036],[123.94167296100011,12.868821881000031],[123.94168422200005,12.868814039000029],[123.94168904800006,12.868807765000042],[123.94170352700007,12.868781101000025],[123.94170996200012,12.86877796400006],[123.94172926800002,12.86877796400006],[123.9417421390001,12.868782669000041],[123.94174857400003,12.868787374000021],[123.94175983700006,12.868803057000036],[123.94176305500002,12.868810899000039],[123.9417662730001,12.868826584000033],[123.9417662730001,12.868843836000053],[123.94176466500005,12.868850110000039],[123.94176466600004,12.868898731000058],[123.94176627500008,12.868906573000061],[123.94177110200008,12.868914415000063],[123.94178236400012,12.868922256000076],[123.94178880000004,12.86892539300004],[123.94180810500006,12.868923824000035],[123.94184028100005,12.868905002000076],[123.94184671700009,12.868903433000071],[123.9418611960001,12.868903433000071],[123.94188372000008,12.868908138000052],[123.94189176400005,12.868908137000062],[123.94190463500001,12.868905000000041],[123.94191911400003,12.868897157000049],[123.94192876700004,12.868894020000027],[123.94193520200008,12.868894020000027],[123.94194324600005,12.868895588000044],[123.94194807300005,12.868898725000065],[123.94195450800009,12.868903430000046],[123.94196416200009,12.868915977000029],[123.94197703300006,12.868926956000053],[123.94200438400003,12.868942639000068],[123.94202208100012,12.868947344000048],[123.94203012500009,12.868947343000059],[123.94205264900006,12.868942637000032],[123.94206551900004,12.868937932000051],[123.9420864330001,12.868923815000073],[123.94209286800003,12.86891283600005],[123.94209608600011,12.868898720000061],[123.94209286700004,12.868878331000076],[123.94208643100001,12.868865784000036],[123.94209608300002,12.868832847000022],[123.9420944740001,12.868815594000068],[123.94208642900003,12.868795205000026],[123.9420848200001,12.868787363000024],[123.94208803700008,12.868773247000036],[123.94209286300008,12.868765405000033],[123.94209929900001,12.868763836000028],[123.94211056100005,12.868765404000044],[123.94212986700006,12.868777951000027],[123.94214112900011,12.868790498000067],[123.94215882700007,12.868804613000066],[123.94216526200012,12.86880304400006],[123.94217169700005,12.868798339000023],[123.94217652400005,12.868792065000036],[123.94217974100002,12.868784223000034],[123.9421829580001,12.86876853800004],[123.94218134900007,12.868755991000057],[123.94217491300003,12.868740307000053],[123.94217491300003,12.868732465000051],[123.94218617400008,12.868712075000076],[123.94219904400006,12.86869325400005],[123.94220547900011,12.868679138000061],[123.94220869600008,12.868665022000073],[123.94221191400004,12.86865874800003],[123.94221191300005,12.868650906000028],[123.94221674000005,12.868638358000055],[123.94222478300003,12.868627379000031],[123.94224408900004,12.868621105000045],[123.94226500400009,12.868622672000072],[123.94227304800006,12.868624241000077],[123.94230039900003,12.868636787000071],[123.94230683500007,12.86863835500003],[123.94231970500005,12.868644628000027],[123.94235531700008,12.868672485000047],[123.94235692700011,12.86868032700005],[123.94236175300011,12.868686601000036],[123.94237462400008,12.868691305000027],[123.94238105900001,12.868689737000068],[123.94239232100006,12.868683463000025],[123.9424261050001,12.86864582000004],[123.94243414800007,12.868630135000046],[123.94243736500005,12.868608177000056],[123.94243897400008,12.868606609000039],[123.94244219100005,12.868590924000046],[123.9424486260001,12.868579945000022],[123.94246310500012,12.868573671000036],[123.94248723800001,12.868573670000046],[123.94251619700003,12.868579943000043],[123.94252424100011,12.868579943000043],[123.94253389400001,12.868575237000073],[123.94254354600002,12.868567395000071],[123.94255159000011,12.868556416000047],[123.94255319900003,12.868550142000061],[123.94255480700008,12.868542300000058],[123.94255480600009,12.868512500000065],[123.94255319700005,12.868503089000058],[123.94254837000005,12.868490542000075],[123.94254354300006,12.868482700000072],[123.94253710800001,12.868476427000076],[123.94253067200009,12.868463880000036],[123.94252906300005,12.868451332000063],[123.94253549700011,12.868438785000023],[123.94255802000009,12.868410553000047],[123.94257089000007,12.868405847000076],[123.94257893400004,12.868405847000076],[123.94258537000007,12.868408983000052],[123.94260306800004,12.868426235000072],[123.94262398300009,12.868435645000034],[123.94265133300007,12.868434076000028],[123.94268190000003,12.868421527000066],[123.94269959700011,12.868419958000061],[123.94271246700009,12.868423095000026],[123.94275108000011,12.868438777000051],[123.94276716900004,12.868449756000075],[123.94281382500003,12.868470144000071],[123.94282508700007,12.868477985000027],[123.94283795800004,12.868490532000067],[123.94284278500004,12.868498374000069],[123.94286692000003,12.868557973000065],[123.94288300900007,12.868584636000037],[123.94289909800011,12.868601888000057],[123.94290553400003,12.868606593000038],[123.94291196900008,12.868608161000054],[123.94292483900006,12.868603455000027],[123.9429361010001,12.86859247600006],[123.94294092700011,12.868586202000074],[123.94294253600003,12.868578360000072],[123.94294092600001,12.868564244000027],[123.94293127200001,12.868532876000074],[123.94293127100002,12.868510918000027],[123.94293609700003,12.868498371000044],[123.94293770500008,12.868484255000055],[123.94293609600004,12.868470139000067],[123.94292644200004,12.86844661300006],[123.94292322400008,12.868434066000077],[123.94292483200002,12.868413677000035],[123.94292965800003,12.868402698000068],[123.94293448500002,12.868396424000025],[123.94294896400004,12.868391718000055],[123.94296827000005,12.868399559000068],[123.94299240400005,12.868430927000077],[123.9429988390001,12.868434063000052],[123.9430084920001,12.86842622100005],[123.94301170900007,12.868419947000064],[123.94301814400001,12.868415242000026],[123.94302458000004,12.868416810000042],[123.94303101500009,12.868423083000039],[123.94305997600009,12.868481114000076],[123.94306802100004,12.868490524000038],[123.94308089200001,12.86849366000007],[123.94308893600009,12.868492092000054],[123.94309698000006,12.868488955000032],[123.94310180600007,12.868484249000062],[123.94311467600005,12.868465428000036],[123.94311950200006,12.868451312000047],[123.94311950100007,12.868434059000037],[123.94313237100005,12.868401122000023],[123.94313719700006,12.868394848000037],[123.94314845800011,12.868385437000029],[123.94317259100001,12.868374457000073],[123.94317902600005,12.868369752000035],[123.94318385200006,12.868365046000065],[123.94319511300012,12.868341520000058],[123.94319672100005,12.868333677000066],[123.94319511200001,12.868321130000027],[123.94318063100002,12.868288194000058],[123.94316936900009,12.868269373000032],[123.94315971500009,12.868248984000047],[123.94314845200006,12.868222321000076],[123.9431211000001,12.868176838000068],[123.94311466400006,12.868151744000045],[123.94310822800003,12.86813606000004],[123.94309857500002,12.868125081000073],[123.94308248600009,12.868115671000055],[123.94304387400007,12.868099989000029],[123.94303743800003,12.868095284000049],[123.94303422000007,12.868087442000046],[123.94303421900008,12.868060778000029],[123.94303582800001,12.868057642000053],[123.94303743600005,12.868043526000065],[123.94304065400001,12.868037252000022],[123.9430438710001,12.868024704000049],[123.94305513200004,12.86800745100004],[123.94308248200002,12.86799019800003],[123.94308730800003,12.867983924000043],[123.94309052500012,12.867974513000036],[123.94308891600008,12.867966671000033],[123.94308408900008,12.867961966000053],[123.94306961000007,12.867957261000072],[123.94303904200001,12.867955694000045],[123.94301490900011,12.867950990000054],[123.94300847400007,12.867944716000068],[123.94299721100003,12.867916485000023],[123.94299399300007,12.867911780000043],[123.94298273100003,12.867900801000076],[123.94296986000006,12.867891391000057],[123.94296503300006,12.867883549000055],[123.94296342400003,12.867877276000058],[123.94297790300004,12.867864728000029],[123.94298755600005,12.867863159000024],[123.9430181240001,12.867851949000055],[123.94303582000009,12.867839401000026],[123.94303903800005,12.867834695000056],[123.94305673400004,12.867820579000067],[123.94306317000007,12.867822147000027],[123.94306960500012,12.867826852000064],[123.94309534800004,12.867861357000038],[123.94311465500004,12.867875472000037],[123.94312430700006,12.867873903000032],[123.94312913400006,12.867870766000067],[123.94313878600008,12.867850376000035],[123.94313235000004,12.867839398000058],[123.94308891000003,12.86779862000003],[123.94306638600005,12.867786073000048],[123.94304707900005,12.867771958000048],[123.94303742600005,12.867760979000025],[123.94302938100009,12.867745296000066],[123.94302938100009,12.867739022000023],[123.94303099000001,12.867731180000021],[123.9430390330001,12.867713927000068],[123.94303581500003,12.867701379000039],[123.94302777000007,12.867688832000056],[123.94299237500002,12.86766844400006],[123.94296180700007,12.867659035000031],[123.94295698000008,12.867652761000045],[123.94296019800004,12.867641782000021],[123.94296663300008,12.867635508000035],[123.94300202600004,12.867627665000043],[123.94300524400012,12.867621391000057],[123.94299237300004,12.867602570000031],[123.94298111000012,12.867594729000075],[123.94293445500011,12.86759629900007],[123.94290710500002,12.86760100500004],[123.9429006690001,12.867599437000024],[123.94289101600009,12.867591595000022],[123.94288779800002,12.867583753000076],[123.94288940700005,12.867574342000069],[123.94289745000003,12.867561795000029],[123.94290227700003,12.867558658000064],[123.94291514700001,12.867555520000053],[123.94292480000001,12.867555520000053],[123.94293606200006,12.867558657000075],[123.9429424970001,12.867563362000055],[123.94295054200006,12.867566498000031],[123.94297145600001,12.867568066000047],[123.94297789200004,12.867563360000077],[123.94298432700009,12.867555518000074],[123.94299558700004,12.867530423000062],[123.94299558700004,12.867521012000054],[123.94299076000004,12.867508465000071],[123.94298593300005,12.867503760000034],[123.94297467100012,12.867499055000053],[123.9429601920001,12.867495919000021],[123.94294249400002,12.867481804000022],[123.94293927600006,12.867472393000071],[123.94293927600006,12.867462983000053],[123.94294249300003,12.867448867000064],[123.94294571000012,12.86742063500003],[123.94294249100005,12.867403383000067],[123.94293444600009,12.867382994000025],[123.94292640200001,12.867368878000036],[123.94292479300009,12.867362605000039],[123.94291996600009,12.867356331000053],[123.94290387700005,12.867321826000023],[123.94288939700004,12.867306143000064],[123.94287652600008,12.867298301000062],[123.94286526400003,12.867288891000044],[123.94285400100011,12.867265365000037],[123.94284595600004,12.86725438700006],[123.94283952100011,12.867249682000022],[123.94283469400011,12.867246545000057],[123.94282665000003,12.867246545000057],[123.94281860600006,12.867248114000063],[123.94280573600008,12.867254388000049],[123.94279769200011,12.867254388000049],[123.94279125700007,12.867252820000033],[123.94278482100003,12.867248115000052],[123.94277516800003,12.867235568000069],[123.94277034100003,12.867216747000043],[123.94277194900008,12.867202631000055],[123.94277677500008,12.867190084000072],[123.94277999200006,12.867185379000034],[123.94278642800009,12.867182241000023],[123.94280251600003,12.867180672000075],[123.94280895100007,12.867182241000023],[123.94282343000009,12.867177535000053],[123.94282664800005,12.867171261000067],[123.94282664700006,12.867164987000024],[123.94282182000006,12.867152440000041],[123.94281699400005,12.86714773500006],[123.94279446900009,12.86711636800004],[123.94277677200012,12.867102253000041],[123.94274942100003,12.867091275000064],[123.94273172400005,12.867089707000048],[123.94270920100007,12.867092844000069],[123.94269954800006,12.867091276000053],[123.9426866770001,12.86708343500004],[123.94267219700009,12.867066183000077],[123.94266415300001,12.867053636000037],[123.94266254400009,12.867047362000051],[123.94266415200002,12.867033246000062],[123.94267541200009,12.866995604000067],[123.94267541200009,12.866987762000065],[123.94267219400001,12.866981488000022],[123.94266575900008,12.866976783000041],[123.94264967000004,12.866970510000044],[123.94263679900007,12.866956395000045],[123.94262714600006,12.86693600600006],[123.9426239280001,12.866925027000036],[123.94261105700002,12.866915617000075],[123.94259336000005,12.866909344000021],[123.94258531600008,12.866910912000037],[123.94257405400003,12.866920323000045],[123.94256601000006,12.86692189200005],[123.94255314000009,12.866920324000034],[123.94254026900012,12.866914051000037],[123.94253222500004,12.86690464000003],[123.94252900700008,12.866898367000033],[123.94252578800001,12.866873272000078],[123.94253383200009,12.866862293000054],[123.94254831100011,12.866854451000052],[123.94255635500008,12.866854450000062],[123.94256439900005,12.866854450000062],[123.94258370500006,12.866862291000075],[123.94259174900003,12.866860723000059],[123.94259174900003,12.866852881000057],[123.94258370400007,12.866838765000068],[123.94257887800006,12.866834060000031],[123.94257244200003,12.866830923000066],[123.94254622500011,12.866809787000022],[123.94253013600007,12.866805083000031],[123.94251083000006,12.866792536000048],[123.94250439400003,12.866787831000067],[123.94248991400002,12.866772147000063],[123.94248669600006,12.866759599000034],[123.94248991300003,12.866743915000029],[123.94249313000012,12.866736073000027],[123.94249795600001,12.866729799000041],[123.94249956500005,12.866723525000054],[123.94249795600001,12.866715683000052],[123.94248830200002,12.866704705000075],[123.94244968900011,12.86667176900005],[123.94243842600008,12.866651380000064],[123.94243681700004,12.866645106000021],[123.94244003400001,12.866620011000066],[123.94244968600003,12.866607463000037],[123.94246416500005,12.866593347000048],[123.94246738300001,12.866587073000062],[123.94246255600001,12.866565115000071],[123.94245933800005,12.866557273000069],[123.94244807500002,12.866546295000035],[123.94242394300011,12.866538453000032],[123.94241428900011,12.866536885000073],[123.94238533100008,12.866536886000063],[123.94236924200004,12.866538455000068],[123.94235637200006,12.866536887000052],[123.94234189200006,12.866532182000071],[123.94232902100009,12.866521204000037],[123.94231615000001,12.866502383000068],[123.94228879900004,12.866472584000064],[123.94228558100008,12.866466310000021],[123.94225018600002,12.866441217000045],[123.94222605300001,12.866427102000046],[123.94220352900004,12.866419260000043],[123.94218904900004,12.86641141900003],[123.94217135200006,12.866397304000031],[123.9421681340001,12.866391030000045],[123.94215687200006,12.866381620000027],[123.94214400100009,12.866373778000025],[123.94213595700012,12.866370642000049],[123.94212147700011,12.866372210000065],[123.94211665100011,12.866373779000071],[123.94210378100001,12.866383190000022],[123.94209734500009,12.866383190000022],[123.94208286600008,12.866376917000025],[123.94206838600007,12.866367507000064],[123.94205068800011,12.866336139000055],[123.94204425300006,12.866329866000058],[123.94202977300006,12.866320456000039],[123.9420217280001,12.866304772000035],[123.94202977200007,12.866285950000076],[123.94203781600004,12.866276540000058],[123.94204425000009,12.866263992000029],[123.94204103200002,12.86624987600004],[123.94203781400006,12.866243603000044],[123.94202333500004,12.866227919000039],[123.94199437500004,12.866209099000059],[123.94198633100007,12.866196552000076],[123.94198150400007,12.866179299000066],[123.94197345900011,12.866158910000024],[123.9419638060001,12.866146363000041],[123.94193162800002,12.866118133000043],[123.94192358400005,12.866113428000062],[123.94191714900012,12.866111860000046],[123.94189623400007,12.866100881000023],[123.94186727500005,12.866102451000074],[123.94185923100008,12.866100882000069],[123.94185118700011,12.866097746000037],[123.94184314300003,12.866088336000075],[123.94183831600003,12.866075788000046],[123.94183348900003,12.866069515000049],[123.94183188000011,12.866063241000063],[123.94183188000011,12.866045989000042],[123.94183670500001,12.86602089400003],[123.94183992300009,12.86601618800006],[123.94184153100002,12.866000504000056],[123.9418399220001,12.865992662000053],[123.94183348600006,12.865978547000054],[123.94182383300006,12.86596756800003],[123.94182544200009,12.865959726000028],[123.94184635500005,12.865934630000027],[123.94185118100006,12.865922083000044],[123.94184957200002,12.865911104000077],[123.94184152800005,12.865895420000072],[123.94183831000009,12.865890715000035],[123.94182543900001,12.865881305000073],[123.94181256800005,12.865876600000036],[123.94178361000002,12.865875213000038],[123.94177395800011,12.865876782000043],[123.94175304300006,12.865886193000051],[123.94174499900009,12.865887762000057],[123.94173373800004,12.865886194000041],[123.94171925800003,12.865876784000022],[123.94169673400006,12.865856395000037],[123.94168708100005,12.865843848000054],[123.9416790360001,12.865825027000028],[123.94167742700006,12.865814048000061],[123.94167742600007,12.86579365800003],[123.94167903500011,12.865790521000065],[123.94168225200008,12.865766995000058],[123.9416967300001,12.865737194000076],[123.94169833800004,12.865729352000074],[123.94169833800004,12.865713668000069],[123.94169351100004,12.865693279000027],[123.94167259500011,12.865666616000055],[123.94166133300007,12.865647795000029],[123.94165811500011,12.865641522000033],[123.94165328800011,12.865622701000063],[123.94165328800011,12.865605448000053],[123.94165650500008,12.86559446900003],[123.94165972200005,12.865586627000027],[123.94167741800004,12.865559963000067],[123.94168063600011,12.865553689000023],[123.94168224400005,12.865545847000021],[123.94167741700005,12.86551918400005],[123.94167259000005,12.865509774000031],[123.94165489200009,12.865484680000066],[123.94165167500012,12.865478406000022],[123.94164845600005,12.865465859000039],[123.94165006500009,12.865456448000032],[123.94165650000002,12.865451743000051],[123.94167580600003,12.865450174000046],[123.94168867600001,12.865447037000024],[123.9416918930001,12.865440763000038],[123.9416918930001,12.86543135200003],[123.94168063100005,12.86541253200005],[123.94165167200003,12.865398417000051],[123.9416404100001,12.865390575000049],[123.94163397400007,12.865382733000047],[123.94162753900002,12.865368618000048],[123.94162753800003,12.865351365000038],[123.94163075500012,12.865335681000033],[123.94164040800001,12.865323133000061],[123.94166293000001,12.865304311000045],[123.94168867000008,12.865268237000066],[123.94170475700002,12.865241573000048],[123.94170636600006,12.865235300000052],[123.94170153800007,12.865202363000037],[123.9416838410001,12.865188248000038],[123.94167740500006,12.865172564000034],[123.9416790140001,12.865158448000045],[123.94168384000011,12.865149038000027],[123.94169671000009,12.865142763000051],[123.94170958000007,12.865141195000035],[123.94176106200007,12.86513962500004],[123.94178036800008,12.865142761000072],[123.94179162900002,12.865142761000072],[123.94181576100004,12.865139623000061],[123.94182702300009,12.86513648600004],[123.94184311100003,12.865128643000048],[123.94186885100009,12.865106684000068],[123.94187528600003,12.865103547000047],[123.94188493900003,12.865095705000044],[123.94189459100005,12.865092568000023],[123.94190746100003,12.865081589000056],[123.94191550500011,12.865076883000029],[123.9419380280001,12.865056493000054],[123.94195089800007,12.865047082000046],[123.94195894200004,12.865036103000023],[123.9419702030001,12.865025123000066],[123.94197824700007,12.86501885000007],[123.94199111700004,12.865012575000037],[123.94201203200009,12.865014143000053],[123.94205225200005,12.865032963000033],[123.94208925600003,12.865047077000042],[123.94210534400008,12.865048645000059],[123.94211660500002,12.865042371000072],[123.94212143100003,12.865032961000054],[123.94212304000007,12.865018845000066],[123.94211499500011,12.86500002400004],[123.9420956890001,12.864979635000054],[123.94208120900009,12.864974930000074],[123.94206994700005,12.864968657000077],[123.94204420500012,12.864943563000054],[123.94203777000007,12.864929448000055],[123.94203455100001,12.864901216000021],[123.94195250500002,12.864843585000074],[123.94189742800006,12.864818319000051],[123.94189094800004,12.864816740000037],[123.94187474900002,12.864807265000024],[123.94186988900003,12.864799369000025],[123.94186502800005,12.864767785000026],[123.94186502800005,12.864756730000067],[123.94186988600006,12.864731462000066],[123.94187798500002,12.864714091000053],[123.94190228200011,12.864677768000035],[123.9419071420001,12.864666713000076],[123.94190876100004,12.864650921000077],[123.94190714100012,12.864643025000078],[123.94189904100006,12.864624074000062],[123.94189904000007,12.864606703000049],[123.9419055190001,12.864595648000034],[123.94191685800001,12.864587751000045],[123.94192495800007,12.864586172000031],[123.94194115700009,12.864586171000042],[123.94196545500006,12.864589329000069],[123.94198651400006,12.864587749000066],[123.9419929930001,12.864586170000052],[123.94201081200004,12.86457669400005],[123.9420189110001,12.864564060000077],[123.94202053000004,12.864557743000034],[123.94202052900005,12.864518262000047],[123.94202862800012,12.864505628000074],[123.94203510700004,12.864499311000031],[123.9420480660001,12.864492994000045],[123.94205940500001,12.864485097000056],[123.94206426500011,12.86447878000007],[123.94206426400001,12.864464567000027],[123.94206102400005,12.864451933000055],[123.94203348400004,12.86440929500003],[123.94202862400005,12.864399820000074],[123.94202700400001,12.864387186000044],[123.94203186300001,12.864374552000072],[123.94205940000006,12.864335071000028],[123.94208207800011,12.864308223000023],[123.94208531700008,12.864298748000067],[123.94209017600008,12.864276638000035],[123.94209017600008,12.864260846000036],[123.94209769200006,12.864211073000035],[123.94209769100007,12.864203177000036],[123.94209445100012,12.864187385000037],[123.94208473100002,12.864168435000067],[123.94208635100006,12.864154222000025],[123.9420879700001,12.864147905000038],[123.94209606900006,12.864135271000066],[123.94210578800005,12.864128953000034],[123.9421236070001,12.864127374000077],[123.94212846700009,12.864128953000034],[123.94213494600001,12.864125794000074],[123.94213980500001,12.864119477000031],[123.94213494500002,12.864097368000046],[123.94213656500006,12.864087893000033],[123.94214304400009,12.864076838000074],[123.94216410100012,12.864048411000056],[123.94216896000012,12.864035777000026],[123.94216896000012,12.86402630200007],[123.94216086000006,12.863997876000042],[123.94216085900007,12.863989980000042],[123.9421624790001,12.863985242000069],[123.94219649500008,12.863939444000039],[123.94223213100008,12.863903120000032],[123.94225156900006,12.863881011000046],[123.94226128700006,12.863862060000031],[123.9422629070001,12.863839950000056],[123.94226614600007,12.863827316000027],[123.9422726250001,12.863814682000054],[123.94228882300001,12.863795731000039],[123.94229530200005,12.863792573000069],[123.94229854200012,12.863787835000039],[123.94231960000002,12.863768883000034],[123.94233417800001,12.863749932000076],[123.94233903700001,12.863738878000049],[123.94234227700008,12.863726244000077],[123.94234551600005,12.863705714000048],[123.94235037500005,12.863691500000073],[123.94235523400005,12.863683604000073],[123.94236495300004,12.86367412900006],[123.94237143300006,12.863670970000044],[123.94239573100003,12.863667811000028],[123.94240869000009,12.863661493000052],[123.94242326800008,12.863650438000036],[123.94243460700011,12.863637804000064],[123.94243784600008,12.863631487000077],[123.94244270600007,12.863626749000048],[123.94245566400002,12.863601481000046],[123.94246376300009,12.863579372000061],[123.9424637620001,12.863574634000031],[123.94247510100001,12.863547787000073],[123.94248805900008,12.863535152000054],[123.94252693600004,12.86350830400005],[123.94254637400002,12.863492511000061],[123.94256743200003,12.863483035000058],[123.94259497000007,12.863475138000069],[123.94260792800003,12.863464083000054],[123.94261278700003,12.863451449000024],[123.94261440700006,12.863435657000025],[123.94261764400005,12.863363012000036],[123.94262915400009,12.863311616000033],[123.94264211300003,12.863300561000074],[123.94265669100002,12.863294243000041],[123.9426858490001,12.863289505000068],[123.94270366800004,12.863292662000049],[123.94271176700011,12.863289504000022],[123.94271662600011,12.863284766000049],[123.94271986500007,12.863262657000064],[123.9427263450001,12.863254760000075],[123.94274416300004,12.863245284000072],[123.94275226200011,12.86322791300006],[123.94275388100004,12.863216858000044],[123.94275388000005,12.863193170000045],[123.9427506400001,12.863186853000059],[123.94272958100009,12.863160007000033],[123.94271500100001,12.863133160000075],[123.9427133800001,12.863115789000062],[123.94271500000002,12.863109472000076],[123.94271986000001,12.863104734000046],[123.94273929800011,12.863095258000044],[123.9427749350001,12.863088940000068],[123.94279437300008,12.863077885000052],[123.94280895100007,12.863071567000077],[123.94283163000011,12.863073146000033],[123.94284296900003,12.863065249000044],[123.94284782800003,12.863058932000058],[123.9428510680001,12.863052615000072],[123.94284782700004,12.863039982000032],[123.9428300080001,12.863016294000033],[123.94282190800004,12.863000502000034],[123.94281866800009,12.862987868000062],[123.9428186670001,12.862975234000032],[123.94282514600002,12.862946808000061],[123.94282514500003,12.862937333000048],[123.94281704500008,12.862913645000049],[123.94280246500011,12.86289785300005],[123.94279436600004,12.862893116000066],[123.94278302700002,12.862888378000036],[123.94276844800004,12.862888379000026],[123.94276034800009,12.862886800000069],[123.9427554880001,12.862880483000026],[123.94275386800007,12.862867849000054],[123.94275872800006,12.862861532000068],[123.94276682700001,12.862856794000038],[123.94279760400002,12.862858373000051],[123.94280408400004,12.862856793000049],[123.94281866100005,12.862822050000034],[123.94283647900011,12.862798361000046],[123.9428461980001,12.862788885000043],[123.94289155400008,12.862763616000052],[123.94290937200003,12.862749402000077],[123.94294662800007,12.862727292000045],[123.94295958700002,12.862722554000072],[123.94297578600003,12.862722553000026],[123.9430098040001,12.862736765000022],[123.94301790300005,12.862736764000033],[123.94302438200009,12.862733606000063],[123.94302924200008,12.862727289000077],[123.94303410100008,12.862705179000045],[123.94303895900009,12.862665698000058],[123.94303571900002,12.862656223000045],[123.94302761900008,12.862646748000031],[123.9429822620001,12.862630958000068],[123.94297740200011,12.862624641000025],[123.94297740200011,12.862618324000039],[123.94298226100011,12.862610428000039],[123.94300331900001,12.862596214000064],[123.94304381500001,12.862574103000043],[123.9430583940001,12.862570944000026],[123.94307783200009,12.862559889000067],[123.94308755100008,12.862550413000065],[123.94309241000008,12.862542517000065],[123.94309726900008,12.862526724000077],[123.94309726900008,12.862518828000077],[123.94309078900005,12.862496719000035],[123.94307944900004,12.862477769000066],[123.94307458900005,12.862465135000036],[123.94307458800006,12.862455660000023],[123.94307782800001,12.862439868000024],[123.94308268700001,12.862435130000051],[123.94309564600007,12.862427233000062],[123.94310860500002,12.862427232000073],[123.94311670400009,12.862428811000029],[123.94313128400006,12.862435128000072],[123.94314910300011,12.862455657000055],[123.9431539630001,12.862458815000025],[123.94316854200008,12.862458815000025],[123.94317502100012,12.862457235000022],[123.94317988100011,12.862454077000052],[123.94318474000011,12.862447759000077],[123.94318798000006,12.862439863000077],[123.94318797900007,12.862414595000075],[123.94318149800006,12.862394066000036],[123.94318149800006,12.862378273000047],[123.9431831170001,12.862371956000061],[123.94319283600009,12.862359322000032],[123.94321227400008,12.862348267000073],[123.94322037400002,12.862345108000056],[123.94325115100003,12.862338790000024],[123.94326411000009,12.862330893000035],[123.94326897000008,12.862326155000062],[123.9432851680001,12.862302466000074],[123.9432900270001,12.862299307000058],[123.94331594500011,12.862289831000055],[123.94334024300008,12.86227087900005],[123.94337085300003,12.86225021100006],[123.94338056000004,12.862239169000077],[123.94341615200005,12.86220604500005],[123.94343233100005,12.862195003000068],[123.94344850900006,12.862180807000072],[123.94345659800001,12.862168188000055],[123.94346306900002,12.862149260000024],[123.94346792100009,12.862127178000037],[123.94348571700004,12.862095631000045],[123.94349542300006,12.862071971000034],[123.94351160000008,12.862019919000033],[123.94351968900003,12.862002569000026],[123.94354233800004,12.861972599000069],[123.94359087300006,12.861930010000037],[123.94359896200001,12.861917391000077],[123.94361513900003,12.861876381000059],[123.94361837400004,12.861859030000062],[123.94361837300005,12.861835371000041],[123.94361999000012,12.861821175000046],[123.94362646100001,12.861803824000049],[123.94362969600002,12.861797515000035],[123.94364102100008,12.861786473000052],[123.94364749300007,12.86178331800005],[123.94366043500008,12.861772277000057],[123.94367014200009,12.861761235000074],[123.9436733770001,12.861748617000046],[123.9436733770001,12.861742307000043],[123.94366852200005,12.861720225000056],[123.94366690400011,12.861696566000035],[123.94367175700006,12.861683947000074],[123.94368308100002,12.861669751000022],[123.94368631700002,12.861661864000041],[123.94370411300008,12.861639781000065],[123.94371543700004,12.861620853000034],[123.94374512800005,12.861591219000047],[123.94375160000004,12.861589642000069],[123.9437629250001,12.861583332000066],[123.9437726320001,12.861572290000026],[123.94377424900006,12.861562827000057],[123.94377263100012,12.861556517000054],[123.94376130500007,12.861534436000056],[123.94375968600002,12.861528127000042],[123.94376130400008,12.86151235400007],[123.94377101000009,12.861485539000057],[123.94378718700011,12.861452415000031],[123.94380336400002,12.861408250000068],[123.94382116000008,12.861384590000057],[123.94385513400005,12.861356197000077],[123.94386484100005,12.86134357800006],[123.94386969400011,12.86132780500003],[123.94387292800002,12.861307300000021],[123.94387292600004,12.861247362000029],[123.94386968900005,12.861231590000045],[123.94386968800006,12.86121739400005],[123.94387454100001,12.861192157000062],[123.94387454100001,12.861184270000024],[123.94388748100005,12.861130642000035],[123.94389233200002,12.861073859000044],[123.94389556700003,12.861059663000049],[123.94389718400009,12.86103915800004],[123.94390527300004,12.861020230000065],[123.94393115800005,12.861002879000068],[123.94394086500006,12.860991837000029],[123.94394410100006,12.860985528000072],[123.94394895300002,12.860965023000063],[123.94394895300002,12.860957136000025],[123.94395218800003,12.860939786000074],[123.94395865800004,12.860912971000062],[123.94396512700007,12.860837440000068],[123.94397321500003,12.860807471000044],[123.94398777400011,12.860777502000076],[123.94399100900011,12.860763306000024],[123.94399424500011,12.860756997000067],[123.94399586200007,12.860741224000037],[123.94399262500008,12.860720719000028],[123.94398777100002,12.860708101000057],[123.94395864700004,12.860663938000073],[123.94395379200012,12.860651319000056],[123.94395379200012,12.860635546000026],[123.94395864500007,12.860622928000055],[123.94396349800002,12.860615041000074],[123.94399100100009,12.860586648000037],[123.94399585400004,12.860578762000046],[123.94402173900005,12.860548792000031],[123.94403953500012,12.860533018000069],[123.94405247700001,12.860515667000072],[123.94407189000003,12.860477811000067],[123.94408483100005,12.860443110000062],[123.94408483100005,12.860433646000047],[123.94408644900011,12.860428914000067],[123.94408644600003,12.86036739900004],[123.94408482800009,12.860365822000063],[123.94408320900004,12.860353204000035],[123.9440751190001,12.860327967000046],[123.94406379200007,12.860301154000069],[123.94405893800001,12.860294845000055],[123.94404437600008,12.860282227000027],[123.94403305100002,12.86027591800007],[123.94401363600002,12.860261724000054],[123.94400231000009,12.860250683000061],[123.94399907400009,12.860239642000067],[123.94399907200011,12.860214405000022],[123.94400554300012,12.860195477000048],[123.94401363200006,12.860181281000052],[123.94403304500008,12.860157621000042],[123.94404922400008,12.860143425000047],[123.94405407700003,12.860137115000043],[123.9440589300001,12.860122919000048],[123.94408190500008,12.860081945000047],[123.9440980820001,12.860059862000071],[123.94410940600005,12.860034624000036],[123.94411587700006,12.860014119000027],[123.94412881700009,12.859958913000071],[123.94413043400004,12.859946294000054],[123.94413852300011,12.859927366000022],[123.94414823000011,12.859916325000029],[123.94416279000006,12.859905283000046],[123.94417249700007,12.859894241000063],[123.94417573200008,12.859887932000049],[123.94418058500003,12.859865850000062],[123.94417734800004,12.859850077000033],[123.94417087600004,12.85983430400006],[123.94417087500005,12.859813799000051],[123.94418381600008,12.859780675000025],[123.94418705100009,12.859766479000029],[123.94419190000008,12.859670264000044],[123.94419351800002,12.859659223000051],[123.94419513500009,12.859657645000027],[123.94419513500009,12.859649759000035],[123.94419998700005,12.859622945000069],[123.94419836900011,12.859615058000031],[123.94419836800012,12.859599285000058],[123.94419513200012,12.859585090000053],[123.94419189500002,12.859572471000035],[123.94418542300002,12.859559853000064],[123.94418056900008,12.85955354400005],[123.94417248000002,12.85954881300006],[123.94414497500009,12.859539350000034],[123.94410614600008,12.859540929000048],[123.94409967500007,12.859534620000034],[123.94409805600003,12.859529889000044],[123.94409805600003,12.859510961000069],[123.9440996730001,12.859503074000031],[123.94410776200004,12.859487301000058],[123.94412070400006,12.859469950000062],[123.94412879300012,12.859462063000024],[123.94413688200007,12.859457331000044],[123.94415144300001,12.859452599000065],[123.94415791400002,12.859446289000061],[123.94416762000003,12.859411588000057],[123.94417247300009,12.859403701000076],[123.94417409000005,12.859395815000028],[123.94417732600004,12.859391083000048],[123.94418217800012,12.859369000000072],[123.94418217700002,12.859334300000057],[123.94417570400003,12.859312218000071],[123.94416761400009,12.859299600000043],[123.9441611420001,12.85928382700007],[123.94415952300005,12.85926805400004],[123.94416437600012,12.859258590000024],[123.94417084800011,12.859252281000067],[123.94419673300001,12.859241239000028],[123.94422585400002,12.859214423000026],[123.94423879700003,12.859209691000046],[123.94426953600009,12.859208112000033],[123.94430674700004,12.859200224000062],[123.9443148360001,12.859195491000037],[123.9443277790001,12.859184450000043],[123.94435042800001,12.859171830000037],[123.94437307900012,12.859168674000045],[123.94439734700006,12.859174983000059],[123.94442808700001,12.859189177000076],[123.94443941300005,12.859198640000045],[123.94445235700005,12.859225454000068],[123.94446206600003,12.859250690000067],[123.94447824600002,12.859269617000052],[123.94450898700006,12.859294852000062],[123.94452354900011,12.859318511000026],[123.94453164000004,12.859348479000062],[123.94453164200002,12.859387912000045],[123.94453487800001,12.859400530000073],[123.94453811400001,12.859408416000065],[123.94455267600006,12.859428921000074],[123.94455914900004,12.859447848000059],[123.94455915100002,12.859485703000075],[123.94455591600001,12.85949989900007],[123.94455591700012,12.859528290000071],[123.94456077100006,12.859542486000066],[123.94456077300003,12.859570877000067],[123.94457048100003,12.859591382000076],[123.94465623000008,12.859611624000024],[123.94466108300003,12.859591119000072],[123.9446691710001,12.859573769000065],[123.94467402500004,12.859569036000039],[123.94470476400011,12.859551685000042],[123.94471608900005,12.859542220000037],[123.94472417800011,12.859531179000044],[123.94473226600007,12.859509096000068],[123.94473388300003,12.859498055000074],[123.94473226400009,12.859471241000051],[123.94472417300005,12.859444427000028],[123.94472255400001,12.859427077000078],[123.94472255300002,12.859393954000041],[123.94472417000009,12.859387644000037],[123.94473225900003,12.859375025000077],[123.94473873100003,12.859371871000064],[123.94475976300009,12.859370292000051],[123.94477917800009,12.859375023000041],[123.94478403200003,12.859381332000055],[123.94478726900002,12.859398682000062],[123.94478726900002,12.859408146000021],[123.94478888700007,12.859411301000023],[123.94479536100005,12.859452310000052],[123.94480183300004,12.859464928000023],[123.94480830500004,12.859469660000059],[123.94481639500009,12.859474392000038],[123.9448228660001,12.859472814000071],[123.94483095500004,12.859461772000031],[123.94483742600005,12.859441267000022],[123.9448471290001,12.859362401000055],[123.94484551100004,12.859352938000029],[123.94484551000005,12.859334010000055],[123.94484227300006,12.859321392000027],[123.94483094800012,12.859310351000033],[123.94482285700008,12.859296156000028],[123.94481962100008,12.859286692000069],[123.94481962000009,12.859272497000063],[123.94483903300011,12.859223599000075],[123.94484064900007,12.859199939000064],[123.94483579500002,12.859177857000077],[123.94483255900002,12.859171548000063],[123.94482446800009,12.859158930000035],[123.94480667100004,12.859143158000052],[123.94480343500004,12.859136849000038],[123.94480667000005,12.859092239000063],[123.94480666800007,12.859068580000041],[123.94480504900002,12.859048075000032],[123.94479857600004,12.859008642000049],[123.94479533900005,12.858994447000043],[123.94477106800002,12.858940819000054],[123.94476783100004,12.858928201000026],[123.94476459500004,12.858921892000069],[123.94475812200005,12.858895078000046],[123.94474679300004,12.858824100000049],[123.94473708500004,12.858805173000064],[123.9447322310001,12.85879886400005],[123.94469663600012,12.858781515000032],[123.94468692800001,12.858767320000027],[123.94468369200001,12.858756279000033],[123.94468530900008,12.858740505000071],[123.94468854400009,12.858735773000035],[123.94469825200008,12.858731041000055],[123.94470634100003,12.858729463000032],[123.94472575600003,12.858731040000066],[123.94473384500009,12.858729462000042],[123.94474840600003,12.858719998000026],[123.94475164100004,12.858713688000023],[123.94475164100004,12.858708956000044],[123.94475164000005,12.858701070000052],[123.94474840400005,12.858686874000057],[123.94474840300006,12.858674256000029],[123.94475325600001,12.858666369000048],[123.94477914200002,12.858653749000041],[123.94479370300007,12.858649017000062],[123.94480502700003,12.858639553000046],[123.94480988100008,12.858631666000065],[123.94480988000009,12.858625357000051],[123.9448066440001,12.858619047000047],[123.9447969360001,12.858609584000021],[123.9447710500001,12.85859696700004],[123.94475972400005,12.858589081000048],[123.94475810500012,12.858574885000053],[123.94475972200007,12.858549648000064],[123.94475324900009,12.858518103000051],[123.9447435400001,12.858492866000063],[123.94473706700012,12.858464475000062],[123.94473706700012,12.85845658900007],[123.94473868400007,12.858451857000034],[123.94475000900002,12.858429774000058],[123.94474839000009,12.858412424000051],[123.94474191800009,12.858401383000057],[123.94471441200005,12.858368261000066],[123.94469661500011,12.858357220000073],[123.94467396400012,12.858350912000049],[123.94466587500006,12.858350913000038],[123.94465293100006,12.858347759000026],[123.94464646000006,12.858343027000046],[123.94464160500002,12.858330409000075],[123.94464160500002,12.858316213000023],[123.94464645800008,12.858302017000028],[123.94465454600004,12.858287821000033],[123.94465292700011,12.858259430000032],[123.94464483600007,12.858215266000059],[123.94463998100002,12.858202648000031],[123.94462380200002,12.858185298000024],[123.94461894800008,12.858182144000068],[123.94460438700003,12.858180567000034],[123.94457850100002,12.858191609000073],[123.94455746900007,12.858190033000028],[123.94454290800002,12.85818372500006],[123.94453320000002,12.858175839000069],[123.94452511000009,12.85815533400006],[123.94451540200009,12.858139562000076],[123.94451054800004,12.85813483000004],[123.94450084000005,12.858133253000062],[123.94449113300004,12.858137985000042],[123.94447657300009,12.858139563000066],[123.94446848300004,12.858137987000077],[123.9444409780001,12.858122215000037],[123.94442641700005,12.858117484000047],[123.94441023800005,12.858114330000035],[123.94438435200004,12.858115908000059],[123.94437140900004,12.858112754000047],[123.94435846600004,12.858103291000077],[123.9443503760001,12.858093828000051],[123.9443471400001,12.858087519000037],[123.94434390300012,12.85807016900003],[123.94434390300012,12.858055973000035],[123.94434066700001,12.858043355000063],[123.94432610400008,12.85801654100004],[123.94432448600003,12.858010232000026],[123.94431477800003,12.857991305000041],[123.94430992400009,12.857986573000062],[123.94429212800003,12.857986574000051],[123.94427918500003,12.857989729000053],[123.94426786000008,12.857996039000056],[123.94425653500002,12.858005503000072],[123.94421932600005,12.858040206000055],[123.94419667600005,12.85804967100006],[123.9441885870001,12.85804967100006],[123.9441821150001,12.858046517000048],[123.94418049700005,12.858038630000067],[123.94418211400011,12.858030744000075],[123.94417726000006,12.858018126000047],[123.94416917100011,12.858018126000047],[123.94415622800011,12.858022858000027],[123.94414813900005,12.858021281000049],[123.94414166700005,12.858010241000045],[123.94413843000007,12.85799604500005],[123.94414328400001,12.857986581000034],[123.94415622600002,12.857977117000075],[123.94416916900002,12.85797238400005],[123.94418534700003,12.857958188000055],[123.94417887400004,12.85792890700003],[123.9441643130001,12.857908403000067],[123.94415945800006,12.857887898000058],[123.94415622200006,12.857881589000044],[123.9441497470001,12.857824806000053],[123.94414973800008,12.85763868500004],[123.94415135600002,12.857626066000023],[123.94415135400004,12.857600829000035],[123.9441497360001,12.857592943000043],[123.94414973300002,12.85752827400006],[123.94415135000008,12.857521964000057],[123.94415296500006,12.857460450000076],[123.94414811000001,12.857435213000031],[123.94413840300001,12.857419441000047],[123.94410280700004,12.857375278000063],[123.9440914810001,12.857354774000044],[123.94408986300004,12.857339001000071],[123.94408986100007,12.857307455000068],[123.94409309600007,12.857280640000056],[123.94409147700003,12.857268022000028],[123.94408662300009,12.857260136000036],[123.94408176900004,12.857247518000065],[123.94407206100004,12.857236477000072],[123.94405264700003,12.857227014000046],[123.9440445570001,12.857225437000068],[123.94403808600009,12.857222283000056],[123.94402999600004,12.857209665000028],[123.94402837700011,12.85720335600007],[123.94402837700011,12.857187583000041],[123.94403808300001,12.857174964000023],[123.94405426200001,12.857168654000077],[123.94407044000002,12.857170231000055],[123.94407529400007,12.857173385000067],[123.94408338400001,12.857186003000038],[123.94410279900001,12.857201775000021],[123.94411412400007,12.857195465000075],[123.94412544800002,12.857178115000067],[123.94413030100009,12.857174960000066],[123.94414324400009,12.857168650000062],[123.94415133300004,12.857167072000038],[123.94416913000009,12.857167072000038],[123.94418045500004,12.85716233900007],[123.9441853080001,12.857157607000033],[123.94419501400012,12.857137102000024],[123.94419501300001,12.857116597000072],[123.94416750800008,12.857077166000067],[123.94416265300003,12.857062970000072],[123.94416265300003,12.857047197000043],[123.94416750500011,12.857026692000034],[123.94420147800008,12.856985681000026],[123.94420471400008,12.856973062000066],[123.94420147700009,12.856960444000038],[123.94418206100011,12.856925744000023],[123.94417558800001,12.856894199000067],[123.94417396900008,12.856854766000026],[123.94416426000009,12.856829530000027],[123.9441480800001,12.856802716000061],[123.9441383730001,12.856791676000057],[123.94413351900005,12.856788521000055],[123.9441254300001,12.856790099000023],[123.9441189580001,12.856786945000067],[123.9441092510001,12.856777481000051],[123.94409954200012,12.856755400000054],[123.94408905200009,12.856721651000043],[123.94408419700005,12.856699569000057],[123.94407610700011,12.856679064000048],[123.94407287100012,12.856674332000068],[123.94406639900001,12.856669601000021],[123.94404698400001,12.856660138000052],[123.94403565900006,12.856650674000036],[123.94402109700002,12.856625438000037],[123.94401947800009,12.856614397000044],[123.94402271400008,12.856600201000049],[123.94402594900009,12.856595469000069],[123.94404051000004,12.856589159000066],[123.9440615420001,12.856590736000044],[123.94407610300004,12.856597044000068],[123.94410199100003,12.856634899000028],[123.94411655200008,12.856650671000068],[123.94412787800002,12.856660134000037],[123.94413596700008,12.85666328800005],[123.94414405700002,12.85666328800005],[123.94415700000002,12.85665855600007],[123.94416832400009,12.856647514000031],[123.94417317700004,12.85663962700005],[123.9441715590001,12.856628586000056],[123.94416346900005,12.856615968000028],[123.94416508600011,12.856601772000033],[123.94419097100001,12.856574957000078],[123.94419744200002,12.856560761000026],[123.94420067700003,12.856548143000055],[123.94420067600004,12.856524483000044],[123.9442022930001,12.856511864000026],[123.94420391000006,12.856503978000035],[123.94420714600005,12.856497669000078],[123.94423141200002,12.856458235000048],[123.94424597200009,12.856442461000029],[123.9442670630001,12.856399017000058],[123.94428000400001,12.856380088000037],[123.94429456400007,12.856364315000064],[123.94432045000008,12.856350118000023],[123.94432853800004,12.856337499000063],[123.9443333910001,12.856318571000031],[123.94433339000011,12.856302798000058],[123.94433177100007,12.856287025000029],[123.94432368100001,12.856268098000044],[123.94431882700007,12.85626178900003],[123.94430103000002,12.856247594000024],[123.94427837900002,12.856233399000075],[123.94426058300007,12.856230246000052],[123.94423631400002,12.856222360000061],[123.94423146100007,12.856222360000061],[123.94422498900008,12.856217629000071],[123.94421689900003,12.856206588000077],[123.94421689800004,12.856190815000048],[123.94422336900004,12.856175042000075],[123.94423307600005,12.856164000000035],[123.94425087200011,12.856157690000032],[123.94428646400002,12.856149802000061],[123.94431558500003,12.856140337000056],[123.94433014600008,12.856132450000075],[123.94433499900003,12.856127718000039],[123.9443366160001,12.856113522000044],[123.94432205300006,12.856061472000022],[123.94432043400002,12.856044121000025],[123.94432043400002,12.856036235000033],[123.94432528600009,12.856014152000057],[123.94433499200011,12.85599680200005],[123.9443414640001,12.855988915000069],[123.94434793500011,12.855984183000032],[123.94437220200007,12.85597314100005],[123.94438514500007,12.855965253000022],[123.94438838000008,12.855958944000065],[123.94438676200002,12.855949480000049],[123.94437543600009,12.855930553000064],[123.94437058200003,12.85592424400005],[123.94436411000004,12.85591951300006],[123.94435763900003,12.855917936000026],[123.94435116700004,12.855913204000046],[123.94434954900009,12.855906895000032],[123.94435116600005,12.85589112200006],[123.94435925400012,12.855872194000028],[123.94435925300002,12.855856421000055],[123.94435116300008,12.855823298000075],[123.94435116200009,12.855810680000047],[123.9443543970001,12.855794907000075],[123.94436895700005,12.855777556000021],[123.94439484100008,12.855757050000022],[123.94440454800008,12.855736544000024],[123.9444110180001,12.855706575000056],[123.94441910600005,12.855693956000039],[123.94444337400012,12.855681337000021],[123.94445146300006,12.855679759000054],[123.94446117000007,12.855675027000075],[123.94447087600008,12.855662408000057],[123.94447087500009,12.855646635000028],[123.94446925700004,12.855640326000071],[123.94445307800004,12.855621399000029],[123.94444013500004,12.855613513000037],[123.9444288090001,12.855602473000033],[123.94441910100011,12.85559143200004],[123.94441101100006,12.855577237000034],[123.94438674100002,12.855526764000047],[123.94438188700008,12.855510991000074],[123.9443527630001,12.855458942000041],[123.94435114500004,12.855452633000027],[123.94435438000005,12.855438437000032],[123.94435761500006,12.855432128000075],[123.94437217600012,12.855425818000072],[123.94439806100002,12.855425816000036],[123.94442556500007,12.85543212400006],[123.94443365400002,12.855430547000026],[123.94444012600002,12.855427392000024],[123.94445468600009,12.855414773000064],[123.94448353100006,12.855373157000031],[123.94450132600002,12.855354229000056],[123.94455147800011,12.855321103000051],[123.94456765600012,12.855306906000067],[123.94458868700008,12.855284823000034],[123.94460324700003,12.855276936000053],[123.94463236700005,12.855253275000052],[123.94465339900012,12.855243810000047],[123.94466957700001,12.855242232000023],[123.94471002400007,12.85525169400006],[123.94472296700008,12.855256426000039],[123.94473105600002,12.85525642500005],[123.94474561700008,12.855259579000062],[123.94478121000009,12.855273773000022],[123.94478930000002,12.855275350000056],[123.94480547800003,12.855281658000024],[123.9448135670001,12.855278503000022],[123.94481680300009,12.855272194000065],[123.9448168020001,12.855253266000034],[123.94481518400005,12.855246957000077],[123.94481033000011,12.855239071000028],[123.94480062200012,12.855228030000035],[123.94478767900011,12.855220145000033],[123.94476826400012,12.855212259000041],[123.94475532100012,12.855202796000071],[123.94473914100001,12.855175982000048],[123.94473105100008,12.855157055000063],[123.94472781400009,12.855141282000034],[123.94471001700003,12.855116046000035],[123.9446922190001,12.855095542000072],[123.9446857480001,12.855090811000025],[123.94467604100009,12.855090811000025],[123.94466309800009,12.855095544000051],[123.94464692000008,12.855108163000068],[123.94464044900008,12.85511131800007],[123.94461941700001,12.855112896000037],[123.94461294600001,12.855108164000058],[123.94460970900002,12.855100278000066],[123.94460970900002,12.855086082000071],[123.94461941500003,12.855073464000043],[123.9446372110001,12.855057690000024],[123.94464206400005,12.855051380000077],[123.94464691700011,12.855037184000025],[123.94464853400007,12.855024566000054],[123.94464691500002,12.855008793000025],[123.94464853300008,12.855002484000067],[123.94466309300003,12.854983556000036],[123.94467765200011,12.854966205000039],[123.94470191900007,12.854942544000039],[123.94472942100003,12.854923615000075],[123.94476986500001,12.854882603000021],[123.94481516300004,12.854840014000047],[123.94482486900006,12.854830550000031],[123.94483942900001,12.854811622000057],[123.94485237100002,12.854784807000044],[123.9448572230001,12.854770611000049],[123.94485884000005,12.854751683000075],[123.94486692800001,12.854731178000065],[123.94487663500001,12.854718559000048],[123.94489604800003,12.854702785000029],[123.94492840400005,12.854687011000067],[123.94495590700001,12.854679123000039],[123.94496885000001,12.854671236000058],[123.94497370300007,12.854666504000022],[123.94497693800008,12.854660195000065],[123.94497855600002,12.85464599900007],[123.94498179100003,12.854638112000032],[123.94499958600011,12.854616029000056],[123.94500605700011,12.854611297000076],[123.94502061800006,12.854606564000051],[123.94503517800001,12.854604986000027],[123.94505135600002,12.854600253000058],[123.94507077000003,12.854589211000075],[123.94508047600004,12.854576593000047],[123.94510635800009,12.854529280000065],[123.94512091900003,12.854510344000062],[123.94513224400009,12.854500880000046],[123.94515812900011,12.854489837000074],[123.94516783500001,12.854478796000024],[123.94517268800007,12.854463022000061],[123.94517268800007,12.854453559000035],[123.94517268700008,12.854445672000054],[123.94516783200004,12.854418858000031],[123.94516783100005,12.854401508000024],[123.94517592000011,12.854385734000061],[123.94518886200001,12.85436680600003],[123.94519209700002,12.854358919000049],[123.9451969480001,12.854300585000033],[123.94520180100005,12.854289544000039],[123.94522768500008,12.854262729000027],[123.94523900900003,12.854246955000065],[123.9452373900001,12.854231182000035],[123.94522606400005,12.85421225500005],[123.94521797400012,12.854193328000065],[123.94521797300001,12.854169668000054],[123.94522282600008,12.854155472000059],[123.94524385700004,12.854141276000064],[123.9452487100001,12.854134966000061],[123.94524870900011,12.854119193000031],[123.94524223700012,12.854103420000058],[123.94523738300006,12.854095534000066],[123.94523252900001,12.854092380000054],[123.94522767500007,12.85408607100004],[123.94522120300007,12.854073453000069],[123.94522443800008,12.854054525000038],[123.94523899800004,12.854038751000076],[123.9452470870001,12.854035596000074],[123.94526326500011,12.854035595000028],[123.94526973600011,12.85402928600007],[123.94526973600011,12.854021399000032],[123.94526650000012,12.854008781000061],[123.94525841000006,12.853996163000033],[123.94524222900009,12.853961463000076],[123.94523090200005,12.853923609000049],[123.94521957600011,12.853901527000062],[123.94519368900001,12.853863673000035],[123.94517912700007,12.853849478000029],[123.94516133000002,12.853836861000048],[123.94514838700002,12.853830552000034],[123.94512897300001,12.853832130000058],[123.94511441300006,12.853838440000061],[123.94508044000008,12.853863679000028],[123.94507396800009,12.853865256000063],[123.94506587900003,12.853869988000042],[123.94505779000008,12.853871566000066],[123.94504970100002,12.853871567000056],[123.94503514000007,12.853868413000043],[123.94501896100007,12.853860527000052],[123.94500116400002,12.853840023000032],[123.94499469200002,12.853822673000025],[123.94499469000004,12.853794282000024],[123.94499954300011,12.853775354000049],[123.94501248500001,12.853758003000053],[123.94501895600001,12.853751693000049],[123.94504807600003,12.853739074000032],[123.94505131200003,12.853732764000029],[123.94505131100004,12.85372330000007],[123.94504483900005,12.853698064000071],[123.94503351200001,12.853674405000049],[123.94502218700006,12.853661787000021],[123.94500600800006,12.853647592000073],[123.94498497500001,12.853636552000069],[123.94497365000007,12.853628666000077],[123.94496232400002,12.853616049000038],[123.94494290900002,12.853587658000038],[123.94492025800002,12.853568732000042],[123.94488466500002,12.853551383000024],[123.94485554300002,12.853530880000051],[123.94483774600008,12.853527726000038],[123.94480215400006,12.853527728000074],[123.94479568200006,12.853524573000072],[123.94478112100012,12.853511956000034],[123.94477788500001,12.853505647000077],[123.94477464900001,12.853493028000059],[123.94474876200002,12.853464638000048],[123.94472934800001,12.853459907000058],[123.94470669800012,12.853456754000035],[123.94467919500005,12.853459910000026],[123.94466301700004,12.853459911000073],[123.94465330900005,12.853458334000038],[123.94463551300009,12.853447293000045],[123.9446290410001,12.853440985000077],[123.94462418700004,12.85342836600006],[123.94462580400011,12.853420480000068],[123.94462904000011,12.853414170000065],[123.94464198200001,12.853407861000051],[123.94465492500001,12.853404705000059],[123.94466463200001,12.853404705000059],[123.94467757400002,12.853399972000034],[123.94468242700009,12.853395240000054],[123.94469051600004,12.853382622000026],[123.94468727900005,12.853363694000052],[123.94467918900011,12.853349499000046],[123.94466462800006,12.853333726000074],[123.94462903500005,12.853321110000024],[123.94461285700004,12.853317956000069],[123.94459829600009,12.853317957000058],[123.94458373600003,12.85332111200006],[123.94455946800008,12.85332111300005],[123.94455137900002,12.853322691000074],[123.94450931500012,12.85332427000003],[123.94449637300011,12.853327425000032],[123.94448019400011,12.853325849000043],[123.9444737230001,12.853321117000064],[123.94446077900011,12.853303767000057],[123.94444945300006,12.853283263000037],[123.94444298200006,12.853275377000045],[123.94440415300005,12.853259606000051],[123.94438959200011,12.853250142000036],[123.94437826600006,12.853239102000032],[123.94437017700011,12.853228061000038],[123.94436694100011,12.853221752000024],[123.94436333100009,12.853170311000042],[123.94436009500009,12.853152961000035],[123.94435524000005,12.853137188000062],[123.94434876800005,12.853124569000045],[123.94429537700012,12.853066212000044],[123.94427434400006,12.853047285000059],[123.94426787200007,12.853033089000064],[123.94426625300002,12.853025203000072],[123.94426625300002,12.853009430000043],[123.94426948700004,12.852987348000056],[123.94426948600005,12.852962111000068],[123.94426786700001,12.852947915000072],[123.94426301400006,12.852940029000024],[123.94425815900001,12.852927411000053],[123.94425815900001,12.852914792000036],[123.94426139400002,12.852899019000063],[123.9442694820001,12.852878514000054],[123.94427918800011,12.852861163000057],[123.94428565800001,12.852842235000026],[123.94429374700007,12.85282803900003],[123.94430345300009,12.85279964700004],[123.9443066880001,12.852787029000069],[123.94430506800006,12.852753905000043],[123.94429859600007,12.852742865000039],[123.94426623900006,12.852723939000043],[123.94426138500012,12.852717630000029],[123.94425976700006,12.852711320000026],[123.94425976600007,12.852692393000041],[123.94426785300004,12.852657692000037],[123.94426785200005,12.852634032000026],[123.94426623400011,12.852624569000056],[123.94424843600007,12.85260248700007],[123.94424196500006,12.852597756000023],[123.94422902100007,12.852578829000038],[123.94421931300008,12.852555170000073],[123.94421607700008,12.852542552000045],[123.94421607600009,12.852520469000069],[123.94422092900004,12.852506274000064],[123.94423225300011,12.852485768000065],[123.94423872300001,12.852465263000056],[123.9442403380001,12.852408480000065],[123.94424519000006,12.852387975000056],[123.94424842600006,12.852381666000042],[123.94426460300008,12.852364315000045],[123.94427916300003,12.852345386000025],[123.94428563300005,12.852324881000072],[123.94429210400006,12.852288931000032],[123.94428724900001,12.852277890000039],[123.94427430600001,12.85225738500003],[123.94424032900008,12.852213222000046],[123.94423385700009,12.852197450000062],[123.94423385700009,12.852191140000059],[123.94423547400004,12.852183254000067],[123.9442435630001,12.85217063500005],[123.94425974100011,12.852162748000069],[123.94429047900007,12.852156437000076],[123.94430989300008,12.852148550000038],[123.94433092400004,12.852132776000076],[123.94433577700011,12.852126466000072],[123.94433901100001,12.852104384000029],[123.94433739300007,12.852098075000072],[123.94433739200008,12.852082302000042],[123.94433415600008,12.852066529000069],[123.94433092000008,12.852060220000055],[123.94431797700008,12.85204602500005],[123.94429856200009,12.852036562000023],[123.94426620400009,12.852012904000048],[123.94426135100002,12.852006595000034],[123.94425487900003,12.851992399000039],[123.94424517000004,12.851957699000025],[123.94424031500012,12.851919844000065],[123.94424193200007,12.851910380000049],[123.94424193000009,12.85186148400004],[123.94423383800006,12.851815743000031],[123.94423221900001,12.851792083000078],[123.9442208910001,12.851713219000032],[123.94422088800002,12.851665900000057],[123.94421927000008,12.851661168000021],[123.94421926900009,12.851639086000034],[123.94422250300011,12.851607540000032],[123.94422735600006,12.851583880000021],[123.94423706200007,12.851564952000047],[123.94424353300008,12.851558643000033],[123.94425647500009,12.851553910000064],[123.9442791240001,12.851549177000038],[123.94428721300005,12.851542868000024],[123.94429368400006,12.851531826000041],[123.94429530100001,12.851517631000036],[123.94429206500001,12.851501858000063],[123.94428397500008,12.851487663000057],[123.94427426700008,12.851475045000029],[123.94422896600008,12.851432460000069],[123.94422087600003,12.851418264000074],[123.94421925800009,12.851407223000024],[123.94422087500004,12.851399337000032],[123.9442257290001,12.851391450000051],[123.9442322000001,12.851386718000072],[123.94425646700006,12.851383562000024],[123.94426293800007,12.851378830000044],[123.94426940900007,12.851367789000051],[123.94427264300009,12.851348861000076],[123.94427264300009,12.851331511000069],[123.9442694060001,12.851317315000074],[123.94426131600005,12.851296810000065],[123.94425969800011,12.851287347000039],[123.94426293300012,12.851276306000045],[123.94426778600007,12.851268419000064],[123.94429852300004,12.851225830000033],[123.94430175700006,12.851205325000024],[123.94430013900001,12.851192707000052],[123.94429043100001,12.851172202000043],[123.94428072400001,12.851161162000039],[123.94427425200001,12.85115643000006],[123.94427263400007,12.851150121000046],[123.94427263400007,12.851145389000067],[123.94428395700004,12.851104379000049],[123.94428395600005,12.851098070000035],[123.94428233800011,12.851083874000039],[123.94427586600011,12.851069679000034],[123.94427263000011,12.851055483000039],[123.94426939400012,12.851049174000025],[123.94426486300006,12.851019815000029],[123.94426486200007,12.850991423000039],[123.94427133000011,12.85093779400006],[123.94427132900012,12.850923599000055],[123.94427294700006,12.850922021000031],[123.94427456300002,12.850892052000063],[123.94427618100008,12.850890475000028],[123.94427618100008,12.850882589000037],[123.94427941600009,12.850866815000074],[123.94428426900004,12.850855774000024],[123.94428750400004,12.850843155000064],[123.94429397300007,12.850808455000049],[123.94429073600008,12.850775331000023],[123.94429073400011,12.850731167000049],[123.94429558600007,12.850712239000075],[123.94430529200008,12.850690156000041],[123.94431014400004,12.850668074000055],[123.94430852500011,12.850639683000054],[123.94430043400007,12.850608137000052],[123.94429881600001,12.850592364000022],[123.94429881400004,12.850549777000026],[123.94430366500001,12.850502458000051],[123.94430366300003,12.850472489000026],[123.94430689800004,12.850458293000031],[123.94432631000006,12.850409396000032],[123.94432792700002,12.85040151000004],[123.94432630800009,12.850379427000064],[123.94431983600009,12.850357346000067],[123.9443068920001,12.850322646000052],[123.94430527300005,12.850310027000035],[123.94431012600012,12.850297409000063],[123.94431659700001,12.850292676000038],[123.94434571800002,12.850294252000026],[123.94435218900003,12.850291097000024],[123.94435704200009,12.850273747000074],[123.94435542000008,12.850194882000039],[123.94435703800002,12.85019015000006],[123.94436674400004,12.850179108000077],[123.94438292200005,12.850164912000025],[123.94439995900007,12.850139310000031],[123.94440157700001,12.85012669200006],[123.94440643000007,12.850115650000077],[123.94440804700002,12.85010303200005],[123.9444128990001,12.850088836000054],[123.94442260400001,12.850047826000036],[123.94442422200007,12.850046248000069],[123.94442745700007,12.85002574300006],[123.94442745600008,12.850009970000031],[123.94442583800003,12.850002084000039],[123.94441936500004,12.84998157900003],[123.94441612900005,12.84997684700005],[123.94441289300005,12.849964229000022],[123.94441127400012,12.84994372400007],[123.94441450900001,12.849929528000075],[123.94443392200003,12.849907445000042],[123.94445010000004,12.849896403000059],[123.94445818800011,12.849883785000031],[123.94447274700008,12.849845929000026],[123.9444759810001,12.84983173300003],[123.94449054000006,12.849797032000026],[123.94451157000003,12.849760753000055],[123.9445196580001,12.849749711000072],[123.9445196580001,12.84974655700006],[123.94453260000012,12.849724474000027],[123.94454230600002,12.849710278000032],[123.94454554100002,12.849708700000065],[123.9445568650001,12.849689772000033],[123.94458113100006,12.849656648000064],[123.94459245400003,12.849631410000029],[123.94461186500007,12.849571472000036],[123.94461509900009,12.849546235000048],[123.9446150980001,12.849524153000061],[123.94461671600004,12.849522576000027],[123.94461671500005,12.849498916000073],[123.94462318500007,12.849476834000029],[123.94463612700008,12.849465792000046],[123.9446458330001,12.849461060000067],[123.94468304300005,12.849450017000038],[123.94470083800002,12.849446862000036],[123.94471701600003,12.849438974000066],[123.9447380470001,12.849420046000034],[123.94475260600007,12.84940111700007],[123.94477363700003,12.849388498000053],[123.9447946680001,12.84937745600007],[123.94481246400005,12.849372723000045],[123.94487717600009,12.849366411000062],[123.94489820800004,12.849358523000035],[123.94490144300005,12.849358523000035],[123.94494350600007,12.849339593000025],[123.94495806600003,12.849336438000023],[123.9449693900001,12.849331706000044],[123.94498556800011,12.849330128000076],[123.94502116000001,12.849330126000041],[123.94504057500001,12.849334857000031],[123.94504542800007,12.849338011000043],[123.94505028200001,12.849344320000057],[123.94505351800001,12.849356938000028],[123.94505999000012,12.849371134000023],[123.94506969800011,12.849385329000029],[123.94508264100011,12.849391638000043],[123.94509720100007,12.849388482000052],[123.94512632100009,12.849377440000069],[123.94513279300008,12.849377439000023],[123.94514411800003,12.849380593000035],[123.94516676800004,12.849391633000039],[123.94518132900009,12.849402674000032],[123.94518941900003,12.84941529200006],[123.94520074500008,12.849440528000059],[123.94522986800007,12.849478382000029],[123.94523795700002,12.849484691000043],[123.94524442800002,12.849486268000021],[123.94525090000002,12.849484690000054],[123.94526384200003,12.849473648000071],[123.94528163600012,12.849446833000059],[123.94528810700001,12.849432637000064],[123.9453026650001,12.849386895000066],[123.94530104500006,12.849352194000062],[123.94530266100003,12.849309607000066],[123.94529942500003,12.849293834000036],[123.94529295300003,12.849279638000041],[123.94525088700004,12.849249672000042],[123.94524603400009,12.849244940000062],[123.9452363260001,12.849226013000077],[123.94523470800004,12.849219704000063],[123.94523470500008,12.849153860000058],[123.94523955800003,12.849145973000077],[123.9452508820001,12.849134932000027],[123.94527676700011,12.849122312000077],[123.94529132700006,12.849111270000037],[123.94530103300008,12.849100229000044],[123.94530426800009,12.849087610000026],[123.94530265000003,12.849079724000035],[123.94530264900004,12.849063950000073],[123.9452977950001,12.849051332000045],[123.94527676200005,12.849026096000046],[123.94526867200011,12.849022942000033],[123.94524440500004,12.849024521000047],[123.94523793400003,12.849026098000024],[123.94520881400001,12.849046604000023],[123.94520557900012,12.849052914000026],[123.9451861660001,12.849074997000059],[123.94517322400009,12.849081307000063],[123.94516351700008,12.849081307000063],[123.94515542700003,12.849079730000028],[123.94514895600003,12.849076576000073],[123.94513601300002,12.849065536000069],[123.94512145200008,12.849056072000053],[123.94505673700007,12.849022952000041],[123.94505026600007,12.849021375000063],[123.94503570500001,12.849022953000031],[123.94502276300011,12.849019799000075],[123.94499202300005,12.849004027000035],[123.94497908000005,12.848999296000045],[123.94497260900005,12.848999296000045],[123.94495966700003,12.849002452000036],[123.94494672500002,12.84900876100005],[123.94492731200012,12.849024535000069],[123.94492084100011,12.849027690000071],[123.94491436900012,12.84902769100006],[123.94489495500011,12.849019805000069],[123.9448884840001,12.849015073000032],[123.94488363000005,12.849007187000041],[123.94488362900006,12.848991414000068],[123.94488686400007,12.848975641000038],[123.94489009900008,12.848969331000035],[123.9449062760001,12.84895513500004],[123.9449159830001,12.848951980000038],[123.94493539700011,12.848958288000063],[123.94494995800005,12.84895986500004],[123.94496451800001,12.848955132000071],[123.94496775300001,12.848950400000035],[123.94496937100007,12.848942514000044],[123.94496936900009,12.848907813000039],[123.94497098600004,12.848899926000058],[123.94497422100005,12.848893617000044],[123.94501142900003,12.848844719000056],[123.94503569500012,12.848819481000021],[123.94505025400008,12.848798975000022],[123.94506804900004,12.848786356000062],[123.94509717000005,12.848778468000035],[123.94511334800006,12.848775313000033],[123.94512467200002,12.848775312000043],[123.94514085100002,12.848780043000033],[123.94514894000008,12.848786352000047],[123.94515541200008,12.848794238000039],[123.94516997400001,12.848827361000076],[123.94517644700011,12.848854175000042],[123.9451926270001,12.848888875000057],[123.94520233500009,12.84890464700004],[123.94521689600003,12.848914111000056],[123.9452249850001,12.848914110000067],[123.94523307400004,12.848910955000065],[123.94523792700011,12.848906223000029],[123.94524439800011,12.848892027000034],[123.94524763200002,12.848876254000061],[123.94524601300009,12.848841553000057],[123.94525410100005,12.848827357000062],[123.94526866100011,12.84882420200006],[123.94529778200001,12.848824200000024],[123.94530910700007,12.848827354000036],[123.94532043300001,12.848836818000052],[123.94533337500002,12.848841549000042],[123.94534146400008,12.848839971000075],[123.94535278900003,12.848830507000059],[123.94535925900004,12.848819465000076],[123.94536411200011,12.848798960000067],[123.94536411100012,12.848789496000052],[123.94536896400007,12.848764259000063],[123.9453916110001,12.848723248000056],[123.9453916110001,12.848715362000064],[123.94538837400012,12.848707475000026],[123.94537219500012,12.848686971000063],[123.94535763300007,12.848664890000066],[123.94534145300008,12.848633344000064],[123.94533659900003,12.848620726000036],[123.94533174600008,12.848615994000056],[123.94531233100008,12.848609686000032],[123.94530424200002,12.848611264000056],[123.94527188600011,12.848609688000067],[123.94523467600004,12.84861599900006],[123.94521688000009,12.84861600000005],[123.94520070200008,12.84861126900006],[123.94517643300003,12.848595497000076],[123.94515863600009,12.848573416000022],[123.94514731100003,12.848562375000029],[123.94513275000008,12.848556067000061],[123.94512466100002,12.848559222000063],[123.94511171900001,12.848568686000021],[123.94510686600006,12.848574996000025],[123.94509230600011,12.848586038000064],[123.94507451100003,12.848595502000023],[123.94505347900008,12.848600235000049],[123.94503406600006,12.848608123000076],[123.9450097990001,12.848614433000023],[123.94498229700002,12.848623898000028],[123.94493538000006,12.848622323000029],[123.94492082000011,12.848628633000033],[123.94491111400009,12.84864125200005],[123.94490464300009,12.848653871000067],[123.94490140800008,12.848666489000038],[123.94490140800008,12.848674376000076],[123.94489655600012,12.848686994000047],[123.94489170200006,12.848691727000073],[123.94487876000005,12.848699614000054],[123.94484155100008,12.848713811000039],[123.9447881640001,12.848724855000057],[123.94475904400008,12.84873589700004],[123.94472183500011,12.848756404000028],[123.94469271500009,12.848765869000033],[123.94468300800008,12.848767447000057],[123.94466035900007,12.848767448000046],[123.94464094600005,12.848770603000048],[123.9446328570001,12.848776913000052],[123.94462962200009,12.848783222000066],[123.94462800400004,12.848797418000061],[123.94462476900003,12.848803727000075],[123.94461829800002,12.848808460000043],[123.94460050300006,12.848813192000023],[123.94458756000006,12.848821079000061],[123.94457300100009,12.848835276000045],[123.94455844100003,12.848843163000026],[123.94451476100005,12.848854206000055],[123.9444969650001,12.848854207000045],[123.94447431500009,12.848849476000055],[123.94445975500003,12.848840013000029],[123.94444034100002,12.848835282000039],[123.94442092700001,12.848835283000028],[123.94440313100006,12.848840016000054],[123.94439342500004,12.848847903000035],[123.94438371900003,12.848860521000063],[123.94437886600008,12.848879449000037],[123.94437401400012,12.84891099500004],[123.94435621900004,12.848933078000073],[123.94433680600002,12.848945698000023],[123.94432386400001,12.848947276000047],[123.94431253900007,12.848934658000076],[123.94430930300007,12.848928349000062],[123.94429312400007,12.848910999000054],[123.94426076700006,12.848888918000057],[123.94422679200011,12.848879456000077],[123.94421384900011,12.848871570000028],[123.9442106140001,12.848866839000038],[123.94421061300011,12.848852643000043],[123.94420899500005,12.848844756000062],[123.94419605100006,12.848827407000044],[123.94417501900011,12.848814789000073],[123.94415722300005,12.848806904000071],[123.94414266300009,12.848805327000036],[123.94413619200009,12.848808482000038],[123.94411839600002,12.848822678000033],[123.94411354300007,12.848830565000071],[123.94411192600012,12.848843184000032],[123.94411598300007,12.848864654000067],[123.94411598300007,12.848874118000026],[123.94411274900006,12.848897777000047],[123.94410627800005,12.84890881900003],[123.94408848300009,12.848930902000063],[123.94407715900002,12.848940366000022],[123.94406421600002,12.848946676000025],[123.94402700600006,12.848951410000041],[123.94402053500005,12.848954565000042],[123.9440059750001,12.848965606000036],[123.94399303300008,12.848982957000032],[123.94398818000002,12.848992421000048],[123.94398332800006,12.849020813000038],[123.94397524100009,12.849052359000041],[123.94397200500009,12.849058669000044],[123.94395744600001,12.849074442000074],[123.94393965000006,12.849088639000058],[123.94392994400005,12.849101258000076],[123.94392023700004,12.849110722000034],[123.94391376600004,12.849115454000071],[123.94389920600008,12.849118609000072],[123.94389111700002,12.849118610000062],[123.94388302800007,12.849117033000027],[123.94385552400001,12.849105993000023],[123.94384096400006,12.84910599400007],[123.94382640400011,12.849110726000049],[123.9438166970001,12.84911861300003],[123.94380537400002,12.849145428000043],[123.94380052000008,12.849150160000022],[123.94378272600011,12.849175397000067],[123.9437730190001,12.84918643900005],[123.94376169500003,12.849194326000031],[123.94374228100003,12.849203791000036],[123.94373581000002,12.849205368000071],[123.94367109900008,12.849240072000043],[123.94361609500004,12.849266888000045],[123.94359991600004,12.849270043000047],[123.94357403100003,12.849270044000036],[123.94354976400007,12.849265313000046],[123.94351902500011,12.849246387000051],[123.94351093500006,12.849243233000038],[123.94347210700005,12.849214843000027],[123.94346239900005,12.849205380000058],[123.94343489400001,12.84915963900005],[123.94341871500001,12.849142290000032],[123.94339768300006,12.849132827000062],[123.94338150500005,12.849131250000028],[123.9433734160001,12.849132828000052],[123.94335885600003,12.849132829000041],[123.94335400300008,12.849131251000074],[123.94334106000008,12.849123365000025],[123.94333135200009,12.849113902000056],[123.94331840900009,12.849093398000036],[123.94331679100003,12.849087089000022],[123.9433151720001,12.849055543000077],[123.9433119360001,12.849047656000039],[123.9433054640001,12.849035038000068],[123.94328119500005,12.849005071000022],[123.94327472400005,12.848992453000051],[123.94327148700006,12.848979834000033],[123.94326663300001,12.848948289000077],[123.94326663100003,12.848912011000039],[123.94327957200005,12.848867846000076],[123.94327957000007,12.848836300000073],[123.94327471600002,12.848812641000052],[123.94326500800003,12.848801600000058],[123.94325691900008,12.848796868000022],[123.94325206500002,12.848790559000065],[123.94325206500002,12.848774786000035],[123.94325368200009,12.848766900000044],[123.94328118300007,12.84873219800005],[123.94328441900007,12.848725889000036],[123.94329250600003,12.848684879000075],[123.9432941230001,12.84865491000005],[123.94329897500006,12.848639137000077],[123.94331353500002,12.848617054000044],[123.94331838800008,12.848612322000065],[123.9433478200001,12.84856648400006],[123.94334943700005,12.848555443000066],[123.94335752500001,12.848531783000055],[123.94336561400007,12.848519164000038],[123.94338179100009,12.848508122000055],[123.94339958700004,12.848503390000076],[123.94340767600011,12.848501812000052],[123.94344488600007,12.848501810000073],[123.94347562400003,12.84849550000007],[123.9434837120001,12.848486036000054],[123.94349180000006,12.848449758000072],[123.94350150600008,12.848437139000055],[123.94350959500002,12.848433984000053],[123.94352091900009,12.848435561000031],[123.94353548000004,12.848441869000055],[123.9435468050001,12.848451332000025],[123.94355489500003,12.84846079600004],[123.94356136600004,12.848462373000075],[123.9435726910001,12.848460795000051],[123.94358886800001,12.848448176000034],[123.94359533900001,12.848440289000052],[123.94360181000002,12.848435557000073],[123.94362122300004,12.848424515000033],[123.94363254700011,12.848415051000075],[123.94364710700006,12.848407164000037],[123.94365034300006,12.848402432000057],[123.94367460900003,12.848381926000059],[123.94367946200009,12.848375616000055],[123.9436826970001,12.848367730000064],[123.94368431400005,12.848353534000069],[123.94368269600011,12.848336184000061],[123.94367784100007,12.84831252400005],[123.94364548400006,12.848288866000075],[123.94364063000012,12.848282557000061],[123.94363901200006,12.848266784000032],[123.94364386400002,12.848254166000061],[123.94365842400009,12.848235238000029],[123.9436713660001,12.848225773000024],[123.94368430800012,12.848219464000067],[123.94372151700009,12.84821630700003],[123.9437344590001,12.848208420000049],[123.9437409300001,12.848202111000035],[123.9437441660001,12.848197379000055],[123.94374254700006,12.848181606000026],[123.94373122200011,12.848168988000054],[123.94372798600011,12.84816267900004],[123.94372960300007,12.848150060000023],[123.94373769200001,12.848137442000052],[123.94374416300002,12.848132710000073],[123.94375710500003,12.848127977000047],[123.94376681200004,12.848127977000047],[123.94379593300005,12.848132707000048],[123.94380887500006,12.848131129000024],[123.94381534600006,12.848126397000044],[123.94381858100007,12.84812008800003],[123.94381858100007,12.848112201000049],[123.94381372700002,12.848099583000021],[123.94381049000003,12.848072769000055],[123.9438153430001,12.848053841000024],[123.94382343100006,12.848041223000052],[123.94382828400001,12.848027027000057],[123.94382666500007,12.847998635000067],[123.94381695700008,12.847986018000029],[123.94381210400002,12.847982863000027],[123.94379754300007,12.847976555000059],[123.94374900800005,12.847967093000022],[123.9437312120001,12.847960785000055],[123.94372312300004,12.847957630000053],[123.94370370900003,12.84794185800007],[123.9436923830001,12.847918199000048],[123.9436891470001,12.847902426000076],[123.94368591000011,12.84787245800004],[123.94368428900009,12.847803057000021],[123.9436810520001,12.847785707000071],[123.94366972600005,12.847755738000046],[123.94365192900011,12.847727348000035],[123.9436389870001,12.847728926000059],[123.94363251600009,12.847733658000038],[123.94362766300003,12.847739967000052],[123.94362281000008,12.847758895000027],[123.94361472200001,12.847779400000036],[123.94360825100011,12.847790442000075],[123.9435985450001,12.847801483000069],[123.94357589600008,12.847810948000074],[123.94355971800007,12.847810949000063],[123.94355162900001,12.847807794000062],[123.94354192200001,12.84779990800007],[123.94353545000001,12.847787290000042],[123.94353221400002,12.847765208000055],[123.94353221000006,12.847697384000071],[123.94353059200012,12.847683189000065],[123.94351926600007,12.84764060200007],[123.94350955800007,12.847621675000028],[123.94349985100007,12.847613789000036],[123.94348690800007,12.847609058000046],[123.94346425900005,12.84761063600007],[123.94345131700004,12.847616946000073],[123.94344646400009,12.84762325500003],[123.94343675800008,12.847643760000039],[123.94342705200006,12.847676884000066],[123.94341896600008,12.847728935000077],[123.94341896700007,12.847765213000059],[123.94341411700009,12.847833037000044],[123.94341249900003,12.847836192000045],[123.94340764800006,12.847877202000063],[123.94339309000009,12.847922944000061],[123.94336397200004,12.847995501000071],[123.94336235500009,12.848003387000063],[123.94335103200001,12.848033357000077],[123.94334294300006,12.848045975000048],[123.94333970800005,12.848055439000063],[123.94332191400008,12.848091718000035],[123.94330897200007,12.848112223000044],[123.94329509900001,12.848170219000053],[123.94329186400012,12.848176529000057],[123.94328701100005,12.848197034000066],[123.94327568800009,12.848230157000046],[123.94325465800011,12.848266436000074],[123.94324171700009,12.848285364000049],[123.94323201100008,12.848305870000047],[123.94322715800001,12.848320066000042],[123.94321745200011,12.848335839000072],[123.94321098100011,12.848350035000067],[123.94320612800004,12.848354767000046],[123.94319965700004,12.848367386000064],[123.94318995100002,12.848380004000035],[123.9431543610001,12.848419438000064],[123.94314303700003,12.848439944000063],[123.94313818500007,12.84845729400007],[123.94313333100001,12.848465181000051],[123.9431203900001,12.848496727000054],[123.94311553800003,12.848514078000051],[123.94311230300002,12.84853458300006],[123.94311392100008,12.848547201000031],[123.94311392300006,12.848585056000047],[123.94310907000011,12.848600829000077],[123.94309936400009,12.848613448000037],[123.94309289300008,12.848616603000039],[123.94307671500007,12.848619758000041],[123.94306053700006,12.848616604000028],[123.94305244800012,12.848616605000075],[123.94301847300005,12.848608720000072],[123.94301200200005,12.848605565000071],[123.94297964600003,12.848599257000046],[123.94295052500001,12.84860083600006],[123.94293111200011,12.848608723000041],[123.94291655200004,12.848610301000065],[123.9429019910001,12.848607147000052],[123.94289552000009,12.84860399300004],[123.94288743100003,12.848596107000049],[123.94288581300009,12.848591375000069],[123.94289066600004,12.848580334000076],[123.9428955190001,12.848574024000072],[123.94291978500007,12.848553518000074],[123.94292302000008,12.84854720900006],[123.94292463800002,12.848539322000022],[123.94292302000008,12.848533013000065],[123.94291169400003,12.848518818000059],[123.94290845900002,12.848512509000045],[123.94291007600009,12.848504623000053],[123.9429197820001,12.848487272000057],[123.9429230180001,12.848482540000077],[123.94293110600006,12.848476230000074],[123.94295860900002,12.848468343000036],[123.94296669800008,12.848465188000034],[123.94297316900008,12.848460456000055],[123.94298449200005,12.848439950000056],[123.94298449100006,12.848421023000071],[123.94298125500006,12.848408404000054],[123.94297801900007,12.848403673000064],[123.94294889900004,12.848405251000031],[123.94293433900009,12.848402097000076],[123.94292948500004,12.848398943000063],[123.94292463200009,12.848394211000027],[123.94291977800003,12.848384748000058],[123.94291330500005,12.848359511000069],[123.94291330500005,12.848346893000041],[123.94291654000006,12.848340583000038],[123.94292139300001,12.848334274000024],[123.94294889500009,12.848313768000025],[123.94295698400003,12.848302727000032],[123.94296345400005,12.848280644000056],[123.94295698200006,12.848263294000049],[123.94295051100005,12.848256985000035],[123.94294565700011,12.848255408000057],[123.94291653700009,12.848258564000048],[123.94290197600003,12.848258565000037],[123.94289065200007,12.848252256000023],[123.94286961900002,12.848234906000073],[123.94286314800001,12.848233329000038],[123.94284373500011,12.848241217000066],[123.94283241100004,12.848250681000025],[123.9428307930001,12.848264877000076],[123.94282108800007,12.848290114000065],[123.94281461700007,12.848296423000022],[123.94280329200001,12.848299578000024],[123.94278387800011,12.848293270000056],[123.94277255300005,12.84828380700003],[123.94276769900011,12.848271188000069],[123.94276608100006,12.848256993000064],[123.94276122700012,12.848252261000027],[123.94275475600011,12.848253839000051],[123.94274019700003,12.848269612000024],[123.94273696200003,12.848285385000054],[123.94273529800012,12.848287953000067],[123.94273420100001,12.848263216000078],[123.94264478900004,12.848261887000035],[123.94264474600004,12.848261729000058],[123.94264798100005,12.848247534000052],[123.94265121600006,12.848241224000049],[123.94265930500001,12.848228606000077],[123.94266901100002,12.848219141000072],[123.94267548200003,12.848209677000057],[123.94267386400008,12.848193904000027],[123.94266577400003,12.848189173000037],[123.94263827200007,12.848190751000061],[123.94262532900007,12.848186020000071],[123.94262410100009,12.848184822000064],[123.94276616900004,12.844046129000048],[123.94359842900008,12.832657980000022],[123.94557442700011,12.832815959000072],[123.9515944210001,12.833641871000054],[123.95910141800005,12.835342716000071],[123.94935000600003,12.846223124000062],[123.94711220600004,12.854529280000065],[123.94327863100011,12.868758556000046],[123.94193850000011,12.870232885000064],[123.94223969800009,12.870287007000059],[123.94220651900002,12.870378179000056],[123.94219849400008,12.870373616000052],[123.94217918800007,12.870372048000036],[123.94216149100009,12.870375185000057]]]},"properties":{"objectid":12124,"gthcode":"8010562100090000","globalid":"{128EF9F3-D3EE-4624-806C-D8AC059AF5CD}","st_area(shape)":0.00020970549049554958,"reg_name":"Region V (Bicol Region)","prov_name":"Sorsogon","city_name":"Juban","brgy_name":"Carohayon","reg_code":"050000000","prov_code":"056200000","city_code":"056210000","brgy_code":"056210009","psgc_10d":"0506210009","geographic_level":"Bgy","old_names":"","class":"Municipality","income_class":"","urban_rural2015":"R","bgypop2015":662,"bgypop2020":743,"bgyarea_sqkm":2.5183602600000001,"gida":"No","gida_yr":null,"st_perimeter(shape)":0.12155779265852129,"created_user":null,"created_date":null,"last_edited_user":"ADMIN2","last_edited_date":1748789492000}},{"type":"Feature","id":12373,"geometry":{"type":"Polygon","coordinates":[[[123.96386426900006,12.87879067700004],[123.96406040700003,12.878876322000053],[123.9640366540001,12.878922412000065],[123.96401051100008,12.878912218000039],[123.96400256800007,12.878910669000049],[123.96397238600002,12.878896732000044],[123.96396603100004,12.878895183000054],[123.9639215520001,12.878868857000043],[123.9637196860001,12.878800718000036],[123.96370062400001,12.878796072000057],[123.96368156100004,12.878783684000041],[123.96363231600003,12.878738774000055],[123.96361801900002,12.878732580000076],[123.96361166500003,12.878731031000029],[123.96358466000004,12.878731031000029],[123.96356877400001,12.87872948200004],[123.96355606600002,12.87872638500005],[123.96354812300001,12.87872638500005],[123.96346551800002,12.878704705000075],[123.96341468500009,12.878662892000023],[123.96324983000011,12.878565567000066],[123.96323871000004,12.878556275000051],[123.96321964700007,12.878546983000035],[123.96320534900008,12.878537691000076],[123.96317199000009,12.878522205000024],[123.96316563500011,12.878520656000035],[123.96315928100012,12.878516010000055],[123.96313227500002,12.87850362100005],[123.96309891500005,12.878494329000034],[123.96306396700004,12.878480392000029],[123.96303855000008,12.878464905000044],[123.96302425300007,12.878454065000028],[123.96301472200003,12.878444773000069],[123.96300677900001,12.878433933000053],[123.96298136200005,12.878410704000032],[123.96297183000001,12.878399864000073],[123.96295753400011,12.878375086000062],[123.96292735100008,12.878331725000066],[123.96291623100001,12.878319336000061],[123.96288604900008,12.87829610700004],[123.96287175200007,12.878279072000055],[123.96285745500006,12.878249649000054],[123.96285110100007,12.878223323000043],[123.96284951200005,12.878201642000022],[123.96284633500011,12.878190802000063],[123.96283521500004,12.878164476000052],[123.96282886100005,12.878138150000041],[123.96281933000012,12.87811337200003],[123.96281615300006,12.878100983000024],[123.96279550200006,12.878052977000038],[123.96279232500001,12.878049880000049],[123.96278597100002,12.878023554000038],[123.96278597100002,12.877983290000032],[123.96279073700009,12.877949221000051],[123.96279391400003,12.877941478000025],[123.96281138900008,12.877918249000061],[123.96282092000001,12.877899666000076],[123.96282727500011,12.877876438000044],[123.96282409800006,12.877853209000023],[123.96282409800006,12.877840820000074],[123.96282092100012,12.877826883000068],[123.96281933200009,12.877822237000032],[123.96280027000012,12.877799008000068],[123.96276532200011,12.877763390000041],[123.96274625900003,12.87773861200003],[123.96273355100004,12.877729321000061],[123.96271766600012,12.877713835000066],[123.96270336900011,12.877693703000034],[123.96269860300004,12.877673571000059],[123.96269860400002,12.877658085000064],[123.96269542700009,12.877645696000059],[123.96268271800011,12.877620919000037],[123.96265730200003,12.877600787000063],[123.96264777100009,12.877582204000078],[123.96264618200007,12.877574461000052],[123.96264300500002,12.877568266000026],[123.96264300500002,12.877554329000077],[123.96264459400004,12.877546586000051],[123.96263665100003,12.877528003000066],[123.96256834400003,12.877442830000064],[123.9625588130001,12.877424247000022],[123.96255404800002,12.877405663000047],[123.96254610500011,12.877387080000062],[123.96252386600008,12.877366948000031],[123.96251274600002,12.877348365000046],[123.96250177700006,12.877317296000058],[123.96250177700006,12.877295616000026],[123.96250336600008,12.877283227000021],[123.96251289700001,12.877253804000077],[123.96251448600003,12.877236769000035],[123.96250813200004,12.877208894000034],[123.96250813200004,12.877201151000065],[123.96249065800009,12.877133013000048],[123.96249065800009,12.877094298000031],[123.96249701300007,12.877055583000072],[123.9624986020001,12.877018417000045],[123.96250336800006,12.876979702000028],[123.96251607600004,12.876947182000038],[123.96253037300005,12.876930147000053],[123.96253990500009,12.876922405000073],[123.96255261300007,12.876902273000042],[123.96255737900003,12.876889884000036],[123.96255896700006,12.876883690000057],[123.96255896800005,12.876834135000024],[123.96256532200005,12.876815552000039],[123.96257803100002,12.876789226000028],[123.96259073900001,12.876755157000048],[123.9625970940001,12.876742768000042],[123.96260185900007,12.876724185000057],[123.96260503700012,12.876699408000036],[123.96260186000006,12.87665604700004],[123.96259391700005,12.876629721000029],[123.96258438600012,12.876608041000054],[123.96257803200001,12.876587909000023],[123.9625494390001,12.876550742000063],[123.96254467300002,12.876525965000042],[123.96254626200005,12.876505833000067],[123.9625494390001,12.876491896000061],[123.96255261600004,12.876485701000036],[123.96255738200011,12.876481056000046],[123.96257644500008,12.876473313000076],[123.96259074200009,12.87647176400003],[123.96260821600004,12.876476410000066],[123.96263363200001,12.876499639000031],[123.96265428300001,12.876510480000036],[123.96267016900003,12.876512028000036],[123.96268764300009,12.876507383000046],[123.96270511700004,12.876493445000051],[123.96271782500003,12.876479508000045],[123.96275595000009,12.876481057000035],[123.96277660200008,12.876474863000055],[123.96278613300001,12.87646402300004],[123.96279248700012,12.87646092500006],[123.96279725300008,12.87645628000007],[123.96280043000002,12.876450085000045],[123.96280519600009,12.876431502000059],[123.96280360800006,12.876408273000038],[123.9627988420001,12.876395884000033],[123.96278613400011,12.876381947000027],[123.96277501400004,12.876372655000068],[123.96272259200009,12.876344780000068],[123.96269082200001,12.876315357000067],[123.96264475400005,12.876293676000046],[123.96263681100004,12.876290579000056],[123.96263204600007,12.876290579000056],[123.96261933700009,12.876284385000076],[123.96258438900009,12.876271996000071],[123.96255738400009,12.876259607000065],[123.96254467600011,12.876256509000029],[123.96252879000008,12.876258058000076],[123.96251925900003,12.876275092000071],[123.96250655100005,12.87628283500004],[123.96249860800003,12.87628283500004],[123.96246683700008,12.876270446000035],[123.96244142100011,12.876265800000056],[123.96242553500008,12.87625805700003],[123.96241918100009,12.87625341100005],[123.96241441600012,12.876245668000024],[123.96241600400003,12.876231731000075],[123.96242553600007,12.876200759000028],[123.96242235900002,12.876194565000048],[123.96241600500002,12.876189919000069],[123.96239694200005,12.876182176000043],[123.96238741100001,12.876172884000027],[123.96237629100006,12.876166690000048],[123.96236199500004,12.876165141000058],[123.96233657800008,12.876180627000053],[123.9623238690001,12.876185273000033],[123.96230639500004,12.876182175000054],[123.96228892200008,12.876168238000048],[123.96228415600001,12.876155849000043],[123.96227780200002,12.876152752000053],[123.96227144800002,12.876152752000053],[123.96225079700002,12.876155849000043],[123.96223967700007,12.876165140000069],[123.96222696900008,12.876172883000038],[123.96221426000011,12.876175980000028],[123.96220631800009,12.876172883000038],[123.96220155200001,12.876168237000059],[123.96219837500007,12.876155848000053],[123.96219837500007,12.876132619000032],[123.96219678700004,12.876126425000052],[123.96219202100008,12.876120231000073],[123.96218725600011,12.876115585000036],[123.9621729590001,12.876109390000067],[123.96214595400011,12.876103196000031],[123.96209194400001,12.876103195000042],[123.96204111000009,12.876117132000047],[123.96202681300008,12.876118681000037],[123.96199504300012,12.876118680000047],[123.96189973100002,12.876095450000037],[123.96187431400006,12.876087707000067],[123.96186637100004,12.876087707000067],[123.96185048600012,12.876083061000031],[123.96183142400002,12.876079964000041],[123.96181712700002,12.876079963000052],[123.96180283000001,12.876081512000042],[123.96179171000006,12.876084609000031],[123.96178217900001,12.876084609000031],[123.96163729200009,12.876069686000051],[123.96074741900009,12.875935537000032],[123.96009134900009,12.875905590000059],[123.95965581900009,12.875918260000049],[123.95933507800009,12.875965664000034],[123.95870919700008,12.876038358000073],[123.95800828200004,12.876164749000054],[123.95722748800006,12.876284828000053],[123.95664848100012,12.876352091000058],[123.95664951600008,12.876317000000029],[123.95616053300012,12.87637193200004],[123.96364306300006,12.859694332000061],[123.9637105700001,12.858884240000066],[123.96310601300002,12.857911501000046],[123.96428125200009,12.854529280000065],[123.96847844200011,12.842450188000043],[123.97116345100005,12.844885010000041],[123.97838915500006,12.845217072000025],[123.97720092100008,12.84848721700007],[123.97723761700001,12.849098826000045],[123.97678502600002,12.85070124300006],[123.97661377600002,12.852621696000028],[123.97666322200007,12.85320996400003],[123.9764304250001,12.853395910000074],[123.9763089170001,12.853618514000061],[123.97625518300003,12.853816084000073],[123.9762351920001,12.854029903000026],[123.97623759200007,12.854224289000058],[123.97630665200006,12.854516383000032],[123.97631337600001,12.854529280000065],[123.97644287800006,12.854777674000047],[123.97662229100001,12.855069201000049],[123.97680785900002,12.855348005000053],[123.97697782200009,12.855578718000061],[123.97708802900002,12.855835070000069],[123.97714356200004,12.856078455000045],[123.97712657200009,12.85630881000003],[123.97705512700009,12.856543875000057],[123.97698985000011,12.856853368000031],[123.97692047800001,12.857077980000042],[123.97694571700004,12.857335071000023],[123.97709190600006,12.85758252200003],[123.97723496800006,12.857785983000042],[123.9772543040001,12.857980902000065],[123.97720048700012,12.858153786000059],[123.97700100100008,12.858464142000059],[123.97681466300003,12.85866362400003],[123.97635941100009,12.85916583900007],[123.97585275500012,12.859613083000056],[123.97521744800008,12.860008217000029],[123.97474017000002,12.860320389000037],[123.97446229600007,12.860826849000034],[123.97435559300004,12.861248688000046],[123.97442608500012,12.86147479300007],[123.97458310800005,12.861615886000038],[123.97495753100009,12.861550992000048],[123.97535037400007,12.861392274000025],[123.97595587700005,12.860968693000075],[123.97634358900007,12.860662259000037],[123.97651910500008,12.860656369000026],[123.97668591500008,12.860782624000024],[123.97679054200012,12.860944319000055],[123.97685964700008,12.861335183000051],[123.97685712200007,12.861610126000073],[123.97681282200006,12.861943992000022],[123.97669542600011,12.862285443000076],[123.97646399900009,12.862773415000049],[123.97621033900009,12.863112945000069],[123.97601059700003,12.863170014000048],[123.97555404400009,12.863150991000055],[123.97511651400009,12.863074899000026],[123.97451728900012,12.862998807000054],[123.97411879800006,12.862992461000033],[123.97373271600009,12.863150869000037],[123.97343682600001,12.863345048000042],[123.97322466500009,12.863605043000064],[123.97307298200008,12.863924120000036],[123.97302413400007,12.864243011000042],[123.97301728900004,12.864871840000035],[123.97296915300001,12.865496414000063],[123.97287263800001,12.866263005000064],[123.97272117900002,12.86667596500007],[123.9724730690001,12.867147524000075],[123.97214029000008,12.867712927000071],[123.97186144200009,12.86819607800004],[123.97171598400007,12.868656737000038],[123.97173457500003,12.869040702000063],[123.97182527500001,12.869442196000023],[123.96386426900006,12.87879067700004]]]},"properties":{"objectid":12373,"gthcode":"8010562100100000","globalid":"{C8D9BB62-EBFC-4FEF-8CCE-EBF1B2665036}","st_area(shape)":0.00037978216439501372,"reg_name":"Region V (Bicol Region)","prov_name":"Sorsogon","city_name":"Juban","brgy_name":"Catanagan","reg_code":"050000000","prov_code":"056200000","city_code":"056210000","brgy_code":"056210010","psgc_10d":"0506210010","geographic_level":"Bgy","old_names":"","class":"Municipality","income_class":"","urban_rural2015":"R","bgypop2015":1432,"bgypop2020":1576,"bgyarea_sqkm":4.56052093,"gida":"No","gida_yr":null,"st_perimeter(shape)":0.10346645851049281,"created_user":null,"created_date":null,"last_edited_user":"ADMIN2","last_edited_date":1748789492000}},{"type":"Feature","id":12387,"geometry":{"type":"Polygon","coordinates":[[[123.99907541200002,12.800856439000029],[123.99863627800005,12.801891022000063],[123.99780589200009,12.807996108000054],[123.99671262800007,12.81429455500006],[123.99503219400003,12.813382140000044],[123.99427321900009,12.812283854000043],[123.99374390600008,12.811471920000031],[123.99306078400002,12.810814203000064],[123.99271944700001,12.810657757000058],[123.99256300100001,12.810415976000058],[123.99269100200002,12.809889748000046],[123.99283322600002,12.809519966000039],[123.99280478100002,12.80903640400004],[123.99270522500001,12.808538621000025],[123.99253455600001,12.808069282000076],[123.99250611100001,12.807543054000064],[123.99259144600001,12.807159049000063],[123.99254877800001,12.806860379000057],[123.99213632900012,12.806632821000051],[123.99189454900011,12.806718155000056],[123.99166699000011,12.806647043000055],[123.99151054400011,12.806433707000053],[123.9914963220001,12.806063925000046],[123.99153898900011,12.805679921000035],[123.99179499200011,12.805310139000028],[123.99212210700011,12.80496880100003],[123.99232122000001,12.804670131000023],[123.99236388700001,12.804442573000074],[123.99226433100011,12.804058569000063],[123.99203677300011,12.803845233000061],[123.9917096580001,12.803717231000064],[123.9912260960001,12.803560785000059],[123.9908563140001,12.803432783000062],[123.99048653200009,12.803447006000056],[123.99005986100008,12.80329056000005],[123.98969007800008,12.803105669000047],[123.98926340700007,12.802721664000046],[123.98889362500006,12.802479883000046],[123.98845178900001,12.80179140000007],[123.98810958800004,12.801243877000047],[123.98797270700004,12.800080392000041],[123.98797270700004,12.799122228000044],[123.98756206600001,12.798232504000055],[123.98728830400012,12.797205900000051],[123.9870145430001,12.796110855000052],[123.98691014200006,12.794250331000057],[123.98567025500006,12.792230268000026],[123.98559013100009,12.791707509000048],[123.98279073200001,12.789095662000022],[123.98015470100006,12.786658577000026],[123.9792097080001,12.784743724000066],[123.9764660620001,12.776556577000065],[123.97997506200011,12.777671483000063],[123.99032967100004,12.777974805000042],[123.9901731330001,12.77846007100004],[123.99020444100006,12.778992299000038],[123.99029836300008,12.779587141000036],[123.99048620800011,12.780416790000061],[123.99065942100003,12.781025184000043],[123.9911094900001,12.781484306000038],[123.99147938300007,12.781767697000078],[123.99164900800008,12.782080652000047],[123.99160799000003,12.782491700000037],[123.99133076400005,12.782989314000076],[123.99115353900004,12.783447009000042],[123.99119735300008,12.783942292000063],[123.99126076000005,12.784685705000072],[123.99125284900003,12.785397407000062],[123.99133624100011,12.78632218100006],[123.99157102900006,12.786828180000043],[123.9919167920001,12.787355370000057],[123.99252548100003,12.787746524000056],[123.9932549020001,12.787963327000057],[123.99386741800004,12.788165396000068],[123.99430572300002,12.788556740000047],[123.99439964600003,12.788916777000054],[123.99442565900006,12.789048323000031],[123.99443095300012,12.789339428000062],[123.99429007000003,12.789636849000033],[123.99400830200011,12.789887309000051],[123.9935856510001,12.790059500000041],[123.99313169200002,12.790262999000049],[123.99292819300001,12.790544767000029],[123.99297515500007,12.790748265000047],[123.99330388300007,12.791186570000036],[123.99361695800008,12.791624875000025],[123.99378915000011,12.79256410000005],[123.99380981700006,12.793875440000022],[123.99386054500008,12.794909024000049],[123.99387322700011,12.795073891000072],[123.99387322700011,12.795219734000057],[123.99391761400011,12.796037725000076],[123.99394931900008,12.796259660000032],[123.99405077500012,12.796602075000067],[123.99419027700003,12.796887420000076],[123.99438684900008,12.797179107000034],[123.99464683000008,12.797521521000021],[123.99495754000009,12.797851254000022],[123.9951794750001,12.798149281000065],[123.99550920800004,12.798922885000025],[123.99563602800004,12.799125797000045],[123.99580089400001,12.799385779000033],[123.99589601000002,12.799652101000049],[123.99594039700003,12.800026221000053],[123.99592771500011,12.800374976000057],[123.99907541200002,12.800856439000029]]]},"properties":{"objectid":12387,"gthcode":"8010562100110000","globalid":"{D749255F-3A35-4803-B82C-8092DE03CA61}","st_area(shape)":0.00030965674265223144,"reg_name":"Region V (Bicol Region)","prov_name":"Sorsogon","city_name":"Juban","brgy_name":"Catanusan","reg_code":"050000000","prov_code":"056200000","city_code":"056210000","brgy_code":"056210011","psgc_10d":"0506210011","geographic_level":"Bgy","old_names":"","class":"Municipality","income_class":"","urban_rural2015":"R","bgypop2015":996,"bgypop2020":1113,"bgyarea_sqkm":3.7194227700000004,"gida":"Yes","gida_yr":"2023","st_perimeter(shape)":0.10410073392230607,"created_user":null,"created_date":null,"last_edited_user":"ADMIN2","last_edited_date":1748789466000}},{"type":"Feature","id":12896,"geometry":{"type":"Polygon","coordinates":[[[124.01010692600005,12.832288088000041],[124.00912737500005,12.833543923000036],[124.00877134400002,12.834396950000041],[124.00828933600008,12.835443445000067],[124.00535638400004,12.843128944000057],[124.0048860280001,12.844402778000074],[124.00407591600003,12.846266035000042],[123.99745440900006,12.845254844000067],[123.9955705970001,12.844657915000028],[123.99237983300009,12.844005707000065],[123.99205473900008,12.843838428000026],[123.99164022700006,12.843712204000042],[123.99076184100011,12.84341437300003],[123.99039398800005,12.843253923000077],[123.98789999400003,12.841959331000055],[123.98807120100003,12.841616916000021],[123.98809022400008,12.841217432000064],[123.98804237200011,12.840846044000045],[123.98781439000004,12.84050406800003],[123.98767171700001,12.840142631000049],[123.98767171700001,12.839847774000077],[123.98780487900001,12.839533894000056],[123.98792900700005,12.839189900000065],[123.98800733600001,12.838758536000057],[123.98796790800009,12.838368439000021],[123.9878498170001,12.837978953000061],[123.98776272500004,12.837553935000074],[123.98777798200001,12.837185544000022],[123.98784826700012,12.836900632000038],[123.98809022400008,12.836404604000052],[123.98854514700008,12.83606631300006],[123.98903728200003,12.835789883000075],[123.98961206700005,12.835520033000023],[123.98991643600004,12.83551052200005],[123.99043956900005,12.835605637000072],[123.99080100700007,12.835691241000063],[123.99144779000005,12.835767333000035],[123.9921231080001,12.835634171000038],[123.99245284000006,12.835535886000059],[123.99274452700001,12.835301268000023],[123.99294109800007,12.834908126000073],[123.99320742100008,12.834527665000053],[123.99362592700004,12.834134522000056],[123.99394297800006,12.833811131000061],[123.99419661800005,12.833544808000056],[123.99456439700009,12.832999481000058],[123.99521118000007,12.831661528000041],[123.99548384400009,12.831211316000065],[123.99571212000001,12.83071671700003],[123.99607034100006,12.830282044000057],[123.99644117100001,12.830163232000075],[123.99682887800009,12.830141499000035],[123.9971602170001,12.830049918000043],[123.9973521500001,12.829953309000075],[123.99750642300012,12.829716411000049],[124.00287495100008,12.83102602200006],[124.01010692600005,12.832288088000041]]]},"properties":{"objectid":12896,"gthcode":"8010562100120000","globalid":"{77D4416C-F673-4D61-BC8E-1B51645451AB}","st_area(shape)":0.0002378376745378021,"reg_name":"Region V (Bicol Region)","prov_name":"Sorsogon","city_name":"Juban","brgy_name":"Cogon","reg_code":"050000000","prov_code":"056200000","city_code":"056210000","brgy_code":"056210012","psgc_10d":"0506210012","geographic_level":"Bgy","old_names":"","class":"Municipality","income_class":"","urban_rural2015":"R","bgypop2015":2105,"bgypop2020":2407,"bgyarea_sqkm":2.8562653500000001,"gida":"No","gida_yr":null,"st_perimeter(shape)":0.063592815087477675,"created_user":null,"created_date":null,"last_edited_user":"ADMIN2","last_edited_date":1748789492000}},{"type":"Feature","id":15429,"geometry":{"type":"MultiPolygon","coordinates":[[[[123.98860691200002,12.877239072000066],[123.98855930200011,12.877261691000058],[123.98854174900009,12.877269470000044],[123.98853536600006,12.877269471000034],[123.98852898400003,12.877272582000046],[123.9884938780001,12.877280363000068],[123.98847472900002,12.877286586000025],[123.98843324000006,12.877289700000063],[123.98840930400002,12.877289702000041],[123.98840611300011,12.877291258000071],[123.98837100700007,12.877292816000022],[123.98836462400004,12.877294372000051],[123.98834547500007,12.877294373000041],[123.98832153900003,12.877299041000072],[123.98827207300008,12.877317712000035],[123.98826249900003,12.877319268000065],[123.98824494500002,12.877319269000054],[123.98823058400001,12.877316159000031],[123.98821781700008,12.877306826000051],[123.98821302900001,12.877300604000027],[123.9882034530001,12.87727416000007],[123.98819547400001,12.877269494000075],[123.98816196100006,12.877241495000021],[123.98814919500012,12.877236829000026],[123.98813004700003,12.877239942000074],[123.98811408900008,12.877238387000034],[123.98810770600005,12.877235277000068],[123.98809653500007,12.877225944000031],[123.98808536400009,12.877207277000025],[123.98808057600002,12.877204167000059],[123.98805823600003,12.877194834000022],[123.98805344800007,12.877194835000068],[123.98804706500005,12.877191724000056],[123.98803110800009,12.877188614000033],[123.98801834200003,12.877183948000038],[123.98797525700002,12.877180840000051],[123.98794174600005,12.87717150900005],[123.9879257880001,12.87716217600007],[123.98791621300006,12.87715128800005],[123.98790982900005,12.877146621000065],[123.98789387200009,12.877143511000043],[123.98785238300002,12.877141958000038],[123.98782525500008,12.877137293000033],[123.98780132000002,12.877135739000039],[123.98777578800002,12.877137297000047],[123.98774227900003,12.877148188000035],[123.98772791700003,12.877148189000025],[123.98770717200011,12.877141968000046],[123.98768802300003,12.877132636000056],[123.9876608940001,12.877113971000028],[123.9876066380001,12.877085974000067],[123.98759865900001,12.877084419000028],[123.98757312700002,12.877073531000065],[123.98753482900008,12.877061089000051],[123.98749014800001,12.877050203000067],[123.98743748900006,12.877050207000025],[123.98741515000006,12.877053319000026],[123.98738323600003,12.877061099000059],[123.98736089600004,12.877062656000021],[123.98735451300001,12.877061101000038],[123.98733855600005,12.877061102000027],[123.98727632200007,12.877051773000062],[123.9872683430001,12.877051773000062],[123.98724600300011,12.877047108000056],[123.98722525900007,12.877045554000063],[123.98719972700007,12.877039333000027],[123.9871630240001,12.877025335000042],[123.98715823700002,12.877022224000029],[123.98713908800005,12.877016003000051],[123.98711834300002,12.877005116000078],[123.98708005600008,12.876980309000032],[123.98705611800005,12.876952310000036],[123.98703537300003,12.876942978000045],[123.98701622400006,12.876932090000025],[123.98697952100008,12.876916536000067],[123.98694281700011,12.876891649000072],[123.98692047600002,12.876871428000072],[123.98687260200006,12.876851208000062],[123.98686462300009,12.876846542000067],[123.98684707000007,12.876840321000032],[123.98678643100004,12.876810768000041],[123.98673377000011,12.87679210500005],[123.98670983400007,12.876787439000054],[123.98659174900001,12.876753224000026],[123.9864944090001,12.87673456300007],[123.98645132400009,12.87672367600004],[123.98639068500006,12.876698791000024],[123.98637153600009,12.876694125000029],[123.98636196100006,12.876689459000033],[123.98632525900007,12.876677017000077],[123.98630930200011,12.876675462000037],[123.98629334400005,12.876670796000042],[123.98628696100002,12.876667686000076],[123.98626896900009,12.876648567000075],[123.98623633800003,12.876634653000053],[123.98620982500006,12.876626702000067],[123.98620166700005,12.876626702000067],[123.98618943100007,12.87662272700004],[123.98615680000012,12.876616765000051],[123.98611805200005,12.87661676700003],[123.98610785500011,12.876618756000028],[123.98606298900006,12.876636651000069],[123.98604667500001,12.876640628000075],[123.98601812300001,12.876640630000054],[123.98599365000007,12.876636655000027],[123.98596101900011,12.876624729000071],[123.98591411200005,12.876604851000025],[123.98589779700001,12.876594911000041],[123.98587740200003,12.876586960000054],[123.98585292900009,12.876573045000043],[123.98581825800011,12.876549190000048],[123.98581213900002,12.876543226000024],[123.98580398100012,12.876539250000064],[123.9857815470001,12.876523347000045],[123.98575503400002,12.876501479000069],[123.98575095500007,12.876495515000045],[123.98574075700003,12.876489552000066],[123.98573463900004,12.876481600000034],[123.98567549400002,12.876445817000047],[123.98558983700002,12.876384192000046],[123.98553884900002,12.876336480000077],[123.98551641400002,12.87630467200006],[123.98550213600004,12.876272864000043],[123.98549193700001,12.876229126000055],[123.98546177900005,12.876199299000064],[123.98545749700008,12.87619279200004],[123.98543004200008,12.876170162000051],[123.98541440400004,12.876163104000057],[123.98538598400012,12.876153324000029],[123.98535533900008,12.87614493500007],[123.98530437600004,12.876124762000074],[123.98530112200001,12.876122204000069],[123.98529016600003,12.876119872000061],[123.9852272170001,12.87609341700005],[123.98521808700002,12.876091473000031],[123.98520975400004,12.876085970000076],[123.98517157300012,12.876068517000022],[123.98517014600009,12.876066348000052],[123.98515633500006,12.876059678000047],[123.98510069100007,12.876034778000076],[123.98509338600002,12.876033223000036],[123.98508505300003,12.876027719000035],[123.9850671910001,12.876022052000053],[123.98501051800008,12.875993202000075],[123.9850040120001,12.875988087000053],[123.98498654800005,12.875980640000023],[123.98490579700001,12.875960482000039],[123.98519320300011,12.859887464000053],[123.98493908300009,12.855414965000023],[123.98507532200006,12.854529280000065],[123.98571003900008,12.850403025000048],[123.98583256800009,12.849697811000055],[123.98769327000002,12.849992126000075],[123.98808752500008,12.85007454600003],[123.98906305800006,12.850226946000078],[123.98934353800007,12.850285652000025],[123.99038287600001,12.85051031200004],[123.99018833600007,12.853622944000051],[123.99010983400001,12.854529280000065],[123.99001000800001,12.855681821000076],[123.99004648800008,12.857101088000036],[123.98990949900008,12.859134952000034],[123.98961950800003,12.860550858000067],[123.98917651900001,12.862442733000023],[123.98891752800012,12.863906637000071],[123.98985984800004,12.864602484000045],[123.98983188700004,12.864610944000049],[123.98983188700004,12.864615760000049],[123.98984341300002,12.864644654000074],[123.98984506000011,12.864652680000063],[123.98984506000011,12.864681575000077],[123.98984176700003,12.864697628000044],[123.98983353400001,12.864716891000057],[123.98982530100011,12.86473133800007],[123.98980224900004,12.864752207000038],[123.98978907700007,12.864761838000049],[123.98977096400006,12.864769864000039],[123.98975614500011,12.864768259000073],[123.98974955900007,12.864763444000062],[123.98973967900008,12.864752207000038],[123.98973638600012,12.864747391000037],[123.98972650600001,12.864720102000035],[123.98971992000008,12.864697628000044],[123.9897083940001,12.864678365000032],[123.9896013660001,12.864707260000046],[123.98960465900007,12.864713681000069],[123.98960795200003,12.864726523000058],[123.98960795200003,12.864740970000071],[123.98961124500011,12.864769865000028],[123.9896211250001,12.864803575000053],[123.98963100500009,12.864853338000046],[123.98963923800011,12.864919154000063],[123.98964911700011,12.864946443000065],[123.98965735000002,12.864951259000065],[123.98967217000006,12.864951259000065],[123.98969522200002,12.864946443000065],[123.98971498100002,12.86493841600003],[123.98972815400009,12.864927180000052],[123.98973638600012,12.86491273200005],[123.98974297300003,12.864879022000025],[123.98974955900007,12.864874206000025],[123.98976931800007,12.864867785000058],[123.98977755100009,12.864869390000024],[123.98978907700007,12.864875811000047],[123.98980060300005,12.86489507400006],[123.98980225000003,12.864903100000049],[123.98981871600006,12.86493841600003],[123.98983353500012,12.864964100000066],[123.98985329400011,12.865015468000024],[123.98987799300005,12.865062020000039],[123.9898829330001,12.865074862000029],[123.98990763200004,12.865123020000055],[123.98994715100002,12.865174388000071],[123.98997349600006,12.865217729000051],[123.98997843600011,12.865222545000051],[123.98998502200004,12.865235387000041],[123.98999490200003,12.865246624000065],[123.99001630800001,12.865277123000055],[123.9900377140001,12.865296386000068],[123.99005210700011,12.865326337000056],[123.99006034000001,12.865339179000046],[123.9900817460001,12.865366469000037],[123.9900916250001,12.865376100000049],[123.99009821200002,12.865380916000049],[123.99010644500004,12.865384126000038],[123.99011797100002,12.865393758000039],[123.99012949700011,12.865400179000062],[123.99016407500005,12.865413020000062],[123.99017560200002,12.865422652000063],[123.9901986540001,12.865453152000043],[123.99020564800003,12.865459970000074],[123.99020104300007,12.865631154000027],[123.99020030200006,12.865631335000046],[123.99018383600003,12.865631335000046],[123.99017066300007,12.865634545000034],[123.99014267100006,12.86564257200007],[123.9901294980001,12.865648993000036],[123.99011632600002,12.865668256000049],[123.99011138600008,12.86567307200005],[123.99010480000004,12.865685914000039],[123.99010315300006,12.865709993000053],[123.99010644700002,12.865726045000031],[123.99010974000009,12.865732466000054],[123.99011138600008,12.865740492000043],[123.99011797300011,12.865754940000045],[123.99012620600001,12.865767782000034],[123.9901476120001,12.865790255000036],[123.99019070400004,12.865814544000045],[123.9901960740001,12.865815853000072],[123.9901915370001,12.865984490000073],[123.99046654400001,12.867288401000053],[123.99081086100011,12.871813580000037],[123.99105691300008,12.871573671000021],[123.99105912400012,12.871580495000046],[123.99106713500009,12.87159923400003],[123.99108956300006,12.871630464000077],[123.99109597200004,12.871642956000073],[123.99110238100002,12.871661695000057],[123.99110238200001,12.871675749000076],[123.99109757800011,12.871688243000051],[123.9910879680001,12.871700736000037],[123.99107835700011,12.87170698400007],[123.9910527290001,12.871728848000032],[123.9910527290001,12.871730410000055],[123.9910463220001,12.871735095000076],[123.9910351100001,12.871747589000051],[123.99102710200009,12.871760082000037],[123.99102069600008,12.871780384000033],[123.99101749500005,12.871811616000059],[123.99101269200003,12.871839725000029],[123.99101269200003,12.871849095000073],[123.99100949000001,12.871861588000058],[123.99099347400011,12.871891260000041],[123.99098546500011,12.871897507000028],[123.99097104900011,12.871905316000039],[123.99096464100012,12.871900632000063],[123.99095502800003,12.871886578000044],[123.99094701900003,12.871880332000046],[123.99094061000005,12.871872525000072],[123.99092779500006,12.871866279000074],[123.99091498000007,12.87186471900003],[123.99090376700008,12.871867843000075],[123.99089736000008,12.871870967000064],[123.99089255500007,12.871875652000028],[123.99088454600007,12.871888145000071],[123.99088294600006,12.871902200000022],[123.99088935600003,12.871931870000026],[123.99088935700001,12.871949047000044],[123.99088775600001,12.871956856000054],[123.99087974800011,12.871970911000062],[123.99086853600011,12.871980281000049],[123.99085251800011,12.871988091000048],[123.99083009200001,12.871991216000026],[123.99080446200003,12.871991217000073],[123.99075320100008,12.871980290000067],[123.99073237700009,12.871983415000045],[123.99071956300008,12.871992786000021],[123.99071475900007,12.87200684000004],[123.99071475900007,12.872013087000028],[123.99071796400005,12.872024018000047],[123.99072116900004,12.872031826000068],[123.99073718900001,12.87204900200004],[123.99074359700012,12.872061495000025],[123.99074520000011,12.872073987000022],[123.9907339880001,12.872086481000053],[123.9907275810001,12.872089605000042],[123.99070675700011,12.872095853000076],[123.99069714600012,12.872095854000065],[123.99067632200001,12.872102102000042],[123.99066190600001,12.872111472000029],[123.99064909300012,12.87212708900006],[123.99064108500011,12.872147391000055],[123.99064909600008,12.872167691000072],[123.99065710600007,12.872170814000071],[123.99069394900005,12.872172373000069],[123.99070195800005,12.872175495000022],[123.99070836600004,12.872181741000077],[123.99070996900002,12.872189549000041],[123.99070516500001,12.872205166000072],[123.99069395300012,12.872216098000024],[123.99067953600002,12.872223907000034],[123.99066672200001,12.872225469000057],[123.99065871300002,12.872228593000045],[123.99062827700004,12.87222859600007],[123.99061546200005,12.872225473000071],[123.99060585000007,12.872212981000075],[123.99057861600011,12.872184874000027],[123.99057060600001,12.872178629000075],[123.99056419800002,12.872177067000052],[123.99055618900002,12.872177068000042],[123.99054818000002,12.87218019200003],[123.99052735700002,12.872194248000028],[123.99051934800002,12.872197372000073],[123.99051454200003,12.872194249000074],[123.99050653100005,12.872180195000055],[123.99050492900005,12.872172387000035],[123.99050653000006,12.872163017000048],[123.99050813100007,12.87215677100005],[123.99051293600007,12.87214896200004],[123.99052254600008,12.872136469000054],[123.99054176700008,12.872116166000069],[123.99054497000009,12.872108358000048],[123.99054497000009,12.872103673000026],[123.99054016300011,12.87209118100003],[123.99053375500011,12.872080250000067],[123.99052254000003,12.872053704000052],[123.99051613100005,12.872045896000031],[123.99050652000005,12.872041212000056],[123.99049050100007,12.872041213000045],[123.99046326900009,12.872038092000025],[123.9904504540001,12.872030285000051],[123.9904456480001,12.872024039000053],[123.99044084200011,12.872016231000032],[123.99042642200004,12.871978754000054],[123.99042001100008,12.871938153000031],[123.99042001000009,12.871928783000044],[123.99041680500011,12.871914729000025],[123.99040398900001,12.871892867000042],[123.99039117300003,12.871880375000046],[123.99037194900006,12.871867884000039],[123.99036073600007,12.871866323000063],[123.99034792200007,12.871875694000039],[123.99034311700007,12.87188350200006],[123.99033511000005,12.871910050000054],[123.99033511300001,12.871944406000068],[123.99033351200001,12.871950652000066],[123.99033030900011,12.87195846000003],[123.99031108800011,12.871974078000051],[123.99029987500012,12.871978764000062],[123.99028225500001,12.871980327000074],[123.99025822700003,12.871985013000028],[123.99024381000004,12.871983453000041],[123.99022458800005,12.871978769000066],[123.99019255100006,12.871980333000067],[123.99017973600007,12.871985019000022],[123.99015731100008,12.871997514000043],[123.99013969200007,12.872013131000074],[123.99011566700005,12.872045927000045],[123.99010125200004,12.872075598000038],[123.99009324500003,12.872103708000054],[123.99008369700005,12.872129765000068],[123.99008049400004,12.872137573000032],[123.99007568900004,12.872143820000076],[123.99006447600004,12.872153191000052],[123.99006127300004,12.872157876000074],[123.99005326400004,12.872162561000039],[123.99001802300006,12.872176619000072],[123.99000040400006,12.872187551000025],[123.98998919100006,12.872200045000056],[123.98998118300005,12.872214100000065],[123.98997477700004,12.872235964000026],[123.98997317600003,12.872250018000045],[123.98997317900012,12.87228437400006],[123.9899779860001,12.872296866000056],[123.98998920000008,12.872307797000076],[123.99000041300008,12.872314042000028],[123.99000842300006,12.872321850000048],[123.99001483100005,12.872332780000022],[123.99001803600004,12.872348396000064],[123.99001803800002,12.872364012000048],[123.99000842900011,12.87239680700003],[123.99000362400011,12.872403054000074],[123.98999241100012,12.872410863000027],[123.98997639300001,12.872415549000038],[123.98996197600002,12.872412427000029],[123.98991551900008,12.872385883000049],[123.98990751000008,12.872384322000073],[123.98990110200009,12.872385884000039],[123.98989469500009,12.87239057000005],[123.98989149200008,12.872398378000071],[123.98988829000007,12.872421802000076],[123.98988829200005,12.872449911000047],[123.98988989500003,12.872456158000034],[123.98988989600002,12.87247645900004],[123.98989630600011,12.872499882000056],[123.98989630700009,12.872513937000065],[123.9898931030001,12.872521745000029],[123.9898882980001,12.872527992000073],[123.9898610680001,12.872552980000023],[123.98985145900008,12.872576405000075],[123.98984825700006,12.872604514000045],[123.98984505500005,12.872615445000065],[123.98982903800004,12.872638871000049],[123.98981782500005,12.87264667900007],[123.98980981600005,12.872648242000025],[123.98979379700006,12.872641997000073],[123.98978418500008,12.872632628000076],[123.98974733700004,12.87256704300006],[123.98972170200011,12.872506142000077],[123.98970728400002,12.872487404000026],[123.98970087600003,12.87248272000005],[123.98969286700003,12.872481159000074],[123.98968485700004,12.87248272100004],[123.98967524700004,12.872493653000049],[123.98966724100001,12.872531132000063],[123.9896640390001,12.872562365000022],[123.9896608360001,12.872568611000077],[123.9896560310001,12.872573296000041],[123.98964962400009,12.87257642000003],[123.9896368090001,12.872576421000076],[123.98961598400001,12.872570176000067],[123.98961278000002,12.872563930000069],[123.98960637000005,12.872531137000067],[123.98959675800006,12.872518645000071],[123.98958394200008,12.872509276000073],[123.98957913600009,12.87250771500004],[123.98957112700009,12.87250771500004],[123.9895599140001,12.872512401000051],[123.98952948100009,12.872537389000058],[123.9895166660001,12.872543637000035],[123.9895022500001,12.872546761000024],[123.98947341600001,12.872545201000037],[123.98945899900002,12.872546764000049],[123.98944778700002,12.872553011000036],[123.98943817600002,12.872563943000046],[123.98941575400011,12.872609232000059],[123.9894125510001,12.872621725000045],[123.9894109490001,12.872623286000021],[123.98940614600008,12.872654519000037],[123.98940614700007,12.872662327000057],[123.98940935100006,12.872674819000054],[123.98941736200004,12.872693558000037],[123.98942216800003,12.872699804000035],[123.98943017900001,12.872720104000052],[123.98943018000011,12.872734159000061],[123.98942537500011,12.872741967000024],[123.98941896800011,12.872748214000069],[123.98941095900011,12.872752899000034],[123.98938052400001,12.872754463000035],[123.98937411700001,12.872756025000058],[123.98935649700002,12.872765396000034],[123.98934848800002,12.872776328000043],[123.98934528500001,12.872784136000064],[123.98933887900012,12.87280443800006],[123.9893356770001,12.872821616000067],[123.98933567900008,12.87284347800005],[123.98934048700005,12.872880956000074],[123.98935010100001,12.872912187000054],[123.98937733600008,12.872957472000053],[123.98939335600005,12.872973087000048],[123.98939656000005,12.872979333000046],[123.98939656100004,12.872994949000031],[123.98939496000003,12.873002757000052],[123.98938855300003,12.873013689000061],[123.98938374800002,12.873018374000026],[123.98937573900002,12.873021498000071],[123.98934370200004,12.873018377000051],[123.98933088600006,12.873013693000075],[123.98931166400007,12.873010571000066],[123.98930685800008,12.873005887000033],[123.98930685700009,12.872999640000046],[123.98931006000009,12.872991832000025],[123.98931646700009,12.872984024000061],[123.98933248500009,12.872969968000064],[123.98934529900009,12.872963721000076],[123.9893485020001,12.872955912000066],[123.98933568600012,12.872937174000072],[123.98932927800001,12.872934051000072],[123.98930845300004,12.872926245000031],[123.98928282400004,12.872927808000043],[123.98927641600005,12.872926247000066],[123.98926360000007,12.872915317000036],[123.98925719200008,12.87290282500004],[123.9892571900001,12.872870031000048],[123.98925558700012,12.87286378500005],[123.98924917900001,12.872848169000065],[123.98923956600004,12.872837239000035],[123.98922514900005,12.87282943200006],[123.98921233400006,12.872826309000061],[123.98919951900007,12.872827872000073],[123.98918029800006,12.872837243000049],[123.98916748300007,12.872840367000038],[123.98916107500008,12.872840368000027],[123.9891466580001,12.872835684000052],[123.98914025100009,12.872831000000076],[123.98913544400011,12.872824754000021],[123.98913544400011,12.872818507000034],[123.98914505300002,12.872790398000063],[123.98914024700002,12.872785713000042],[123.98912102400004,12.872779468000033],[123.98911141300005,12.872779469000022],[123.98910340400005,12.872781031000045],[123.98908418200006,12.872790402000021],[123.98907617300006,12.872791964000044],[123.98906496000006,12.872790403000067],[123.98904894000009,12.87277791200006],[123.98904573600009,12.872768542000074],[123.9890457350001,12.872760734000053],[123.98904092900011,12.872749803000033],[123.98903612300012,12.872745119000058],[123.98902651200001,12.872745120000047],[123.98900729000002,12.872757614000022],[123.98899928200001,12.872766984000066],[123.98898006200011,12.872799779000047],[123.98896885000011,12.872812273000022],[123.9889576380001,12.872821643000066],[123.9889480280001,12.872841945000062],[123.98894802900008,12.872855999000024],[123.98895123400007,12.872868492000066],[123.98895764200006,12.87287629900004],[123.98896244700006,12.872877861000063],[123.98897366000006,12.872876298000051],[123.98898327200004,12.872877859000027],[123.98898967900004,12.87288254300006],[123.98899288400003,12.872888790000047],[123.98899769100001,12.872909090000064],[123.98899769200011,12.872923144000026],[123.9889944900001,12.872943446000022],[123.98898808300009,12.872955939000065],[123.98898648200009,12.872965309000051],[123.98898808600006,12.872994979000055],[123.98899769800005,12.873005909000028],[123.98901852300003,12.873019962000058],[123.98902332900002,12.873024647000022],[123.98902653400012,12.873030893000077],[123.98902813600012,12.873037139000076],[123.9890281370001,12.873054317000026],[123.9890185270001,12.873066810000068],[123.98899289800011,12.873079305000033],[123.9889672700001,12.873096485000076],[123.98893843900009,12.873130842000023],[123.9889272260001,12.873138651000033],[123.98891761600009,12.873148021000077],[123.9889096070001,12.873152706000042],[123.98889519000011,12.873152707000031],[123.98887276300002,12.873141778000047],[123.98885834600003,12.873137094000072],[123.98883591900005,12.873132411000029],[123.98882951200005,12.873132411000029],[123.98881424400008,12.873120383000071],[123.98880565200011,12.87312038400006],[123.98879018700006,12.873123735000036],[123.98877300300001,12.873123737000071],[123.98876612900006,12.87312206200005],[123.98875753600009,12.873115362000021],[123.98875409900006,12.87310866100006],[123.98875409900006,12.873101960000042],[123.98875581600009,12.87309358400006],[123.98876097100003,12.873085208000077],[123.98876612600009,12.873080182000024],[123.98877471700007,12.873065104000034],[123.98877471600008,12.873051703000044],[123.98876955900005,12.873038301000065],[123.98876096700008,12.873026576000029],[123.98874550000005,12.873019876000058],[123.98872144300003,12.873023228000022],[123.9887059780001,12.87302993000003],[123.98869223100007,12.873039982000023],[123.98868879500003,12.873046683000041],[123.98868707700001,12.873055059000023],[123.9886870790001,12.873070136000024],[123.98869051700001,12.873090238000032],[123.98869051800011,12.873103640000068],[123.98868708300006,12.873123743000065],[123.98868364600003,12.873132119000047],[123.98867849200008,12.873138820000065],[123.98867161900012,12.873143846000062],[123.98865615300008,12.873150548000069],[123.98864240600005,12.873147199000073],[123.9886355320001,12.87314384900003],[123.98862865800004,12.873137148000069],[123.9886217830001,12.873125422000044],[123.98861834500008,12.873106995000057],[123.98861834400009,12.873090243000036],[123.98862178000002,12.873073491000071],[123.98862693400008,12.873060089000035],[123.98862521500007,12.873050038000031],[123.98862005900003,12.873041662000048],[123.98861318500008,12.873038312000062],[123.98860803000002,12.873036638000031],[123.98858569100003,12.873041665000073],[123.98855819800008,12.873056744000053],[123.98854101500001,12.87307684700005],[123.98853586000007,12.873080198000025],[123.98852898700011,12.873083549000057],[123.98852039500002,12.873083549000057],[123.98849805500004,12.873075175000054],[123.98847399600004,12.873053399000071],[123.98846196700003,12.873055075000025],[123.98844134700005,12.873061777000032],[123.9884121340001,12.873060104000047],[123.98839495000004,12.873051729000053],[123.98838807600009,12.873050055000022],[123.98836745400001,12.873031629000025],[123.98835714200004,12.873011527000074],[123.98835198500001,12.872989750000045],[123.98835198500001,12.872981374000062],[123.98835542000006,12.872959596000044],[123.98835541800008,12.872937819000072],[123.98836229000005,12.872911015000057],[123.9883657260001,12.872904314000039],[123.98836744300002,12.872887562000074],[123.98837087900006,12.872874160000038],[123.98837087700008,12.872844006000037],[123.98836400000005,12.872807152000064],[123.98835540800007,12.872795426000039],[123.98834337800008,12.872785376000024],[123.9883330670001,12.872773650000056],[123.98817326200003,12.872850721000077],[123.98817154700009,12.872889251000061],[123.98816811100005,12.872904328000061],[123.98815780300004,12.872936157000026],[123.98813546800011,12.872988090000035],[123.98813203200007,12.873001492000071],[123.98812859600002,12.873008193000032],[123.98812859600002,12.87301489400005],[123.98812172400005,12.873036672000069],[123.98812000700002,12.873053424000034],[123.9881200100001,12.873088603000042],[123.98812172800001,12.873093628000049],[123.9881217300001,12.873112056000025],[123.98812516700002,12.873125457000071],[123.98812185300005,12.873159188000045],[123.98812185500003,12.873184316000049],[123.98812357400004,12.873191017000067],[123.98812357500003,12.873209444000054],[123.98813045000009,12.873232897000037],[123.98814076100007,12.873244622000072],[123.98816482000007,12.873263048000069],[123.98818716000005,12.87327644800007],[123.9881923160001,12.873283148000041],[123.98819403900006,12.873351832000026],[123.98819747700009,12.873366908000037],[123.98820607000005,12.873383660000059],[123.9882370040001,12.873413811000034],[123.9882610630001,12.873433912000053],[123.98826621800004,12.873442288000035],[123.98826965700005,12.873462390000043],[123.98826965800004,12.873485843000026],[123.98827653400008,12.873515996000037],[123.98829028400007,12.873554524000042],[123.98830747000011,12.873586352000075],[123.98831606300007,12.873598078000043],[123.98832637400005,12.873608128000058],[123.98833324800012,12.873613153000065],[123.98834184100008,12.873616503000051],[123.98836074400003,12.873631579000062],[123.98836590000008,12.873639954000055],[123.98837621100006,12.873651680000023],[123.98840199000006,12.873695233000035],[123.98841230300002,12.873728737000022],[123.98841230400001,12.873740463000047],[123.98841402300002,12.873747164000065],[123.9884140260001,12.873790719000056],[123.98841230800008,12.873797420000074],[123.98841402700009,12.873809146000042],[123.98841403000006,12.873839300000043],[123.98841574900007,12.873852701000033],[123.9884209060001,12.87387280300004],[123.98843465500011,12.873906306000038],[123.98844840400011,12.873928083000067],[123.98845699700007,12.873934783000038],[123.9884724640001,12.873956559000021],[123.98848965100001,12.873998438000058],[123.98851886800003,12.874060419000045],[123.98853777300008,12.874087221000025],[123.98854292800002,12.874090571000067],[123.98854808400006,12.874097271000039],[123.98857214300006,12.874119047000022],[123.98858073600002,12.874134123000033],[123.98858073700001,12.874147525000069],[123.9885601200001,12.874194432000024],[123.98856012100009,12.874216210000043],[123.98857043500004,12.874251388000062],[123.98857043500004,12.874256414000058],[123.98857559200007,12.874276516000066],[123.98858590400005,12.874301643000024],[123.98859106000009,12.874310019000063],[123.98859621500003,12.874313369000049],[123.98863230300003,12.874323418000074],[123.98866495300001,12.874330116000067],[123.9886855740001,12.874340166000025],[123.98871135200011,12.874363617000029],[123.98872166400008,12.874387069000022],[123.98871994700005,12.874398796000037],[123.98870792000002,12.874418899000034],[123.98870276500008,12.874423925000031],[123.98867870800007,12.87443397800007],[123.98864949500012,12.874432305000028],[123.98862887400003,12.874427281000067],[123.98860481500003,12.874418906000074],[123.98856185400007,12.87439713200007],[123.98851373500008,12.874348554000051],[123.98848623900005,12.874331804000064],[123.98842781200005,12.874311705000025],[123.9883848500001,12.874291606000043],[123.98836594700003,12.874278206000042],[123.98834016900003,12.874254755000038],[123.98832642200011,12.874248055000066],[123.98829720800006,12.874241356000027],[123.98827658800008,12.874244708000049],[123.98825081200005,12.874244710000028],[123.98823878300004,12.874241360000042],[123.98822503500003,12.874232985000049],[123.98821472300006,12.874217909000038],[123.98820269200007,12.874186081000062],[123.98820269200007,12.874181055000065],[123.98819409800001,12.874160953000057],[123.98816831900001,12.874112374000049],[123.98815628800003,12.874082222000027],[123.98814425600006,12.87403531700005],[123.98812706900003,12.873990088000028],[123.98811160100001,12.87395658500003],[123.98810472600007,12.873944859000062],[123.98809441500009,12.873933133000037],[123.98808582300001,12.873934809000048],[123.98807895000004,12.873946536000062],[123.98807723400012,12.873969989000045],[123.98807379800007,12.873983390000035],[123.98806692500011,12.873998468000025],[123.98806177100005,12.874005169000043],[123.98805317900008,12.874011870000061],[123.98803084000008,12.87401187200004],[123.98801365600002,12.874006847000032],[123.98800506400005,12.874006848000022],[123.98799647200008,12.874016900000072],[123.98799131900012,12.874045379000052],[123.98799303900012,12.874062130000027],[123.9880050700001,12.874090608000074],[123.9880188190001,12.874115735000032],[123.98803084800011,12.874125785000047],[123.98804803400003,12.874145887000054],[123.98805490800009,12.874150912000061],[123.9880806860001,12.874181064000027],[123.9881047450001,12.874202840000066],[123.98813052300011,12.874234667000053],[123.98813911600007,12.874248068000043],[123.98815458400009,12.874276545000043],[123.98817349000001,12.87432344900003],[123.98817864700004,12.874348577000035],[123.98817864700004,12.874358628000039],[123.98818208500006,12.874365329000057],[123.98819583600005,12.87441725900004],[123.98820288400009,12.874431856000058],[123.98821319500007,12.874440231000051],[123.98824412700003,12.874455306000073],[123.98825100100009,12.874456981000037],[123.98828021500003,12.874473731000023],[123.98829052600001,12.874483781000038],[123.98830427500002,12.874502207000035],[123.98830771200005,12.874508908000053],[123.98831115000007,12.874523985000053],[123.98830599700011,12.874550788000022],[123.98830428000008,12.874574241000062],[123.98831631300004,12.874626171000045],[123.98831975100006,12.874649624000028],[123.98832662600012,12.874669726000036],[123.98833006500001,12.874689828000044],[123.98833865800009,12.874711605000073],[123.98835584400001,12.874738407000052],[123.98840568100002,12.874783634000039],[123.98841427400009,12.874788659000046],[123.98842802100012,12.874792008000043],[123.98843661300009,12.874793683000064],[123.9884606710001,12.874792006000064],[123.98846582600004,12.874793681000028],[123.98847613600003,12.874793680000039],[123.98850363200006,12.874803729000064],[123.98851566100006,12.874810429000036],[123.9885311270001,12.874813779000021],[123.98853971900007,12.874812103000068],[123.98854659200003,12.874808752000035],[123.9885637750001,12.874791999000024],[123.98857752200001,12.874788647000059],[123.98859126900004,12.87478864600007],[123.9886204820001,12.874795345000052],[123.98862907400007,12.874798695000038],[123.98864110400007,12.874807070000031],[123.98865141500005,12.874822146000042],[123.98865313500005,12.874835548000021],[123.98864970000011,12.87485732500005],[123.9886497010001,12.874879103000069],[123.98865142000011,12.874889154000073],[123.98865485800002,12.874895855000034],[123.9886634500001,12.874902555000062],[123.98867719800012,12.874909255000034],[123.98869266400004,12.874909254000045],[123.9887201570001,12.874899200000073],[123.98873562300003,12.87489584900004],[123.98874765100004,12.874895848000051],[123.98877170900005,12.874899197000047],[123.98877342800006,12.874900872000069],[123.98879061200012,12.874904221000065],[123.98879748600007,12.874904221000065],[123.98881467000001,12.874910920000048],[123.98884216600004,12.874927670000034],[123.98886966200007,12.874949446000073],[123.98888169200006,12.874962846000074],[123.98889372200006,12.874979598000039],[123.98891950000007,12.875004724000064],[123.98894355900006,12.875016448000054],[123.98895902400011,12.875018123000075],[123.98897620800005,12.875014771000053],[123.98902260400007,12.874992990000067],[123.98902775900001,12.874992990000067],[123.98904322400006,12.874986288000059],[123.98905181600003,12.87498628700007],[123.98905697200007,12.874991312000077],[123.98906212700001,12.874999688000059],[123.9890621290001,12.875016440000024],[123.98905353800001,12.875036543000022],[123.98904838400006,12.875044919000061],[123.98904151000011,12.875049945000058],[123.98901573500007,12.87505999900003],[123.98900027000002,12.875071726000044],[123.98899511600007,12.875085128000023],[123.98899511700006,12.875091829000041],[123.98900027400009,12.87511360600007],[123.98900714800004,12.875125332000039],[123.98901574200011,12.875148784000032],[123.98901746100012,12.875157160000072],[123.98901595000007,12.875185768000051],[123.98903142000006,12.875237698000035],[123.98904173200003,12.875252774000046],[123.98904688700009,12.875256124000032],[123.98905719800007,12.875257799000053],[123.98907953700007,12.875256122000053],[123.98910187500007,12.875247744000035],[123.98911390300009,12.875237692000042],[123.98912249500006,12.875232666000045],[123.98913796000011,12.875215913000034],[123.98914483300007,12.875212562000058],[123.98915170700002,12.875212561000069],[123.98916889100008,12.875222611000027],[123.9891723290001,12.875229312000045],[123.98918779600001,12.875249413000063],[123.98920154400003,12.875257788000056],[123.98921013600011,12.875261138000042],[123.98922044700009,12.875261137000052],[123.98923934900006,12.875256110000066],[123.98925481400011,12.875257784000041],[123.9892668440001,12.87526448400007],[123.9892668440001,12.875271185000031],[123.98926340900005,12.875286262000031],[123.98926341100002,12.87532311700005],[123.9892720040001,12.875334842000029],[123.98929950000002,12.875349917000051],[123.98931840400007,12.875363317000051],[123.98932699700003,12.875376718000041],[123.98933215300008,12.875391795000041],[123.98933215500006,12.875420273000032],[123.98932872000012,12.875438701000064],[123.98931325700005,12.87547220600004],[123.98928061200002,12.875532516000021],[123.98927717600009,12.875549268000043],[123.98928061400011,12.875562670000022],[123.98929951800005,12.875587796000048],[123.98931154800005,12.875599522000073],[123.98931842200011,12.875604547000023],[123.98932357700005,12.875606222000044],[123.98933045100011,12.875607896000076],[123.98933904300009,12.875606220000066],[123.98936310000011,12.875594492000062],[123.98937684700002,12.875591141000029],[123.9893854390001,12.87559114000004],[123.98941808900008,12.875597839000022],[123.98943011900008,12.875604538000061],[123.98943527400002,12.875611239000023],[123.98943527500012,12.875617940000041],[123.98942496500001,12.875631342000077],[123.98939575400004,12.875654797000038],[123.98938544500004,12.875666524000053],[123.98938372700002,12.875673225000071],[123.98938372800001,12.875689977000036],[123.98938544700002,12.875698353000075],[123.98939575800011,12.875698352000029],[123.98942325100006,12.875686624000025],[123.98944043500001,12.875684947000025],[123.98944730900007,12.875686622000046],[123.98946621300001,12.875703373000022],[123.98947824300001,12.875718449000033],[123.98948511700007,12.87572347400004],[123.98950058300011,12.875728498000058],[123.98951776700005,12.875726822000047],[123.98952464000001,12.875721795000061],[123.98952979500007,12.875710069000036],[123.98953494800003,12.875688291000074],[123.98954525700003,12.875663162000023],[123.98955728500005,12.87565311000003],[123.98956587700002,12.875649759000055],[123.98957618700001,12.87565143300003],[123.98958134300005,12.875653108000051],[123.98958993600002,12.875666509000041],[123.98959681200006,12.875706713000056],[123.98960025000008,12.875718439000025],[123.98960712500002,12.875731840000071],[123.98962087300004,12.875738540000043],[123.98965695900006,12.875738538000064],[123.98966383300001,12.875741887000061],[123.98966898900005,12.875746913000057],[123.98966899100003,12.875772041000062],[123.98966040100004,12.875797169000066],[123.98965009200003,12.875817273000052],[123.98965009200003,12.875823973000024],[123.98968962000004,12.875875902000075],[123.98969305700007,12.875884277000068],[123.98969477700007,12.875897679000047],[123.98968962200001,12.87590605500003],[123.98968274900005,12.875911081000027],[123.98965869200003,12.875917784000023],[123.98965010000006,12.875916109000059],[123.98964322600011,12.875912760000062],[123.98962775900009,12.875899359000073],[123.98962088500002,12.87589600900003],[123.98961573000008,12.875904386000059],[123.98961573200006,12.875926163000031],[123.98962088900009,12.87594794000006],[123.98962432600001,12.875952966000057],[123.98963061500001,12.875972544000035],[123.98962889800009,12.875987621000036],[123.98963233600011,12.876009399000054],[123.98963921100005,12.876021125000022],[123.98966670800007,12.876046251000048],[123.98967186400012,12.876059652000038],[123.98967186400012,12.876066353000056],[123.98966842900006,12.876081430000056],[123.98965983900007,12.876108234000071],[123.98966155900007,12.876130011000043],[123.98967015300002,12.876156814000069],[123.98968390200002,12.876176916000077],[123.98968905800007,12.876181941000027],[123.98970280500009,12.876190316000077],[123.98970967900004,12.876191990000052],[123.98974576600006,12.876191988000073],[123.98976295000011,12.876190311000073],[123.98979903600002,12.876175232000037],[123.98980762800011,12.876175231000047],[123.98981278300005,12.876173555000037],[123.98982309300004,12.876173554000047],[123.98984199600011,12.876178579000054],[123.98984887000006,12.876181928000051],[123.9898660560001,12.876202030000059],[123.98989870800006,12.876232181000034],[123.9899176130001,12.876265683000042],[123.98992792800004,12.876319289000037],[123.98992792900003,12.87632934100003],[123.98993308700005,12.876361169000063],[123.98993996200011,12.876386297000067],[123.98995199300009,12.87640807300005],[123.98997261500006,12.876429849000033],[123.98998636400006,12.876439899000047],[123.9900018300001,12.87644827400004],[123.9900258880001,12.876454973000023],[123.9900499470001,12.876465023000037],[123.99006541400001,12.876475073000051],[123.9900997850001,12.876505224000027],[123.99010665800006,12.876508573000024],[123.99012040700006,12.876528675000031],[123.99011869000003,12.876545427000053],[123.99011353600008,12.876558829000032],[123.9900843260001,12.876599036000073],[123.99006370800009,12.87663421700006],[123.99006027200005,12.87664929400006],[123.99006199300004,12.876681123000026],[123.99006543100006,12.876696199000037],[123.99006199600001,12.876711276000037],[123.99005512300005,12.876723003000052],[123.99004825000009,12.876728029000049],[123.99003278400005,12.876734731000056],[123.9900276300001,12.876741433000063],[123.99002075700002,12.876756510000064],[123.99001903900012,12.876764886000046],[123.9900190410001,12.876779963000047],[123.99002591600004,12.87680341500004],[123.99003622800001,12.876815141000066],[123.99007575300004,12.876835240000048],[123.99009122000007,12.876848641000038],[123.99010496900007,12.876868742000056],[123.99011528100004,12.876888844000064],[123.99011700000005,12.876895544000035],[123.99012559300002,12.876910621000036],[123.99013075000005,12.876929047000033],[123.99013247000005,12.87694915000003],[123.9901273160001,12.876969252000038],[123.99011872600011,12.876991031000045],[123.99011529000006,12.876996057000042],[123.99008264200006,12.877021187000025],[123.99006717700001,12.877029564000054],[123.99005171100009,12.877032916000076],[123.99002765300008,12.877032918000054],[123.98997438100002,12.877026221000051],[123.98996407100003,12.877027897000062],[123.98990774400011,12.877049679000038],[123.98989227800007,12.877058057000056],[123.98987165800008,12.877064759000064],[123.98985619200005,12.877073136000035],[123.98982354300006,12.877084865000029],[123.98981666900011,12.877084866000075],[123.98979433000011,12.877089893000061],[123.98978402000012,12.877089894000051],[123.98976168000002,12.877093246000072],[123.98974449600007,12.877094922000026],[123.98971528300001,12.877094924000062],[123.98970669100004,12.877096600000073],[123.98968778800008,12.877094926000041],[123.98963623500003,12.877094930000055],[123.98956406000002,12.877086559000077],[123.98951594400012,12.877076512000031],[123.98950391400001,12.877071487000023],[123.9894661080001,12.877063114000066],[123.9893939320001,12.877037991000066],[123.98936128100001,12.877024592000055],[123.98934237800006,12.87701454200004],[123.98930800800008,12.876999468000065],[123.98927535700011,12.876987744000076],[123.9892616090001,12.876979369000026],[123.98922380300007,12.876964294000061],[123.9892031820001,12.876959270000043],[123.98917053200012,12.876957598000047],[123.98914819200002,12.876962625000033],[123.98913960000004,12.876962625000033],[123.98911038800009,12.87696932800003],[123.98909664100006,12.876974355000073],[123.98907258300005,12.876979382000059],[123.98906227300006,12.876979383000048],[123.98901759500006,12.876992788000052],[123.98900900300009,12.876991113000031],[123.98895916900005,12.876991117000046],[123.98892480100005,12.876997820000042],[123.98891620900008,12.876997821000032],[123.98888184200007,12.877011225000047],[123.98886637600003,12.877019602000075],[123.98884403800002,12.877033005000044],[123.98882685500007,12.877048083000034],[123.98880623500008,12.877059811000038],[123.98877702300001,12.877079916000071],[123.98875640400001,12.877101695000022],[123.98872891100007,12.877121799000065],[123.98870657300006,12.877141903000052],[123.98870485400005,12.877141903000052],[123.98868767200008,12.877158656000063],[123.98867736200009,12.87716535800007],[123.98866189700004,12.877178761000039],[123.98863784200012,12.877215617000047],[123.98863268700006,12.877218968000022],[123.98862753200001,12.87722566900004],[123.98860691200002,12.877239072000066]]],[[[123.98505761800004,12.876902050000069],[123.98505437800009,12.876908366000066],[123.98505437900008,12.876922575000037],[123.98505762000002,12.876928891000034],[123.98510297200005,12.876968361000024],[123.98510945100008,12.876982570000052],[123.98510783200004,12.877006254000037],[123.9851062140001,12.877012569000044],[123.98509973600005,12.877023623000071],[123.98508678000007,12.877034675000061],[123.98506410500011,12.877044151000064],[123.98504305000006,12.877045730000077],[123.98502037600008,12.877045732000056],[123.98500741800001,12.877044153000043],[123.98494749000008,12.877028367000037],[123.98492157600003,12.877017317000025],[123.98488721000001,12.876999947000058],[123.98489765300008,12.876415920000056],[123.98491217000003,12.87642898200005],[123.98492674800002,12.876449506000029],[123.98494618600012,12.876492135000035],[123.98494780600004,12.876500029000056],[123.98495428600006,12.87651581800003],[123.98496562600008,12.876566341000057],[123.9849769650001,12.876596340000049],[123.9849818240001,12.876604235000059],[123.98498992400005,12.876624759000038],[123.98498992400005,12.876629495000032],[123.98500288200012,12.876665809000031],[123.98501746000011,12.876691070000049],[123.9850271790001,12.87670212200004],[123.98504337700001,12.876727383000059],[123.98504985600005,12.876732120000042],[123.98507704500003,12.876764685000069],[123.98513211400007,12.876791523000065],[123.98515478900003,12.876800995000053],[123.98516936600004,12.876808889000074],[123.98517746500011,12.876815204000025],[123.98518232400011,12.876821519000032],[123.98518880400002,12.876845203000073],[123.98519042600003,12.876876780000032],[123.98518556800002,12.876892569000063],[123.98517747000005,12.876905201000056],[123.98516937300008,12.87690993800004],[123.98515317600004,12.876909939000029],[123.9851126850001,12.876900469000077],[123.98507867300009,12.876900470000066],[123.98506409600009,12.876898892000042],[123.98505761800004,12.876902050000069]]],[[[123.99008488400011,12.877750394000032],[123.99008488600009,12.877778872000022],[123.99007973300002,12.877795624000044],[123.99007457800008,12.877804001000072],[123.9900677060001,12.877820753000037],[123.99004880500001,12.877849234000053],[123.99003162100007,12.877862636000032],[123.99001100100008,12.877874364000036],[123.98999725500005,12.877884416000029],[123.98997491700004,12.877902845000051],[123.98995429700005,12.877922949000038],[123.98993883200001,12.877934677000042],[123.98992680400011,12.877948079000078],[123.98992164900005,12.877956456000049],[123.98990618700009,12.87800168800004],[123.98990275100005,12.878020116000073],[123.98990275500012,12.878058645000067],[123.98990103800008,12.878070371000035],[123.98989760200004,12.878085449000025],[123.98988901100006,12.878107227000044],[123.98987870300004,12.878129005000062],[123.98987011100007,12.878140733000066],[123.98986495600002,12.878152459000034],[123.98984777500004,12.87818093900006],[123.98983574600004,12.878194342000029],[123.98981340900002,12.878209420000076],[123.98976701200002,12.878224500000044],[123.98975498300001,12.878226177000045],[123.98972405200004,12.878226179000023],[123.98971030400003,12.878222829000038],[123.98969827300004,12.878217805000077],[123.98967593400005,12.878204405000076],[123.98963984400007,12.878179279000051],[123.98959860100001,12.878159179000022],[123.98957969700007,12.878154155000061],[123.98953329800008,12.878135731000043],[123.98948518000009,12.878108931000043],[123.98945252900012,12.878095532000032],[123.98944393600004,12.878090507000024],[123.98943706200009,12.87808883200006],[123.98942847000001,12.878082132000031],[123.98941472200011,12.87807710800007],[123.98939410000003,12.878065383000035],[123.98938378900004,12.878062033000049],[123.98936488600009,12.878051983000034],[123.98932192200004,12.878033559000073],[123.98929958200006,12.878021834000037],[123.9892927090001,12.878020160000062],[123.98924974600004,12.877998385000069],[123.98921365800004,12.877973260000033],[123.98919303500008,12.877954834000036],[123.98918787900004,12.877948133000075],[123.98914835400001,12.877921333000074],[123.98913976100005,12.877914633000046],[123.98913460400001,12.877907932000028],[123.98911398300004,12.877892857000063],[123.98907961300006,12.877871083000059],[123.98906414700002,12.877864383000031],[123.98904868000011,12.877854332000027],[123.98904008700003,12.877850982000041],[123.98899197000003,12.87782418300003],[123.98897650300012,12.87781078200004],[123.98895072500011,12.877794032000054],[123.98893182100005,12.877772256000071],[123.9889111980001,12.87775718100005],[123.98888885800011,12.877748806000056],[123.98887854800012,12.877747133000071],[123.98886308300007,12.877750483000057],[123.98885620800002,12.877753834000032],[123.9888424610001,12.877753835000021],[123.98882699600006,12.87774713500005],[123.98881496600006,12.877738760000057],[123.98880809200011,12.877730385000064],[123.98880637200011,12.877715308000063],[123.98881152600006,12.877701907000073],[123.98882527300009,12.877693529000055],[123.98883386500006,12.877691853000044],[123.98885620500005,12.877693528000066],[123.98886307700002,12.877688501000023],[123.98886307700002,12.877683475000026],[123.98885448400006,12.87768012500004],[123.98883042700004,12.877675102000069],[123.98882355300009,12.877670077000062],[123.98882011600006,12.877663376000044],[123.98881839600006,12.877655000000061],[123.98882355000001,12.877641598000025],[123.98883557900001,12.877633221000053],[123.98885104500005,12.877631545000042],[123.98886823000009,12.877643270000021],[123.98887682200007,12.877646620000064],[123.98888541400004,12.877644944000053],[123.98889400500002,12.877633217000039],[123.98889572300004,12.877616466000063],[123.98889228500002,12.877609764000056],[123.98886822600002,12.877586313000052],[123.98885447600003,12.877567887000055],[123.98884072800001,12.877552812000033],[123.9888252610001,12.877531035000061],[123.98879604400008,12.877485808000074],[123.98877370100001,12.877440578000062],[123.98876167100002,12.87742382700003],[123.98873933000004,12.877402051000047],[123.98871183400001,12.877380275000064],[123.9886843380001,12.877361850000057],[123.98868090000008,12.877355150000028],[123.9886826180001,12.877340072000038],[123.98872901100003,12.877289813000061],[123.9887582230001,12.877269709000075],[123.98882867500004,12.877234524000073],[123.98887335100005,12.877207718000022],[123.9888905360001,12.877201017000061],[123.9889455230001,12.877172533000021],[123.98895239600006,12.877170858000056],[123.98897989000011,12.877155779000077],[123.98899535500004,12.877142376000052],[123.98901425700001,12.877130648000048],[123.98903144000008,12.877122271000076],[123.98906408900007,12.877110542000025],[123.98908299100003,12.87710719100005],[123.98911220400009,12.87710551300006],[123.98913626300009,12.877108862000057],[123.98915344700004,12.877108861000067],[123.98918609700002,12.877112209000074],[123.9892531160001,12.877128957000025],[123.98932013600006,12.877155755000047],[123.98938887700001,12.877195954000058],[123.9893974690001,12.87720265400003],[123.98945933700008,12.877262957000028],[123.98946793000005,12.877276357000028],[123.98947824300001,12.877299809000021],[123.98947996200002,12.877306510000039],[123.98947996200002,12.877316562000033],[123.98947137200003,12.877345040000023],[123.9894593460001,12.87737519600006],[123.98945591100005,12.877396973000032],[123.98946106800008,12.877420425000025],[123.98946450500011,12.877428801000065],[123.98947997200003,12.877443878000065],[123.98949200200002,12.877450578000037],[123.98951777900004,12.877458951000051],[123.98957105000011,12.877458948000026],[123.98961229200006,12.877463969000075],[123.98962260300004,12.877463968000029],[123.98964150500001,12.877468993000036],[123.98964838000006,12.877468992000047],[123.98969306000004,12.877482390000068],[123.98973258500007,12.877499139000065],[123.98974117700004,12.877505839000037],[123.98975320800002,12.877519240000026],[123.98976008300008,12.877534316000038],[123.98976352000011,12.877546043000052],[123.9897635210001,12.877556094000056],[123.98976867800002,12.877577871000028],[123.98977898900011,12.877594622000061],[123.98981164300005,12.877628124000069],[123.98983914000007,12.87764822400004],[123.98985116900008,12.877654924000069],[123.98989413000004,12.877671673000066],[123.98991131600008,12.877675022000062],[123.98991819000003,12.877678372000048],[123.9899491220001,12.87768507100003],[123.9899972390001,12.877690093000069],[123.99003332700011,12.877698466000027],[123.99005566700009,12.87770684000003],[123.99006426000005,12.877711865000038],[123.99007629000005,12.877723591000063],[123.99008316400011,12.877736992000052],[123.99008488400011,12.877750394000032]]],[[[123.98607544600009,12.87981344700006],[123.98606573200004,12.879832389000057],[123.98604954200005,12.879856067000048],[123.98603335100006,12.879871852000065],[123.98601392100011,12.879882903000066],[123.98599287200011,12.87988763900006],[123.98597991800011,12.879884483000069],[123.98597344100006,12.879881327000021],[123.98596696300001,12.879868699000042],[123.98596048500008,12.879841866000049],[123.9859523880001,12.879821347000075],[123.98594267200008,12.879810298000052],[123.98593619500002,12.879805563000048],[123.98591838300001,12.879800829000033],[123.98590866800009,12.879800829000033],[123.98589409500005,12.879805566000073],[123.98588438100012,12.879811880000034],[123.98586819000002,12.87982766500005],[123.98584552300008,12.87986081400004],[123.98583580900004,12.879879756000037],[123.98582933200009,12.879882914000063],[123.9858082830001,12.879879758000072],[123.9857953290001,12.87987186600003],[123.98576456000001,12.879816622000021],[123.98575646400002,12.87981346600003],[123.98572569900011,12.879811889000052],[123.98570465000012,12.879816626000036],[123.98569655400001,12.879816626000036],[123.98568198100008,12.879810314000053],[123.98566740700005,12.879794530000026],[123.9856560720001,12.879777168000032],[123.98565445200006,12.879770854000071],[123.98565930900008,12.879751912000074],[123.98566740400008,12.879739284000038],[123.98568197600002,12.879731391000064],[123.98574836100011,12.879707710000048],[123.9857742690001,12.879707709000058],[123.98578722200011,12.879706129000056],[123.98579369900006,12.879702972000075],[123.98579855600008,12.879698237000071],[123.98580826900002,12.879672981000056],[123.98582122200003,12.879663509000068],[123.98584712900004,12.879661929000065],[123.98586332100001,12.879658771000038],[123.98586817900002,12.879655614000058],[123.98589408500004,12.87964614200007],[123.98591027600003,12.879631935000077],[123.98591837100003,12.879620885000065],[123.9859297050001,12.879611414000067],[123.98594913500006,12.879606677000027],[123.98598151900001,12.879605097000024],[123.98600580600009,12.879592468000055],[123.98601552100001,12.879581418000043],[123.98602037800003,12.879568790000064],[123.98601713800008,12.879549849000057],[123.98601228000007,12.879543535000039],[123.98600580300001,12.879538800000034],[123.98596694200012,12.879540381000027],[123.98594751200005,12.879545118000067],[123.9859280820001,12.879554589000065],[123.98590865200003,12.879559326000049],[123.98583417000009,12.879570380000075],[123.9858131200001,12.879570381000065],[123.98578073700003,12.879575118000048],[123.98574673400003,12.879575120000027],[123.98572568500003,12.879578279000043],[123.98571920800009,12.879576701000076],[123.98569653900006,12.879576702000065],[123.98567548900007,12.879573546000074],[123.98563663000004,12.879590912000026],[123.98561396200012,12.879609854000023],[123.98560100900011,12.87961616900003],[123.98554271900002,12.879628800000035],[123.98550871700002,12.879638273000069],[123.98542324800007,12.879680896000025],[123.98541677100002,12.879685632000076],[123.98540057900004,12.879685633000065],[123.98537467200003,12.87968089900005],[123.9853600990001,12.879682478000063],[123.98534228800008,12.879693528000075],[123.98533419300009,12.879707735000068],[123.98532771700002,12.879726677000065],[123.98532771800001,12.879740883000068],[123.98533743500002,12.87976771600006],[123.98535039000001,12.879781922000063],[123.9853665820001,12.879781921000074],[123.9853795360001,12.87978981200007],[123.98538601300004,12.879796126000031],[123.98539249100008,12.879807175000053],[123.98539411000002,12.879811910000058],[123.98539411100012,12.879819802000043],[123.98539087300003,12.879832430000022],[123.98538763500005,12.87983874400004],[123.98537954000005,12.879848215000038],[123.98537306300011,12.879852951000032],[123.98535687100002,12.879859266000039],[123.98533582200002,12.879864002000033],[123.98530343800007,12.879862426000045],[123.9852953410001,12.879860848000021],[123.98527429100011,12.879852957000026],[123.98522895300005,12.879846645000043],[123.98519980700007,12.879845068000066],[123.98518199600005,12.879841913000064],[123.98516580300009,12.879835600000035],[123.9851447530001,12.879821395000022],[123.98513665600001,12.879808768000032],[123.98513179700001,12.879792983000073],[123.98513179700001,12.879785091000031],[123.98512855800004,12.879772464000041],[123.98511236500008,12.879764572000056],[123.98510264900005,12.879756680000071],[123.98510264900005,12.879748788000029],[123.98510912500001,12.87973616000005],[123.98512369700006,12.879720375000034],[123.98515770000006,12.87971248100007],[123.98519494100003,12.879709322000053],[123.98520789400004,12.879703007000046],[123.98521275200005,12.879698271000052],[123.98521437000011,12.879691957000034],[123.98521275100006,12.879685644000062],[123.98520789300005,12.879679330000045],[123.9851965580001,12.879669860000035],[123.9851836040001,12.87966196900004],[123.9851576960001,12.879652499000031],[123.98514960000011,12.879650921000064],[123.98513340800002,12.879650922000053],[123.98512855000001,12.879652501000066],[123.98507835500004,12.879657239000039],[123.9850536240001,12.87966358500006],[123.9850539790001,12.87956308300005],[123.9848414170001,12.879560896000044],[123.98488271100007,12.877251528000045],[123.98492319600007,12.877289472000029],[123.98494748400003,12.877305255000067],[123.98496043800003,12.877311568000039],[123.98497501100007,12.877316303000043],[123.98498634500004,12.877319459000034],[123.98499282200009,12.877319459000034],[123.98499929900004,12.877317880000021],[123.98501549000002,12.877305251000053],[123.98503653900002,12.877305250000063],[123.98504949300002,12.877311563000035],[123.9850608270001,12.877321033000044],[123.9850737810001,12.877327346000072],[123.98510616500005,12.87732576600007],[123.98513692900008,12.877332078000052],[123.98514340600002,12.877335235000032],[123.98514988300008,12.877335234000043],[123.98518388600007,12.877344703000063],[123.98523408100004,12.877354171000036],[123.98528589400007,12.87735101100003],[123.98530694300007,12.877344696000023],[123.98532151600011,12.877343117000066],[123.98535228000003,12.877349429000049],[123.98537171100008,12.877357320000044],[123.98538466500008,12.877360476000035],[123.98541219100002,12.87736205300007],[123.98546076700006,12.877373099000067],[123.98547372100006,12.877377834000072],[123.98547857800008,12.877377833000025],[123.98550934400009,12.877395195000076],[123.98553039300009,12.877403086000072],[123.98554496600002,12.877399928000045],[123.98555144200009,12.877395192000051],[123.98556115600002,12.877380986000048],[123.98556925200012,12.877380985000059],[123.98557734800011,12.877384142000039],[123.98559030200011,12.877393612000049],[123.98559516000012,12.877398347000053],[123.98559839900008,12.877404660000025],[123.98559914100008,12.877433847000077],[123.98561209500008,12.877454366000052],[123.98563638500002,12.877481198000055],[123.98565095800006,12.877492246000031],[123.98568334300012,12.877522235000072],[123.98571249000008,12.87754433200007],[123.98573192200001,12.877568008000026],[123.98575621100008,12.877590104000035],[123.98576592600011,12.877601153000057],[123.98581288500009,12.877640611000061],[123.98582260100011,12.87765323800005],[123.98584689100005,12.877700591000064],[123.98585174900006,12.877705326000068],[123.98585822600012,12.877706904000036],[123.98587603600004,12.877694275000067],[123.98588251300009,12.877692696000054],[123.98590680100006,12.877705322000054],[123.98591975600004,12.877732155000047],[123.98592461500004,12.877751096000054],[123.98592785400001,12.877757410000072],[123.98595214300008,12.877787399000056],[123.98597319400005,12.877803182000036],[123.98599424400004,12.877823701000068],[123.98600881800007,12.877834749000044],[123.98602015300003,12.877845797000077],[123.98603958400008,12.877858424000067],[123.98605415700001,12.877874208000037],[123.9861011160001,12.877918401000045],[123.98612702500009,12.877951547000066],[123.98613997900009,12.877965752000023],[123.98617074600008,12.877992584000026],[123.9861756040001,12.878000476000068],[123.98619179700006,12.878017838000062],[123.98620798900004,12.878032043000076],[123.98623389700003,12.878044669000076],[123.98624037400009,12.878049404000024],[123.98624361300006,12.878054139000028],[123.9862452320001,12.878060453000046],[123.98624523500007,12.878096757000037],[123.98624847400004,12.878109385000073],[123.98626466700011,12.878133060000039],[123.98628086000008,12.878147265000052],[123.98629867300008,12.878172520000021],[123.98630353300007,12.878208824000069],[123.98630353400006,12.878230922000057],[123.98630515400009,12.878238814000042],[123.98631163100004,12.878251441000032],[123.98631487000011,12.878256176000036],[123.98632782400011,12.878265646000045],[123.98634725500006,12.878273537000041],[123.98636992400009,12.878289321000068],[123.98637640200002,12.878301948000058],[123.98637640300001,12.878319311000041],[123.9863602150001,12.878369822000025],[123.98636021600009,12.878387185000065],[123.98636345500006,12.878401391000068],[123.98638612600007,12.878432959000065],[123.98643308600003,12.878488202000028],[123.98643956300009,12.878492937000033],[123.98648166300006,12.878510297000048],[123.98648976100003,12.878529238000056],[123.98649300000011,12.878549758000077],[123.98649300200009,12.878579749000039],[123.98649138400003,12.878584484000044],[123.98649300400007,12.878597112000023],[123.98648903500009,12.878625725000063],[123.98650523000003,12.878666764000059],[123.98651980400007,12.878690440000071],[123.98653599700003,12.878706223000052],[123.98655218900001,12.878715693000061],[123.98655866600006,12.878717271000028],[123.98656676200005,12.878722006000032],[123.98657971600005,12.878725162000023],[123.9865942890001,12.878733053000076],[123.98661372000004,12.87875041500007],[123.98662181700001,12.878755150000075],[123.98663153200005,12.878766198000051],[123.98663639100005,12.878774090000036],[123.98664124900006,12.878791453000076],[123.98664448900001,12.878813551000064],[123.98664772800009,12.87882460000003],[123.98664934900012,12.878845120000051],[123.98665420800012,12.878864061000058],[123.98665420800012,12.878871953000044],[123.98665259000006,12.878884581000023],[123.98663964000002,12.878941406000024],[123.98662021300004,12.878995075000034],[123.98661535800011,12.87902033000006],[123.98661535800011,12.879028223000034],[123.98661859700007,12.879034536000063],[123.9866283130001,12.879042428000048],[123.98664612400012,12.879051897000068],[123.98665098200001,12.879056632000072],[123.98664936300008,12.879062946000033],[123.98662993500011,12.879097673000047],[123.98662831700005,12.879103987000065],[123.98663641400003,12.879130820000057],[123.98663479600009,12.87914502700005],[123.98663155800011,12.879151341000068],[123.9866186050001,12.879156077000061],[123.98661050900012,12.879156077000061],[123.98658784000008,12.879151343000046],[123.98657650600001,12.879151344000036],[123.98657002900006,12.879154501000073],[123.98656355300011,12.879167129000052],[123.98656031600001,12.879179757000031],[123.98656031600001,12.879186071000049],[123.98656517500001,12.879208169000037],[123.98657165300006,12.87921921800006],[123.98657489200002,12.879231845000049],[123.98657651300005,12.879253943000037],[123.98657165700001,12.879274463000058],[123.98656032400004,12.87930129800003],[123.98654899300004,12.879343917000028],[123.98654413600002,12.879356545000064],[123.98654089900003,12.879383378000057],[123.98654575800003,12.879396006000036],[123.98656033200007,12.879422838000039],[123.98656357100003,12.879435466000075],[123.98655709500008,12.879448094000054],[123.98655061900001,12.879454408000072],[123.98653766600012,12.879460723000022],[123.98652957000002,12.879460723000022],[123.98651661600002,12.879457567000031],[123.98650366200002,12.879448097000022],[123.98649070800002,12.879443363000064],[123.98647451700003,12.879446521000034],[123.98643727500007,12.879437052000071],[123.98643079800001,12.879433896000023],[123.98641622500008,12.87943705400005],[123.98640974900002,12.879440211000031],[123.98640165400002,12.879452839000066],[123.98640165500001,12.879467045000069],[123.98640489400009,12.879473359000031],[123.98641460900001,12.87948282900004],[123.98643242100002,12.879493877000073],[123.98643727900003,12.879498612000077],[123.98644375600009,12.879506504000062],[123.98644861500009,12.879517553000028],[123.98644699700003,12.879547543000058],[123.98643404600011,12.879580691000058],[123.98642433200007,12.879599633000055],[123.98641623700007,12.879610683000067],[123.98640490300011,12.879618576000041],[123.98639033100005,12.879623312000035],[123.98638061600002,12.879623313000025],[123.98635956600003,12.879617001000042],[123.98635308900009,12.879617001000042],[123.98634013600008,12.879624894000074],[123.9863368980001,12.879632786000059],[123.98634013800006,12.879654885000036],[123.98634985500007,12.879686453000033],[123.98634985600006,12.879694345000075],[123.98634499900004,12.879708552000068],[123.98633289500003,12.879726616000028],[123.98631670400005,12.879740823000077],[123.98630375000005,12.879748716000051],[123.98629079700004,12.879751874000021],[123.98628270100005,12.879751875000068],[123.98627784300004,12.879750296000054],[123.98624545700011,12.879725043000064],[123.98623088400007,12.879720309000049],[123.98621631100002,12.879721888000063],[123.9862114550001,12.879734516000042],[123.9862114550001,12.879742408000027],[123.98621469400007,12.879750300000069],[123.98623736500008,12.879788182000027],[123.98624060500003,12.87979923100005],[123.9862389860001,12.879815016000066],[123.98622927200006,12.879826065000032],[123.9862179380001,12.879832380000039],[123.98620012700007,12.879833959000052],[123.98618555400003,12.879830803000061],[123.9861661220001,12.879816598000048],[123.98614992800003,12.879789766000044],[123.98614345100009,12.879781874000059],[123.98613373500007,12.879775561000031],[123.98611268500008,12.879773983000064],[123.98610620900001,12.879775562000077],[123.98609487500005,12.879783455000052],[123.98607544600009,12.87981344700006]]]]},"properties":{"objectid":15429,"gthcode":"8010562100130000","globalid":"{5C3B68EC-E33D-4EA1-940C-0F7C453A54C7}","st_area(shape)":0.00013253974514005864,"reg_name":"Region V (Bicol Region)","prov_name":"Sorsogon","city_name":"Juban","brgy_name":"Embarcadero","reg_code":"050000000","prov_code":"056200000","city_code":"056210000","brgy_code":"056210013","psgc_10d":"0506210013","geographic_level":"Bgy","old_names":"","class":"Municipality","income_class":"","urban_rural2015":"R","bgypop2015":1155,"bgypop2020":1341,"bgyarea_sqkm":1.59155088,"gida":"No","gida_yr":null,"st_perimeter(shape)":0.090068654337148224,"created_user":null,"created_date":null,"last_edited_user":"ADMIN2","last_edited_date":1748789492000}},{"type":"Feature","id":16725,"geometry":{"type":"Polygon","coordinates":[[[123.98172159000001,12.75345410400007],[123.98173043500003,12.754154519000053],[123.98165014200003,12.754692009000053],[123.98147288000007,12.755219444000033],[123.9812856420001,12.755663283000047],[123.98104741100008,12.756437668000046],[123.98069353900007,12.758452947000023],[123.98065814400002,12.758997620000059],[123.9804367370001,12.759438444000068],[123.98015131400007,12.759724928000026],[123.98001650100002,12.760029069000041],[123.97997016700003,12.760680402000048],[123.97988861900001,12.761193984000045],[123.9800138490001,12.761554020000062],[123.98029561700002,12.761726212000042],[123.98053042300012,12.762054941000031],[123.98060869200003,12.762446284000077],[123.98059303800005,12.762931551000065],[123.9806556530001,12.763354202000073],[123.98094398000001,12.763840640000069],[123.9813775240001,12.764281611000058],[123.98219251300009,12.764759040000058],[123.98290773500003,12.765396914000064],[123.98341180200009,12.765991478000046],[123.98380168200003,12.766688698000053],[123.98399548300006,12.767428583000026],[123.98399646100006,12.767972120000024],[123.98396083700004,12.768600308000032],[123.98381819800011,12.769323169000074],[123.9839498450001,12.770021100000065],[123.98405036500003,12.770760925000047],[123.98416854600009,12.77130902600004],[123.9843383760001,12.77168094700005],[123.98460328500005,12.771887978000052],[123.98495420800009,12.772067222000032],[123.98559504200011,12.772399147000044],[123.98618536900005,12.772751458000073],[123.98700476800002,12.773516095000048],[123.98819303300002,12.774645117000034],[123.98956309200003,12.775920291000034],[123.99029618900011,12.776600916000064],[123.99044660700008,12.776876288000039],[123.99049096600004,12.777212562000045],[123.99041138400003,12.777592368000057],[123.99032967100004,12.777974805000042],[123.97997506200011,12.777671483000063],[123.9764660620001,12.776556577000065],[123.97022506500002,12.775305695000043],[123.96441906500002,12.773547844000063],[123.95445907100009,12.771617027000048],[123.95432605800011,12.769132195000054],[123.95401804100004,12.765945411000075],[123.95411603000002,12.76416153100007],[123.95383400700007,12.759863821000067],[123.95411798600003,12.756196067000076],[123.9535779680001,12.752782300000035],[123.95321795200005,12.749708508000026],[123.95316547900006,12.749335925000025],[123.95271393300004,12.746143751000034],[123.95218417600006,12.743044521000058],[123.95192189700003,12.739446206000025],[123.95181288100002,12.736545402000047],[123.95085886100003,12.732540677000031],[123.95148784600008,12.73013383600005],[123.95499684200001,12.730429797000056],[123.9587978400001,12.731132729000024],[123.96502379900005,12.733337817000063],[123.9675818180001,12.734142314000053],[123.96913085900007,12.734474251000051],[123.97090119100005,12.735027480000042],[123.97187953000002,12.735374238000077],[123.97471960700011,12.736565238000026],[123.97700999200003,12.737298161000069],[123.98327156800008,12.73918307200006],[123.98320895300003,12.739350045000037],[123.98302110800012,12.739454403000025],[123.98277760600001,12.739530933000026],[123.98222102800003,12.739899666000042],[123.98161575000006,12.740463201000068],[123.98125397400008,12.740644088000067],[123.98107308600004,12.740887591000046],[123.98091307000004,12.741242409000051],[123.9807739260001,12.741492869000069],[123.98034257800009,12.742244249000066],[123.98005037400003,12.742786913000032],[123.9799042730001,12.743016501000056],[123.9799042730001,12.743371320000051],[123.97984861500004,12.743719181000074],[123.97979295700009,12.744442732000039],[123.9797860000001,12.744818422000037],[123.97973034200004,12.745152368000049],[123.97968859900004,12.745340213000077],[123.97952858300005,12.745507187000044],[123.97940335300007,12.745743732000051],[123.97934769500011,12.746022021000044],[123.97937552400003,12.746321182000031],[123.97938943800011,12.746536856000034],[123.97934073800002,12.746822102000067],[123.97925029400005,12.746996032000027],[123.97912506400007,12.747246492000045],[123.9791528930001,12.747455209000066],[123.9791528930001,12.747601311000039],[123.97931986600008,12.747789156000067],[123.97933401800003,12.748071741000047],[123.97936160900008,12.748150931000055],[123.97936856700005,12.748297033000028],[123.97929899400003,12.748624023000048],[123.97929203700005,12.748832739000022],[123.97937552400003,12.748916226000063],[123.97952162600006,12.749090156000022],[123.97963989800007,12.749403231000031],[123.97973729900002,12.749688478000053],[123.97971642800007,12.749994595000032],[123.97966077000001,12.750224184000047],[123.97954249700001,12.750425943000039],[123.97950771100011,12.750599874000045],[123.97951466800009,12.750739018000047],[123.97955989000002,12.750862509000058],[123.97960391400011,12.750897394000049],[123.97982600400007,12.751019046000067],[123.98010777200011,12.751128623000056],[123.98013907900008,12.751269506000028],[123.98013907900008,12.751504313000055],[123.98023300200009,12.751739119000035],[123.98032692400011,12.751848695000035],[123.98074957500012,12.751880003000053],[123.98114091900004,12.752083501000072],[123.98145399400005,12.75261572900007],[123.98164183900008,12.75308534100003],[123.98172159000001,12.75345410400007]]]},"properties":{"objectid":16725,"gthcode":"8010562100140000","globalid":"{8BB9EA2E-6EE2-4B64-8C08-E3A8F9719D2C}","st_area(shape)":0.001181722582425216,"reg_name":"Region V (Bicol Region)","prov_name":"Sorsogon","city_name":"Juban","brgy_name":"Guruyan","reg_code":"050000000","prov_code":"056200000","city_code":"056210000","brgy_code":"056210014","psgc_10d":"0506210014","geographic_level":"Bgy","old_names":"","class":"Municipality","income_class":"","urban_rural2015":"R","bgypop2015":2850,"bgypop2020":3107,"bgyarea_sqkm":14.19623537,"gida":"Yes","gida_yr":"2023","st_perimeter(shape)":0.15845853027631507,"created_user":null,"created_date":null,"last_edited_user":"ADMIN2","last_edited_date":1748789466000}},{"type":"Feature","id":19426,"geometry":{"type":"Polygon","coordinates":[[[123.96121441300011,12.83511272100003],[123.95910141800005,12.835342716000071],[123.9515944210001,12.833641871000054],[123.94557442700011,12.832815959000072],[123.94359842900008,12.832657980000022],[123.94212943100001,12.832601992000036],[123.94037943300009,12.832348018000062],[123.93290943700003,12.830834160000052],[123.92710902900001,12.830389202000049],[123.92864247400007,12.828491249000024],[123.92922242100008,12.824673321000034],[123.92759738200004,12.819482952000044],[123.92978536200008,12.816481142000043],[123.93286433500009,12.812567388000048],[123.93435931400006,12.809184608000066],[123.94201130200008,12.809350556000027],[123.96397188900005,12.814361361000067],[123.97157528800005,12.815752966000048],[123.97081369900002,12.817167657000027],[123.96121441300011,12.83511272100003]]]},"properties":{"objectid":19426,"gthcode":"8010562100160000","globalid":"{B00FE619-1099-4C23-A725-843698B01495}","st_area(shape)":0.00080909698633025991,"reg_name":"Region V (Bicol Region)","prov_name":"Sorsogon","city_name":"Juban","brgy_name":"Lajong","reg_code":"050000000","prov_code":"056200000","city_code":"056210000","brgy_code":"056210016","psgc_10d":"0506210016","geographic_level":"Bgy","old_names":"","class":"Municipality","income_class":"","urban_rural2015":"R","bgypop2015":1837,"bgypop2020":2108,"bgyarea_sqkm":9.71729719,"gida":"Yes","gida_yr":"2023","st_perimeter(shape)":0.11855872707620965,"created_user":null,"created_date":null,"last_edited_user":"ADMIN2","last_edited_date":1748789466000}},{"type":"Feature","id":21695,"geometry":{"type":"Polygon","coordinates":[[[123.98567025500006,12.792230268000026],[123.98545809300003,12.79268625800006],[123.97592188300007,12.800516619000064],[123.97525293100011,12.801460219000035],[123.97871428100007,12.806004900000062],[123.97760271900006,12.808943355000054],[123.97301690300003,12.81584553600004],[123.97157528800005,12.815752966000048],[123.96397188900005,12.814361361000067],[123.94201130200008,12.809350556000027],[123.93435931400006,12.809184608000066],[123.9367002680001,12.801658101000044],[123.9383142370001,12.796649430000059],[123.93921621700008,12.793246654000029],[123.93953219000002,12.788554967000039],[123.93973687200003,12.785900465000054],[123.96004078900012,12.789323154000044],[123.98179114700008,12.792422349000049],[123.98205505600004,12.792547359000025],[123.98299957200004,12.792484854000065],[123.98416632800001,12.792547359000025],[123.98513862400011,12.792575139000064],[123.98567025500006,12.792230268000026]]]},"properties":{"objectid":21695,"gthcode":"8010562100170000","globalid":"{52EF148A-ED66-4FD2-B074-A1338A07373F}","st_area(shape)":0.00096524590438644301,"reg_name":"Region V (Bicol Region)","prov_name":"Sorsogon","city_name":"Juban","brgy_name":"Maalo","reg_code":"050000000","prov_code":"056200000","city_code":"056210000","brgy_code":"056210017","psgc_10d":"0506210017","geographic_level":"Bgy","old_names":"","class":"Municipality","income_class":"","urban_rural2015":"R","bgypop2015":348,"bgypop2020":383,"bgyarea_sqkm":11.59360845,"gida":"Yes","gida_yr":"2023","st_perimeter(shape)":0.14109617144140893,"created_user":null,"created_date":null,"last_edited_user":"ADMIN2","last_edited_date":1748789466000}},{"type":"Feature","id":26628,"geometry":{"type":"Polygon","coordinates":[[[123.99038066300011,12.847643919000063],[123.99008084200011,12.848403086000076],[123.99007306200008,12.848422678000077],[123.99084315100004,12.848764488000029],[123.99038287600001,12.85051031200004],[123.98934353800007,12.850285652000025],[123.98906305800006,12.850226946000078],[123.98808752500008,12.85007454600003],[123.98769327000002,12.849992126000075],[123.98583256800009,12.849697811000055],[123.98631132700007,12.846571614000027],[123.98886085100003,12.847004685000059],[123.98918901500008,12.847138947000076],[123.98997487300005,12.847498844000029],[123.99038066300011,12.847643919000063]]]},"properties":{"objectid":26628,"gthcode":"8010562100190000","globalid":"{86030806-40F2-4A4D-8345-F5C5FB1481B0}","st_area(shape)":1.3803599238518916e-05,"reg_name":"Region V (Bicol Region)","prov_name":"Sorsogon","city_name":"Juban","brgy_name":"North Poblacion","reg_code":"050000000","prov_code":"056200000","city_code":"056210000","brgy_code":"056210019","psgc_10d":"0506210019","geographic_level":"Bgy","old_names":"","class":"Municipality","income_class":"","urban_rural2015":"R","bgypop2015":886,"bgypop2020":850,"bgyarea_sqkm":0.16576489000000003,"gida":"No","gida_yr":null,"st_perimeter(shape)":0.015507750162145074,"created_user":null,"created_date":null,"last_edited_user":"ADMIN2","last_edited_date":1748789493000}},{"type":"Feature","id":31252,"geometry":{"type":"Polygon","coordinates":[[[124.02482894700006,12.770668715000056],[124.02466098100001,12.776756306000038],[124.02288300600003,12.780651053000042],[124.02082302600002,12.783660862000033],[124.01842704900002,12.787062645000049],[124.01393406600005,12.788672561000055],[124.01036307700008,12.789649514000075],[124.00844008500007,12.790496468000072],[124.00754808500005,12.790258489000053],[124.00532808300011,12.789232570000024],[124.0030850820001,12.788334642000052],[124.00070408300007,12.787678699000026],[123.99780987400004,12.787661710000066],[123.99760056100001,12.787035932000038],[123.99415394400012,12.760680551000064],[123.99794194500009,12.762047439000071],[124.00244594600008,12.763683305000029],[124.00808594700004,12.765558148000025],[124.01743494900006,12.768674888000021],[124.02482894700006,12.770668715000056]]]},"properties":{"objectid":31252,"gthcode":"8010562100210000","globalid":"{8D5A9478-7FC4-498E-B8BE-E9E109766F2F}","st_area(shape)":0.00060490769916144533,"reg_name":"Region V (Bicol Region)","prov_name":"Sorsogon","city_name":"Juban","brgy_name":"Puting Sapa","reg_code":"050000000","prov_code":"056200000","city_code":"056210000","brgy_code":"056210021","psgc_10d":"0506210021","geographic_level":"Bgy","old_names":"","class":"Municipality","income_class":"","urban_rural2015":"R","bgypop2015":791,"bgypop2020":927,"bgyarea_sqkm":7.2662531299999999,"gida":"Yes","gida_yr":"2023","st_perimeter(shape)":0.099419387508295987,"created_user":null,"created_date":null,"last_edited_user":"ADMIN2","last_edited_date":1748789466000}},{"type":"Feature","id":31540,"geometry":{"type":"Polygon","coordinates":[[[124.01477620100002,12.813306899000054],[124.00514585300004,12.815172625000059],[124.00150263900002,12.814016340000023],[123.99937360700005,12.814163170000029],[123.9980154320001,12.813429021000047],[123.99699305700005,12.814026683000066],[123.99694283100007,12.814072724000027],[123.99671262800007,12.81429455500006],[123.99780589200009,12.807996108000054],[123.99863627800005,12.801891022000063],[123.99907541200002,12.800856439000029],[124.00835715800008,12.803518592000046],[124.01073425900006,12.808323844000029],[124.01278596600002,12.806802013000038],[124.01478504600004,12.807403781000062],[124.01678123900001,12.808203691000074],[124.01542507800002,12.809640457000057],[124.01523330300006,12.810727672000041],[124.01477620100002,12.813306899000054]]]},"properties":{"objectid":31540,"gthcode":"8010562100220000","globalid":"{F882D547-5DD9-4C00-9C23-CF2798846ED0}","st_area(shape)":0.00018002512924163437,"reg_name":"Region V (Bicol Region)","prov_name":"Sorsogon","city_name":"Juban","brgy_name":"Rangas","reg_code":"050000000","prov_code":"056200000","city_code":"056210000","brgy_code":"056210022","psgc_10d":"0506210022","geographic_level":"Bgy","old_names":"","class":"Municipality","income_class":"","urban_rural2015":"R","bgypop2015":1793,"bgypop2020":2001,"bgyarea_sqkm":2.16222081,"gida":"Yes","gida_yr":"2023","st_perimeter(shape)":0.060068493138199175,"created_user":null,"created_date":null,"last_edited_user":"ADMIN2","last_edited_date":1748789466000}},{"type":"Feature","id":32099,"geometry":{"type":"MultiPolygon","coordinates":[[[[123.88664127200002,12.888577431000044],[123.88659241900007,12.888592736000021],[123.88654182000005,12.888618245000032],[123.88648947600007,12.888648857000021],[123.88648249800008,12.888650558000052],[123.88647377400002,12.88865566000004],[123.88646505000008,12.888657361000071],[123.88645807100011,12.88866076100004],[123.8864301540001,12.888665862000039],[123.88639875000001,12.888664160000076],[123.88637606700001,12.888655655000036],[123.88635513200006,12.88864545000007],[123.88633245100004,12.888631842000052],[123.88627487700012,12.888591021000025],[123.88622602500004,12.888546799000039],[123.8861981120001,12.888516184000025],[123.88615275000006,12.88847196100005],[123.88613007000004,12.888446449000071],[123.88608819900003,12.888409030000048],[123.88599922100002,12.888337593000074],[123.88596956100002,12.888318884000057],[123.8859538590001,12.88830527600004],[123.88590675300009,12.888276361000067],[123.88588058300002,12.88825765100006],[123.88582824200012,12.88822873600003],[123.88580032700008,12.88821512800007],[123.88574624100011,12.888194716000044],[123.88570262300004,12.888176007000027],[123.88564155900008,12.888153893000037],[123.88557351500003,12.888135181000052],[123.88555432300006,12.888131779000048],[123.88554559900001,12.888131778000059],[123.88547406600003,12.888121571000056],[123.88541300000009,12.888118167000073],[123.88540602100011,12.888116464000063],[123.8853658920001,12.888116462000028],[123.88533972000005,12.888119864000032],[123.88527528500003,12.888119860000074],[123.88526307200004,12.888123261000032],[123.88522817700004,12.888126662000047],[123.88514268400002,12.888140263000025],[123.88500833800003,12.888158965000059],[123.88499438000008,12.88815896400007],[123.88495599600003,12.888164065000069],[123.88494203800008,12.888164064000023],[123.88493680400006,12.888165765000053],[123.88491586700002,12.888165764000064],[123.88490365400003,12.888167464000048],[123.88484433300005,12.888167461000023],[123.8848181620001,12.888164058000029],[123.88480420300004,12.88816405700004],[123.88471696700003,12.888152148000074],[123.88464543400005,12.888136837000047],[123.88460530700002,12.88812322900003],[123.88456517900011,12.888104519000024],[123.88449190300003,12.888061995000044],[123.88448666900001,12.888056893000055],[123.88443956300011,12.888026277000051],[123.88441513700002,12.888009267000029],[123.8843924570001,12.887990557000023],[123.88437849900004,12.88798205300003],[123.88429650000012,12.887920821000023],[123.88428079900007,12.887907214000052],[123.8842563720001,12.88789020400003],[123.88416216200005,12.887817066000025],[123.88410458800001,12.887766039000041],[123.88409586500006,12.887755834000075],[123.88399467600004,12.887662286000023],[123.88394059100006,12.887609559000055],[123.88389523100011,12.887558532000071],[123.88387243300008,12.887520927000025],[123.88379217800002,12.887440986000058],[123.8837817110001,12.887432482000065],[123.88375205200009,12.88741377100007],[123.88371715900007,12.88738655700007],[123.88371018000009,12.887383155000066],[123.88363515900005,12.887332129000072],[123.88357933000009,12.887296408000054],[123.88355141500006,12.887281100000052],[123.8834240540001,12.887216464000062],[123.88341707600011,12.887214763000031],[123.88337171400008,12.887192650000031],[123.8832460970001,12.887143320000064],[123.88316235200011,12.887107599000046],[123.88305941600004,12.887071877000039],[123.88291983900001,12.887042956000073],[123.88289366800007,12.887034451000034],[123.88287447800008,12.887025946000051],[123.88284656300004,12.887008937000076],[123.88278081700003,12.886953179000045],[123.88275115700003,12.886931067000035],[123.88274417900004,12.88692766500003],[123.88273894500003,12.886922563000041],[123.88268835000008,12.886888544000044],[123.88265869100007,12.88686473100006],[123.88264124500006,12.886852825000062],[123.88257145900002,12.886791593000055],[123.88254703500002,12.886772883000049],[123.88250865200007,12.88673886600003],[123.88249469600009,12.886723557000039],[123.88247899400005,12.886711651000041],[123.88241793200007,12.886652121000054],[123.88241269800005,12.886645317000045],[123.88239874200008,12.886633411000048],[123.88236908400006,12.886601094000071],[123.88234291500009,12.886568779000072],[123.88233593600012,12.886563675000048],[123.88230976700004,12.886533060000033],[123.88230627900009,12.886526256000025],[123.88228708700001,12.886502445000076],[123.88224870800002,12.886448017000077],[123.88219811600004,12.886357873000065],[123.88219637200007,12.886351070000046],[123.88218241600009,12.886323856000047],[123.88217543700011,12.886313651000023],[123.88215799200009,12.886279635000051],[123.88213008000002,12.886235413000065],[123.88209693400006,12.886175883000021],[123.88205855300009,12.886121456000069],[123.88205331900008,12.886109551000061],[123.88204808500006,12.886104447000037],[123.88203761900002,12.88608743900005],[123.88202889600007,12.886077234000027],[123.88195956200002,12.885967346000029],[123.88188280000008,12.885887405000062],[123.88185139600012,12.885860190000074],[123.88184441800001,12.885856788000069],[123.88182871600009,12.885843181000041],[123.88179731300011,12.885821069000031],[123.88177114400003,12.885805761000029],[123.88175195300005,12.885792153000068],[123.88169437800002,12.885763236000059],[123.88164727300011,12.885742824000033],[123.88156527300009,12.885713906000035],[123.88155655000003,12.885712204000072],[123.8815408480001,12.885705400000063],[123.88146408200009,12.885681585000043],[123.88144838000005,12.885674781000034],[123.88140127400004,12.885661171000038],[123.88139429400007,12.885657769000034],[123.88131927300003,12.885640757000033],[123.88127216600003,12.885633951000045],[123.88120063400004,12.885628844000053],[123.8811448030001,12.885620337000034],[123.88109944100006,12.885616933000051],[123.88100173800001,12.885601619000056],[123.88098080100008,12.885599917000036],[123.88095462900003,12.885590716000024],[123.8809145030001,12.885568602000035],[123.88090054600002,12.885558397000068],[123.8808900790001,12.885548191000055],[123.88088135400005,12.885543088000077],[123.88087786600011,12.885537986000031],[123.88086914300004,12.885532883000053],[123.8808534420001,12.885517575000051],[123.88083599600009,12.885492063000072],[123.8808290180001,12.885464849000073],[123.88082902000008,12.885456345000023],[123.88083425500008,12.885441038000067],[123.88084472500009,12.885425732000044],[123.88086391700006,12.885410426000021],[123.88088485500009,12.885396821000029],[123.88090055900011,12.885383216000037],[123.88090579300001,12.885376413000074],[123.88098256500007,12.885313490000044],[123.88100175800002,12.885289679000039],[123.88101222700004,12.885279475000061],[123.88105061500005,12.885223352000025],[123.88106282900003,12.885209747000033],[123.88113087900001,12.885104302000059],[123.88115705400003,12.885053282000058],[123.88116403400011,12.885037974000056],[123.88116752400003,12.885024368000074],[123.88117275900004,12.88501416400004],[123.88117624800009,12.885000558000058],[123.88117973900012,12.884993755000039],[123.88118672000007,12.884963142000061],[123.88119020900001,12.884954639000057],[123.88119021000011,12.884947835000048],[123.88119544500012,12.884934229000066],[123.88119719100007,12.884918922000054],[123.88119719400004,12.884884906000025],[123.88123035600006,12.884684217000029],[123.88125655800002,12.884212649000062],[123.8812583030001,12.884205846000043],[123.88125830700005,12.884153121000054],[123.88125656200009,12.884144617000061],[123.88125656500006,12.884110602000021],[123.88125482000009,12.884096996000039],[123.88124435600002,12.884056176000058],[123.8812408660001,12.884047672000065],[123.8812408660001,12.884040869000046],[123.88120946800007,12.883957530000032],[123.88120074800008,12.883913308000047],[123.88119551600005,12.883863985000062],[123.88119377400005,12.88382316600007],[123.88119552100011,12.883806159000073],[123.88120250100008,12.883777246000022],[123.88121995000006,12.883751735000033],[123.88123565300009,12.883741532000045],[123.88126705700006,12.883734730000072],[123.88129671800004,12.883731331000035],[123.88131940000005,12.883721128000047],[123.88134731700006,12.883699019000062],[123.88136127500002,12.883683713000039],[123.88138919200003,12.883658203000039],[123.88140489500006,12.883646299000077],[123.88142583300009,12.883624190000035],[123.88144677100001,12.883607183000038],[123.88145375000011,12.88359697900006],[123.88147992200004,12.883566366000025],[123.88148690200001,12.883561264000036],[123.8815121990001,12.883555423000075],[123.88151568900003,12.883548620000056],[123.88152266800012,12.883545219000041],[123.88157501100011,12.883506104000048],[123.88159420500006,12.883490799000072],[123.88159943900007,12.883483996000052],[123.88161165200006,12.883473792000075],[123.88161688700006,12.883465288000025],[123.88164480500006,12.883432975000062],[123.88165701900004,12.883415968000065],[123.88168493600006,12.883387056000061],[123.88169715000004,12.883370049000064],[123.88172681200001,12.883320730000037],[123.88174077200006,12.883300320000046],[123.88177567000002,12.883235693000074],[123.88179137400004,12.883213584000032],[123.88182103700001,12.883165964000057],[123.88185244400006,12.883125147000044],[123.88186989300004,12.883099637000043],[123.8818838520001,12.883072425000023],[123.88190479100001,12.883024804000058],[123.88194143400005,12.882958476000056],[123.88194317900002,12.882951673000036],[123.88196062800012,12.882919360000074],[123.88198505500009,12.882881944000076],[123.88200250500006,12.882846229000052],[123.88200948500003,12.882827520000035],[123.88203391400009,12.88277990000006],[123.88204438300011,12.882766294000021],[123.88205136200008,12.882752689000029],[123.88205834200005,12.882744185000035],[123.88209149500005,12.882691463000072],[123.88210196400007,12.882679558000063],[123.8821176670001,12.882655748000047],[123.88211941200007,12.882648945000028],[123.88212813700011,12.882633639000062],[123.88214384200012,12.882596222000075],[123.88215780200005,12.882553703000042],[123.88216827100007,12.882531594000056],[123.88217525200002,12.882506082000077],[123.8821822320001,12.882487375000039],[123.88219095800002,12.882438156000035],[123.88219270400009,12.882417747000034],[123.88219270700006,12.882365024000023],[123.88219794400004,12.882325905000073],[123.88219794500003,12.882314001000054],[123.88220143500007,12.882296993000068],[123.88220318100002,12.882269780000058],[123.88220492500011,12.88226467800007],[123.88220492900007,12.882225560000052],[123.88220318300012,12.882222158000047],[123.88220144000002,12.882205150000061],[123.88218748700001,12.882135417000029],[123.88218574600012,12.882070788000021],[123.88218749200007,12.882063985000059],[123.88218749300006,12.882048678000046],[123.88218923800002,12.882043576000058],[123.88219098600007,12.881997655000077],[123.88219447600011,12.881978946000061],[123.8821944770001,12.881970443000057],[123.88220145700006,12.881941530000063],[123.88220145800005,12.881931326000029],[123.88220669300006,12.881907515000023],[123.88221193000004,12.881870098000036],[123.88221542000008,12.881859893000069],[123.88221716500004,12.881847988000061],[123.88222938100012,12.881807171000048],[123.88223461500002,12.881798667000055],[123.88225381000007,12.881747644000029],[123.88227649300006,12.881703427000048],[123.88230615600003,12.881657506000067],[123.88232186000005,12.881635397000025],[123.88234279800008,12.881609887000025],[123.88236373500001,12.881587778000039],[123.88237245900007,12.881579274000046],[123.88239514100007,12.881562268000039],[123.88246842000001,12.881521453000062],[123.88248935800004,12.881506147000039],[123.88253995700006,12.881461930000057],[123.88254693600004,12.881453428000043],[123.88255391400003,12.881448325000065],[123.88260800400008,12.881395603000044],[123.8826132370001,12.881388801000071],[123.88264115600009,12.881347983000069],[123.88264290100005,12.881342881000023],[123.88266383900009,12.88130886600004],[123.88269001200001,12.881257844000061],[123.88272840000002,12.881198319000077],[123.88273887000003,12.881174508000072],[123.88274236000007,12.881155801000034],[123.88274934000003,12.881138793000048],[123.8827619330001,12.881117647000053],[123.88277065700004,12.881093836000048],[123.88280206600007,12.881027508000045],[123.88281079100011,12.880993492000073],[123.88281777200007,12.880974784000045],[123.88282475100004,12.880961178000064],[123.88283696600001,12.880925464000029],[123.88284918200009,12.880874440000071],[123.88284918300008,12.880864235000047],[123.88285441800008,12.880825118000075],[123.88285616900009,12.880712867000057],[123.88285791600003,12.880702662000033],[123.88285791800001,12.88066864700005],[123.8828596620001,12.880658442000026],[123.88285966700005,12.880583608000052],[123.88284637600009,12.880522719000055],[123.88282229900005,12.880462495000074],[123.88281198800007,12.880449116000023],[123.88280854600009,12.880435731000034],[123.88279822800007,12.880412311000043],[123.88279134400011,12.880388889000074],[123.88279131600007,12.880352076000065],[123.88279473900002,12.880338686000073],[123.88280502300006,12.880318597000041],[123.88281531500002,12.880308550000052],[123.8828221660001,12.880288464000046],[123.88283931300009,12.880265024000039],[123.88284273700003,12.880251635000036],[123.88285644500002,12.880221504000076],[123.88285643100005,12.880201424000063],[123.88285985400012,12.880188034000071],[123.88286670900004,12.880174642000043],[123.88287698600004,12.880144514000051],[123.88288384200007,12.880131122000023],[123.88288726400003,12.880117732000031],[123.88288725300004,12.880100999000035],[123.88289067500011,12.880087609000043],[123.88289059500005,12.879983860000038],[123.88288370900011,12.879957092000041],[123.88287340000011,12.879943711000067],[123.88286652200009,12.879930330000036],[123.88285621600005,12.879920296000023],[123.88285277300008,12.879906912000024],[123.88284246300009,12.87989353200004],[123.88283558400008,12.879876805000038],[123.88283214000012,12.87986341900006],[123.88283209200006,12.87979983200006],[123.8828793780001,12.879730695000035],[123.88288635800006,12.879717089000053],[123.88289333700004,12.87970858500006],[123.8829020610001,12.879693279000037],[123.88293695800007,12.879642257000057],[123.88298930100007,12.879579332000048],[123.88302245300008,12.879531712000073],[123.88304164600004,12.879509603000031],[123.8830782870001,12.879458582000041],[123.88310620300001,12.879426268000032],[123.88312016200007,12.879405860000077],[123.88313412000002,12.879388853000023],[123.8832108900001,12.879312323000022],[123.88325450900004,12.879271506000066],[123.88326497800006,12.879259601000058],[123.88328068100009,12.879247697000039],[123.8833033630001,12.879225588000054],[123.88333825800009,12.879196676000049],[123.88334523700007,12.879193275000034],[123.88340630300002,12.879145658000027],[123.88342549600009,12.879125248000037],[123.88344119900012,12.879111643000044],[123.88346213600005,12.879087833000028],[123.88347260500007,12.879079330000025],[123.88349005300006,12.87905892200007],[123.88349528700007,12.879050418000077],[123.88352145900001,12.879023207000046],[123.88352669300002,12.879014703000053],[123.88355461000003,12.878984092000053],[123.88360520800006,12.878921164000076],[123.88361916800011,12.878899055000034],[123.8836313810001,12.87887184300007],[123.88364359700006,12.878834426000026],[123.88364883300005,12.878810616000067],[123.88365057700003,12.878795310000044],[123.8836505810001,12.878749387000028],[123.88364709300004,12.878727278000042],[123.88364709400003,12.878701765000073],[123.88365058500005,12.878681356000072],[123.8836645450001,12.878643939000028],[123.88367152400008,12.87863373600004],[123.88369246200011,12.87861332600005],[123.88372643300011,12.878595586000074],[123.88373864700009,12.878583681000066],[123.8837665640001,12.878542864000053],[123.88377528900003,12.878525857000056],[123.8837892470001,12.878490141000043],[123.88381891300003,12.878379593000034],[123.88382065900009,12.878367687000036],[123.88383461700005,12.878330270000049],[123.88385206700002,12.878294555000025],[123.88387475000002,12.878258841000047],[123.88388696300001,12.878235030000042],[123.8838991770001,12.878219723000029],[123.88395501100001,12.878139790000034],[123.88399688600009,12.878070060000027],[123.88401782400001,12.878030943000056],[123.88403178300007,12.87800883400007],[123.88404399700005,12.87798162200005],[123.88408761700009,12.87789828700005],[123.88410157800001,12.877860870000063],[123.8841260050001,12.87782005300005],[123.88413298400008,12.877811549000057],[123.88414694200003,12.877799644000049],[123.88416264500006,12.877782637000053],[123.88416962400004,12.877777536000053],[123.88421324300009,12.877733317000036],[123.88424639400012,12.877689099000065],[123.88430222700003,12.877621070000032],[123.88431967500003,12.877593859000058],[123.88434061300006,12.877553041000056],[123.88434933800011,12.877519026000073],[123.88435108400006,12.87750201800003],[123.88435108500005,12.877473106000025],[123.88435806600012,12.877428884000039],[123.8843580680001,12.877383954000038],[123.88435632400001,12.877377152000065],[123.88435806900009,12.877370348000056],[123.88435807000008,12.877331230000038],[123.88435632700009,12.877322726000045],[123.88435632900007,12.877280206000023],[123.8843545850001,12.877273403000061],[123.88435458600009,12.877247891000025],[123.88435633200004,12.877235986000073],[123.8843563370001,12.87712033300005],[123.88435459400011,12.877111829000057],[123.8843545950001,12.87709312100003],[123.88434587500001,12.877031892000048],[123.88433540800008,12.876982569000063],[123.88432494500012,12.876911136000047],[123.88432320100003,12.876907734000042],[123.88431448200004,12.876822695000044],[123.88430576100006,12.876763167000036],[123.88428483600001,12.87658798700005],[123.88427437100006,12.876533561000031],[123.88426216000005,12.876492742000039],[123.88424123000004,12.876394095000023],[123.88424123100003,12.87638559100003],[123.88423599900011,12.876351575000058],[123.8842360000001,12.876334568000061],[123.88423076900006,12.876276741000027],[123.88422204800008,12.876232521000077],[123.88422204900007,12.876218913000059],[123.88420635000011,12.87613645600004],[123.88419239600012,12.876080330000036],[123.8841854210001,12.876024204000032],[123.88418368300006,12.875905149000062],[123.88417670800004,12.875842220000038],[123.8841592660001,12.875755481000056],[123.88415229200007,12.875682346000076],[123.88415229500004,12.875624520000031],[123.88415403900001,12.875612614000033],[123.88415404200009,12.875582000000065],[123.88415753200002,12.87555138700003],[123.88415753300001,12.875527576000025],[123.88416102500003,12.87547995400007],[123.88416626200001,12.875444238000057],[123.88416626300011,12.875432333000049],[123.88417847900007,12.875350697000044],[123.88418197100009,12.875316682000062],[123.88418546300011,12.875265658000046],[123.88418546700007,12.875201028000049],[123.88418895700011,12.875155108000058],[123.88419070400005,12.875138100000072],[123.88419593900005,12.875112588000036],[123.88420640900006,12.875078573000053],[123.88421687800007,12.875054762000048],[123.88423607100003,12.875020747000065],[123.88425875300004,12.874990134000029],[123.88426573200002,12.874985032000041],[123.88428666900006,12.874961222000024],[123.88429539300012,12.874952720000067],[123.88432854200005,12.874932311000066],[123.88434773400002,12.874917005000043],[123.88436169200008,12.874903399000061],[123.88438515900009,12.874871185000075],[123.88444622300005,12.874828669000067],[123.88447937300009,12.874799757000062],[123.88448809700003,12.874794655000073],[123.88451252300001,12.874772546000031],[123.88452299100004,12.874765744000058],[123.88452822500005,12.874758941000039],[123.88456486400003,12.874724928000035],[123.88458754600003,12.87469601500004],[123.88459452500001,12.874689212000021],[123.8846363990001,12.874634790000073],[123.88468350500011,12.874597375000064],[123.88472188900005,12.874578668000026],[123.88475329400001,12.874566764000065],[123.88476376100004,12.874565064000024],[123.88477074000002,12.874561663000065],[123.88479865500005,12.874554861000036],[123.88483354700008,12.874542958000063],[123.88483878200009,12.874542958000063],[123.88488763200007,12.874531055000034],[123.88491903600004,12.874525954000035],[123.88494869500005,12.874517452000077],[123.88497486500012,12.874507249000033],[123.88498358900006,12.874502146000054],[123.88498882300007,12.874497044000066],[123.88500452500011,12.874488541000062],[123.88501848300007,12.874476636000054],[123.88503941800002,12.874463032000051],[123.88507605900008,12.874422214000049],[123.88509699600002,12.87439160100007],[123.88512491200004,12.874364390000039],[123.88516678400003,12.874337180000055],[123.88519121000002,12.874323575000062],[123.88521912500005,12.874315072000059],[123.88523831600003,12.874313372000074],[123.88528367600009,12.874313374000053],[123.88529414300001,12.874311674000069],[123.88531159100012,12.874303171000065],[123.88532031500006,12.874296368000046],[123.88534125100011,12.87427425900006],[123.88535520900007,12.874264056000072],[123.88536393200002,12.874260653000022],[123.88537440000005,12.874260654000068],[123.88538137800003,12.874262355000042],[123.88539882400005,12.874272561000055],[123.88540929200008,12.874282766000022],[123.88542324900004,12.874292972000035],[123.88543720500002,12.874299775000054],[123.88546511900006,12.874306579000063],[123.88547209800004,12.874309981000067],[123.8854930330001,12.87431168300003],[123.88550873500003,12.87431168300003],[123.88551571400001,12.874309983000046],[123.8855226930001,12.874306582000031],[123.88554711900008,12.874287874000061],[123.88555758700011,12.874277670000026],[123.88557154500006,12.874255560000051],[123.88559946000009,12.874231751000025],[123.8856046950001,12.874226648000047],[123.88560992900011,12.874218145000043],[123.88561167500006,12.874211342000024],[123.88561516400011,12.874206239000046],[123.88561516400011,12.874197736000042],[123.88560818700012,12.874173924000047],[123.88560818700012,12.874160318000065],[123.88560993300007,12.874153515000046],[123.88562389100002,12.87412970400004],[123.88563610300002,12.874122903000057],[123.88565355100002,12.874116099000048],[123.88567797700011,12.874109298000064],[123.88569193400008,12.874107597000034],[123.88572333800005,12.874107598000023],[123.88573031500005,12.874109299000054],[123.8857634630001,12.874131411000064],[123.88576869700012,12.874131411000064],[123.8857756750001,12.874129711000023],[123.8857931230001,12.874119508000035],[123.88581405900004,12.874093997000045],[123.88582104000011,12.874076989000059],[123.88582453000004,12.874058280000042],[123.88582453300012,12.874007256000027],[123.88582802300004,12.87399705100006],[123.88582742900007,12.873958278000032],[123.88582917300005,12.873951476000059],[123.88582917600002,12.873919160000071],[123.88582568800007,12.873891947000061],[123.88582219900002,12.873883443000068],[123.88581522300001,12.873840925000025],[123.88581347800005,12.873820514000045],[123.88581348200012,12.873754184000063],[123.88581173700004,12.873740578000024],[123.88581174400008,12.873621523000054],[123.88580825600002,12.873597712000048],[123.88580302300011,12.873584106000067],[123.88579429900005,12.873568798000065],[123.88576638800009,12.873533081000062],[123.88575592100005,12.87351097100003],[123.88575417700008,12.873504167000021],[123.88575417700008,12.873495663000028],[123.88575068800003,12.873485459000051],[123.88575068900002,12.873476955000058],[123.88574371200002,12.87344463900007],[123.88574371300001,12.873432734000062],[123.88574022400007,12.873412324000071],[123.88572975900001,12.873366404000024],[123.88572627100007,12.873335789000066],[123.88572627300005,12.873293269000044],[123.88572801800001,12.87328476600004],[123.88572801900011,12.873267758000054],[123.8857158080001,12.873209931000076],[123.88571581100007,12.873182718000066],[123.88572279000005,12.87315890800005],[123.88574198200001,12.87311298700007],[123.88575070800005,12.873072169000068],[123.88575070800005,12.87305856200004],[123.88575245400011,12.873050059000036],[123.8857524550001,12.873043256000074],[123.88574896600005,12.873029649000046],[123.8857332660001,12.872988830000054],[123.88573152300012,12.872963318000075],[123.88572977900003,12.872956514000066],[123.8857315250001,12.872922800000026],[123.88573675900011,12.872907492000024],[123.88573850500006,12.87288538200005],[123.88574548300005,12.872868374000063],[123.88576293200003,12.872837761000028],[123.88578212400012,12.872813951000069],[123.88580480400003,12.872793544000046],[123.88583621100008,12.872745924000071],[123.88585016900004,12.872717010000031],[123.88587110700007,12.872662586000047],[123.88589728200009,12.872543533000055],[123.88589902700005,12.872523125000043],[123.88589903100001,12.872449990000064],[123.88590077600008,12.87244148700006],[123.88590078000004,12.872378559000026],[123.88590252500001,12.872366652000039],[123.88590078100003,12.872347944000069],[123.88590078300001,12.872312227000066],[123.88589729400007,12.872274810000022],[123.88589730000001,12.872186370000065],[123.8858990440001,12.872174464000068],[123.88589904500009,12.872157456000025],[123.88590951700007,12.87208262200005],[123.8859130080001,12.872043504000032],[123.88591649800003,12.872023095000031],[123.88591998800007,12.872014591000038],[123.88592173300003,12.87200438800005],[123.8859409260001,12.871960167000054],[123.88595488300007,12.871938057000023],[123.88597233100006,12.871919350000042],[123.88600500300004,12.871898527000042],[123.88601547200005,12.87188492100006],[123.88602594000008,12.871876419000046],[123.88602943000001,12.871871316000068],[123.88605560000008,12.871845806000067],[123.88607130200012,12.871832200000028],[123.88609223900005,12.871808390000069],[123.88609921700004,12.871803288000024],[123.88616028300009,12.871723354000039],[123.88617424100005,12.871699544000023],[123.88620215700007,12.871645120000039],[123.88622832800002,12.871611106000046],[123.88625624300005,12.871585595000056],[123.88628066900003,12.871570289000033],[123.88633998700004,12.871514166000054],[123.88636615900009,12.871475050000072],[123.88639407400001,12.871441035000032],[123.88642547900008,12.871408723000059],[123.88643594700011,12.871400219000066],[123.88643943700004,12.871395116000031],[123.8864656070001,12.871373007000045],[123.88648828800001,12.871342394000067],[123.8864952670001,12.871335592000037],[123.88651620400003,12.871301577000054],[123.8865580800001,12.871199532000048],[123.88656854900012,12.87116721700005],[123.88657378200003,12.871158715000035],[123.88657552800009,12.871151911000027],[123.88658076200011,12.871143407000034],[123.88658774200007,12.871126399000048],[123.88661914800002,12.871066873000075],[123.88662961600005,12.871051568000041],[123.88666451100005,12.870978434000051],[123.88668544800009,12.870952924000051],[123.8866906830001,12.870949522000046],[123.88670464000006,12.870927413000061],[123.88673793100008,12.87084416600004],[123.8867431650001,12.870833961000073],[123.88675188900004,12.870805048000022],[123.88675189000003,12.870798246000049],[123.88676061400008,12.870760829000062],[123.88676410400001,12.870754026000043],[123.88677108400009,12.870726813000033],[123.88678155300011,12.870697901000028],[123.88679551100006,12.870650280000064],[123.88680772500004,12.870623068000043],[123.88681121500008,12.870611162000046],[123.88684436500012,12.870539731000065],[123.88685832200008,12.870519322000064],[123.88687576900008,12.870502316000056],[123.88688449300003,12.870495513000037],[123.88690194000003,12.870488710000075],[123.88691066300009,12.870483608000029],[123.88693857700002,12.870475107000061],[123.88697347000004,12.870458100000064],[123.88699091600006,12.870447895000041],[123.88703453300002,12.870412181000063],[123.88705895800001,12.870396876000029],[123.88709036200009,12.870390073000067],[123.88713397600009,12.870388374000072],[123.88721458700002,12.870373415000074],[123.88722814800008,12.87036017500003],[123.88725525100006,12.870307231000027],[123.88725976400008,12.870293998000022],[123.88727784500009,12.870276343000057],[123.8872868840001,12.870263105000049],[123.88730496500011,12.870245451000073],[123.88731852400008,12.870227799000077],[123.88733208800011,12.870218969000064],[123.88738181300005,12.870170419000033],[123.88740442900007,12.870165993000057],[123.88742252500003,12.870165979000035],[123.88744513800009,12.87015714100005],[123.88747679900007,12.870148297000071],[123.88750391500002,12.870112996000046],[123.88751746900004,12.870090934000075],[123.88751733800007,12.869923344000028],[123.88753089300008,12.869901283000047],[123.88753992300008,12.869879224000044],[123.88754443700009,12.869865990000051],[123.88754894200008,12.869843935000063],[123.8875737840001,12.869769017000067],[123.8875790190001,12.869735002000027],[123.88759646900007,12.869668672000046],[123.88759646900007,12.869660168000053],[123.88762089700003,12.869566626000051],[123.88762787700011,12.869532611000068],[123.88763660100005,12.869505399000047],[123.88766451800007,12.869427164000058],[123.88767847500003,12.869401653000068],[123.8876924330001,12.86938974800006],[123.88771162400008,12.869379544000026],[123.88775524000005,12.869374444000073],[123.88778664100005,12.869381248000025],[123.88783549000004,12.869399958000031],[123.88784595800007,12.86940676200004],[123.88785293600006,12.86940846300007],[123.88785991400005,12.869415266000033],[123.88786863700011,12.869420369000068],[123.8878878270001,12.86943567700007],[123.88790352800004,12.869454386000029],[123.88792969500003,12.869491804000063],[123.88794539600008,12.869508812000049],[123.88794888400002,12.869515616000058],[123.88798028600002,12.869553034000035],[123.88799075400004,12.869568341000047],[123.88801692200002,12.869588752000027],[123.88802390000001,12.869592153000042],[123.88805704700007,12.869604060000029],[123.88807274900012,12.869607462000033],[123.88810589600007,12.869605763000038],[123.88812857700009,12.869573449000029],[123.88816347000011,12.869576852000023],[123.88815823400012,12.869612568000036],[123.88821580600006,12.86961597100003],[123.88822802000004,12.869595563000075],[123.88833444200009,12.869581960000062],[123.88833444300008,12.869556448000026],[123.88839550500006,12.869547947000058],[123.88840771600007,12.869578561000026],[123.88847401200007,12.869566658000053],[123.88847924600009,12.869549650000067],[123.88849320300005,12.869547951000072],[123.88849669300009,12.869537746000049],[123.88863277400003,12.869544553000026],[123.88863451800012,12.869563262000042],[123.88866666900003,12.869581972000049],[123.88867015800008,12.869605783000054],[123.88872249600001,12.869609186000048],[123.88876262300005,12.869568369000035],[123.88879228000008,12.869585379000057],[123.8887853010001,12.869612590000031],[123.88881495900011,12.869636402000026],[123.88883240500002,12.869633001000068],[123.88891788700005,12.869731649000073],[123.88889869400009,12.869760562000067],[123.8890155790001,12.869866014000024],[123.88914816500005,12.870030994000047],[123.88917084400009,12.87006841300007],[123.88918480100006,12.87006841300007],[123.88933308500009,12.87033884300007],[123.88949430200012,12.870480559000043],[123.88951523800006,12.870475458000044],[123.8895501290001,12.870506073000058],[123.88954140500005,12.870524782000075],[123.88972981900008,12.870664251000051],[123.8898100670001,12.870745890000023],[123.88989206000008,12.870853042000022],[123.88987635900003,12.870868348000045],[123.88992346100008,12.870961893000072],[123.88998626700004,12.870978902000047],[123.88999149900008,12.870984005000025],[123.8900019670001,12.871002715000031],[123.89001069000005,12.87101461900005],[123.89001417800011,12.871021423000059],[123.89001766800004,12.871036731000061],[123.89001766800004,12.871045235000054],[123.89001243400003,12.871058840000046],[123.89000720000001,12.871063942000035],[123.88999324300005,12.871069044000023],[123.88997928500009,12.871079248000058],[123.88997056200003,12.871087752000051],[123.8899496250001,12.871121767000034],[123.88992345400004,12.871181293000063],[123.88991647500006,12.871201702000064],[123.88990949600009,12.871223812000039],[123.88989902700007,12.871281638000028],[123.88989902500009,12.871327561000044],[123.8899042590001,12.871347969000055],[123.88990949100003,12.871381985000028],[123.88992519100009,12.871436411000047],[123.88993391300005,12.871485734000032],[123.88993565700002,12.871518050000077],[123.88993740100011,12.871526553000024],[123.88993565600003,12.871550364000029],[123.88993771000003,12.871572004000029],[123.88994119800009,12.871585610000068],[123.8899411970001,12.871670649000066],[123.88994468500005,12.871696161000045],[123.88994991700008,12.871718271000077],[123.88995864100002,12.871742082000026],[123.88997434100008,12.87177269700004],[123.89000050900006,12.871808415000032],[123.89001272100006,12.871822021000071],[123.89005110200003,12.871854337000059],[123.8900964610001,12.871896857000024],[123.8901208850001,12.87191556700003],[123.89012262900007,12.871918968000045],[123.89018368900008,12.871966592000035],[123.89021683600004,12.871988703000056],[123.89023253700009,12.872002309000038],[123.89027266200003,12.872029524000027],[123.89030057600007,12.872055036000063],[123.89030581000009,12.872061839000025],[123.89033372200004,12.872109461000036],[123.89034767800001,12.872138375000077],[123.89035465500001,12.872158784000021],[123.89037384500011,12.872235320000073],[123.89037558900009,12.872262533000026],[123.89038256600008,12.872310154000047],[123.8903947770001,12.872333967000031],[123.89041396800008,12.872347572000024],[123.8904314130001,12.872356077000063],[123.89044711500003,12.872356077000063],[123.89045234900004,12.872357778000037],[123.89051341000004,12.87239519700006],[123.89052736700012,12.872402001000069],[123.89054306800006,12.872407103000057],[123.89057796000009,12.872413908000055],[123.89058842800011,12.87241731000006],[123.89062157600006,12.872422413000038],[123.89067042500005,12.872422414000027],[123.89070008400006,12.872430919000067],[123.89072625300003,12.872441124000034],[123.89078208100011,12.872451331000036],[123.8907890590001,12.872454732000051],[123.89079952700001,12.872456434000071],[123.89082395100002,12.872466639000038],[123.89085012100008,12.872473443000047],[123.89086407700006,12.872473443000047],[123.89087105600004,12.872470042000032],[123.89087629100004,12.872463239000069],[123.8908797790001,12.872449633000031],[123.89088675900007,12.872437727000033],[123.89089897200006,12.872427523000056],[123.89090769400002,12.872424122000041],[123.89092165200009,12.872422421000067],[123.89097224600005,12.872422423000046],[123.89097922500002,12.872424125000066],[123.8909931820001,12.872424125000066],[123.89101062800012,12.872427526000024],[123.89102284100011,12.872436032000053],[123.89105947700011,12.872475150000071],[123.89107692300001,12.872492158000057],[123.89109088000009,12.872502363000024],[123.89109960300004,12.872505765000028],[123.89112402800004,12.872510868000063],[123.89115368700004,12.872510870000042],[123.8911746230001,12.872504066000033],[123.89118334600005,12.872498964000044],[123.8911868350001,12.872493862000056],[123.89118683600009,12.872487059000036],[123.89118334700004,12.872473452000065],[123.89118509000002,12.872466649000046],[123.89118858100005,12.872461547000057],[123.89120253800002,12.872454744000038],[123.89121649500009,12.872451343000023],[123.89122521900003,12.872451343000023],[123.89123219700002,12.872453044000054],[123.89123917600011,12.872458147000032],[123.89125138700001,12.872480258000053],[123.89126185500004,12.872493864000035],[123.89127406700004,12.872502369000074],[123.89129325900001,12.872504070000048],[123.89130721600009,12.872500669000033],[123.89132989600012,12.87248706400004],[123.89134036500002,12.872483662000036],[123.89134559900003,12.872483662000036],[123.8913720380001,12.872504426000035],[123.89137727200011,12.872511229000054],[123.89138599400007,12.872526536000066],[123.89139122800009,12.872541843000022],[123.8914034390001,12.872565654000027],[123.89141739700005,12.872577561000071],[123.89143484300007,12.872586065000064],[123.89147147900007,12.872587766000038],[123.89148194800009,12.872586066000054],[123.89149764900003,12.872579263000034],[123.89150637300008,12.872574161000045],[123.8915116070001,12.872567358000026],[123.89153254300004,12.872529941000039],[123.89154824500008,12.872512934000042],[123.89157615900001,12.872501029000034],[123.89159534900011,12.87249932900005],[123.89161279600012,12.872506132000069],[123.89162151900007,12.872514636000062],[123.89163024200002,12.872529944000064],[123.89163896400009,12.872553756000059],[123.89164594300007,12.872565660000078],[123.8916511760001,12.872574164000071],[123.89166513300006,12.872587772000031],[123.89168257900008,12.872597976000066],[123.89169130200003,12.872599678000029],[123.89171223700009,12.872603079000044],[123.89173491700001,12.872601379000059],[123.8917541080001,12.872608183000068],[123.89176806500006,12.872616687000061],[123.89177329900008,12.872620088000076],[123.89178725500005,12.872637097000052],[123.89180644500004,12.872666010000046],[123.89181342400002,12.872672813000065],[123.89182563600002,12.872689821000051],[123.89182912500007,12.872698325000044],[123.89184831500006,12.872713633000046],[123.89186576200007,12.872715334000077],[123.89187448500002,12.872710232000031],[123.89189018700006,12.872691524000061],[123.89189542100007,12.872681319000037],[123.89190239900006,12.872652406000043],[123.89190414500001,12.872633697000026],[123.89190065700006,12.872613288000025],[123.89188495500002,12.872574170000064],[123.89188146700008,12.872557162000021],[123.89188495500002,12.872546958000044],[123.89188844600005,12.872540154000035],[123.89189368000007,12.872535052000046],[123.89190938200011,12.872524849000058],[123.8919285720001,12.872504439000068],[123.89194951000002,12.872465322000039],[123.89195997800005,12.872451715000068],[123.89198789200009,12.872429606000026],[123.89199836000012,12.872419402000048],[123.89201929600006,12.872390489000054],[123.89204197700008,12.872370080000053],[123.89204721100009,12.872363277000034],[123.89205767900012,12.872356474000071],[123.89206640200007,12.872353074000046],[123.89207861400007,12.872342868000032],[123.89210304000005,12.872329262000051],[123.89212048600007,12.872322460000078],[123.89215538000008,12.872302051000077],[123.89217282600009,12.872285044000023],[123.89219376200003,12.872271439000031],[123.89221120900004,12.872266336000052],[123.89223737800012,12.872269738000057],[123.89225831200008,12.87227824200005],[123.89228448200004,12.872296951000067],[123.89229843800001,12.872302054000045],[123.89231239600008,12.872302054000045],[123.89231937500006,12.87230035400006],[123.89232809800001,12.872295251000025],[123.89233856600003,12.872285047000048],[123.89234205600007,12.872278244000029],[123.89234205600007,12.872261236000043],[123.8923403120001,12.872254433000023],[123.89232635500002,12.872228921000044],[123.89231937600005,12.872208511000053],[123.89231937700004,12.872188102000052],[123.89232635700012,12.872171094000066],[123.89235427200003,12.872138780000057],[123.89236125100001,12.872125175000065],[123.89236822900011,12.87210136300007],[123.89237869800002,12.872089457000072],[123.89238567500001,12.872086056000057],[123.89241184600007,12.872084356000073],[123.89243278200001,12.872077553000054],[123.89245197300011,12.872062246000041],[123.89246069700005,12.872048641000049],[123.89246244200001,12.872024829000054],[123.89246767600002,12.872014625000077],[123.89248337800007,12.872001018000049],[123.89249035600005,12.871999318000064],[123.89251478200003,12.871987412000067],[123.89256188800005,12.871972106000044],[123.89257933400006,12.871963602000051],[123.89261073900002,12.871944894000023],[123.89263516400001,12.871939792000035],[123.89264388700008,12.871936391000077],[123.8927267360001,12.871892688000059],[123.89275988400004,12.871885887000076],[123.89278605300001,12.871877383000026],[123.89280175500005,12.871873981000022],[123.89285060400005,12.871867179000049],[123.89287502900004,12.871865479000064],[123.89289945400003,12.871860377000075],[123.89291690000005,12.871853574000056],[123.89293085700001,12.871845070000063],[123.8929622600001,12.871831465000071],[123.89298319600005,12.871828064000056],[123.89301111000009,12.871828064000056],[123.89303553400009,12.87183146600006],[123.89306170400005,12.87183146700005],[123.89307740600009,12.871829766000076],[123.89309310600004,12.871822963000056],[123.8931192770001,12.871802555000045],[123.8931367240001,12.871777043000066],[123.89315242600003,12.871741327000052],[123.89316114900009,12.87172602000004],[123.8931785960001,12.871705611000039],[123.89320999900008,12.871680100000049],[123.89322046700011,12.871668195000041],[123.89322744600008,12.871654589000059],[123.89322570200011,12.871639283000036],[123.89322046700011,12.871632478000038],[123.89320825600009,12.871630777000064],[123.89319953300003,12.871634179000068],[123.89318208600002,12.87164778500005],[123.89316463900002,12.871668194000051],[123.89315940600011,12.871676698000044],[123.89314021400003,12.871695407000061],[123.89312625800005,12.871693705000041],[123.89312102400004,12.871688602000063],[123.8931175350001,12.871681799000044],[123.89311579000002,12.871664791000057],[123.89311927900008,12.871647784000061],[123.89312625900004,12.871632477000048],[123.89312625900004,12.871623973000055],[123.89311753600009,12.871610366000027],[123.89311230200008,12.871603563000065],[123.89310706700007,12.87160016200005],[123.89310183500004,12.871591658000057],[123.89309660100002,12.871567847000051],[123.89310009100006,12.871545737000076],[123.89310532500008,12.871533831000022],[123.89311055900009,12.871506619000058],[123.89311404900002,12.871496415000024],[123.8931157940001,12.871481107000022],[123.89311928300003,12.871470903000045],[123.89312102800011,12.871453895000059],[123.89313149700001,12.871419880000076],[123.89314022000008,12.871382463000032],[123.89313149800012,12.871350148000033],[123.89312975400003,12.871339943000066],[123.89312975400003,12.871309329000042],[123.8931192870001,12.871263408000061],[123.8931192870001,12.871241298000029],[123.89312103300006,12.871234494000078],[123.89312801100004,12.871219189000044],[123.89314196800001,12.871200479000038],[123.89315418100011,12.871178369000063],[123.8931663940001,12.871168166000075],[123.89317511600007,12.871164763000024],[123.89318209600003,12.871164763000024],[123.89319605300011,12.871161362000066],[123.89321524400009,12.871151158000032],[123.89322222200008,12.871144355000069],[123.89322920100005,12.871130749000031],[123.89323094500003,12.871122245000038],[123.89323094500003,12.871106938000025],[123.89322745700008,12.871098434000032],[123.89321001100006,12.871078024000042],[123.89319780000005,12.871049111000048],[123.89319780000005,12.871023600000058],[123.89319954500002,12.871015096000065],[123.89320826900007,12.870981080000035],[123.8932187370001,12.870962371000076],[123.89322571600007,12.870955569000046],[123.89323792800008,12.870948765000037],[123.89329026700011,12.870933458000025],[123.89330422400008,12.870923254000047],[123.8933146920001,12.870913049000023],[123.89332341600004,12.870907948000024],[123.89335307300007,12.870896042000027],[123.89336528700005,12.870894341000053],[123.89340106400005,12.870900831000029],[123.89343246600004,12.870912737000026],[123.89345514600006,12.870933148000063],[123.89346561400009,12.870951856000033],[123.89347956900008,12.870982470000058],[123.89349352700003,12.870997777000071],[123.89350573900003,12.871006281000064],[123.89351969400002,12.871011384000042],[123.89353714200001,12.871011384000042],[123.89354935400002,12.871007983000027],[123.89355458800003,12.871002880000049],[123.89356505600006,12.870965464000051],[123.89357378000011,12.870950157000038],[123.89357901300002,12.87094505500005],[123.89358599200011,12.870941653000045],[123.89360169400004,12.87093825200003],[123.89362960700009,12.870943354000076],[123.89366449900001,12.870967166000071],[123.89368020100005,12.870967166000071],[123.89368892300001,12.870963765000056],[123.89369066800009,12.870958662000021],[123.89369066900008,12.870950159000074],[123.89368717900004,12.870943355000065],[123.89366624400009,12.870916143000045],[123.89366101100006,12.870905939000068],[123.89366101100006,12.870897435000074],[123.89366450000011,12.870890631000066],[123.89368194600002,12.870885529000077],[123.89369939200003,12.870888931000025],[123.89372207200006,12.870900836000033],[123.89372730600007,12.870907640000041],[123.89374475200009,12.870922947000054],[123.89376219700011,12.870928050000032],[123.89377615500007,12.870928050000032],[123.89379185700011,12.870921247000069],[123.89384245100007,12.870892335000065],[123.89385466300007,12.870890634000034],[123.89386338600002,12.870885532000045],[123.89388083200004,12.870870226000022],[123.89392619200009,12.870856619000051],[123.89394015000005,12.870846415000074],[123.89395585200009,12.870824305000042],[123.8939610860001,12.870805598000061],[123.89396283100007,12.870788590000075],[123.89396283100007,12.870752873000072],[123.89396108700009,12.870737567000049],[123.89396806600007,12.870706952000035],[123.89396806600007,12.870696747000068],[123.89396981000004,12.870689944000048],[123.89396806600007,12.870683141000029],[123.89396806600007,12.87065762900005],[123.8939663220001,12.870647424000026],[123.89396283300005,12.870638920000033],[123.89395585500006,12.870598102000031],[123.8939593450001,12.870567489000052],[123.89396632300009,12.870553882000024],[123.89399423700002,12.870543677000057],[123.89400819400009,12.870535174000054],[123.89402215100006,12.870519867000041],[123.89404077100005,12.870487140000023],[123.89404611900011,12.870473236000066],[123.89404611900011,12.870466285000077],[123.89404077100005,12.870459334000032],[123.89404077100005,12.870443693000027],[123.8940443350001,12.870426315000032],[123.89405146700005,12.870412412000064],[123.89407820600002,12.870375917000047],[123.89410494400011,12.870351587000073],[123.89412633600011,12.870335946000068],[123.89413703200012,12.870325519000062],[123.8941655540001,12.870309878000057],[123.89417981500003,12.870304665000049],[123.89420298800007,12.870299451000051],[123.8942350750001,12.870287286000064],[123.89424577200009,12.870282073000055],[123.8942564670001,12.870271645000059],[123.89427429300008,12.870259480000072],[123.89429211900006,12.870256004000055],[123.8943063800001,12.870256004000055],[123.89432955500001,12.870252528000037],[123.89434559800009,12.870247314000039],[123.89437946800001,12.870228198000063],[123.89440442400007,12.870221246000028],[123.89441868500012,12.870222984000065],[123.89443472800008,12.870229935000054],[123.89444364200006,12.870229935000054],[123.89445077200003,12.870226459000037],[123.89446146800003,12.87021429400005],[123.89446503300007,12.870207343000061],[123.89447038000003,12.870184752000057],[123.89447394600006,12.870177799000032],[123.8944864230001,12.870170848000043],[123.89451138000004,12.870162158000028],[123.89451851100011,12.870155207000039],[123.89452742300011,12.870141304000072],[123.89453098800004,12.870118713000068],[123.89453812000011,12.870103072000063],[123.89454168500004,12.870099597000035],[123.89455772800011,12.870090907000076],[123.89457377200006,12.870096121000074],[123.89458090200003,12.870101333000036],[123.89460229400004,12.87012392500003],[123.89461655400009,12.870130876000076],[123.89462368600005,12.870132614000056],[123.89463081600002,12.870130876000076],[123.89463616400008,12.870125662000021],[123.89464686000008,12.870110022000063],[123.89465220700004,12.870096119000038],[123.89465577200008,12.870050935000052],[123.89465933700001,12.870037032000027],[123.89467181500004,12.870014441000023],[123.89467359700006,12.870007489000045],[123.89467894500001,12.870000538000056],[123.89469320500007,12.869974470000045],[123.89470033700002,12.869967518000067],[123.89471459700007,12.869943188000036],[123.89471638000009,12.869936237000047],[123.89471281400006,12.869908432000045],[123.89471459700007,12.86989105400005],[123.89472172600006,12.869878888000073],[123.89474668300011,12.869861510000021],[123.89475024800004,12.869856297000069],[123.89476450900008,12.869844131000036],[123.89477877000002,12.869812850000073],[123.89478233400007,12.869795471000032],[123.89478233400007,12.869781568000064],[123.89479481300009,12.869741598000076],[123.89481263900007,12.869706841000038],[123.8948144200001,12.86969988900006],[123.8948251170001,12.869677297000067],[123.89483224700007,12.869665132000023],[123.89483581200011,12.869649491000075],[123.89483937700004,12.869642540000029],[123.8948447250001,12.869623424000054],[123.89485185500007,12.869585191000056],[123.89486076800006,12.869555647000027],[123.89485898500004,12.869519153000056],[123.89485542000011,12.869505250000032],[123.89485541900001,12.869498298000053],[123.89487144000009,12.869472130000077],[123.89488213600009,12.869459964000043],[123.89488570100002,12.869453012000065],[123.89488748300005,12.869444323000039],[123.89488391700002,12.86943911000003],[123.89488391700002,12.869411304000039],[123.89489461300002,12.869390451000072],[123.89489996000009,12.869385236000028],[123.89491422200001,12.869374809000021],[123.89493739600005,12.869362644000034],[123.89499087400009,12.869340052000041],[123.89503009000009,12.869317459000058],[123.89505504800002,12.869307032000052],[123.89511922000008,12.869265323000036],[123.89514952600007,12.869258372000047],[123.89516556900003,12.869261847000075],[123.8951727000001,12.869265322000047],[123.89521191800009,12.869289651000031],[123.89522617900002,12.869289651000031],[123.89524222200009,12.869282699000053],[123.89526183000009,12.869270534000066],[123.89527965700006,12.869268797000075],[123.89529391700012,12.869272272000046],[123.89530996200006,12.869279223000035],[123.89531709200003,12.869286174000024],[123.89534917900005,12.869303553000066],[123.89537057100006,12.869333095000059],[123.89538839700003,12.869345260000046],[123.89539731100001,12.869345260000046],[123.89542405000009,12.869327881000061],[123.89543118000006,12.869320929000025],[123.89544722300002,12.86930355100003],[123.89547574400001,12.869263580000052],[123.89551852700004,12.869232298000043],[123.89553278800008,12.869225348000043],[123.89554170000008,12.869223609000073],[123.89555952700005,12.869223608000027],[123.89557022200006,12.869221870000047],[123.89557735300002,12.869218395000075],[123.89559161400007,12.869206229000042],[123.89560765700003,12.869187113000066],[123.8956237000001,12.869171472000062],[123.89563261300009,12.869166259000053],[123.89563974400005,12.869164521000073],[123.89565400400011,12.869157569000038],[123.89566826500004,12.86915235500004],[123.89568965700005,12.869147142000031],[123.89570570000001,12.869145403000061],[123.8957449180001,12.869145403000061],[123.89576630900001,12.869138451000026],[123.89577344000008,12.869138451000026],[123.89580909100005,12.869122810000022],[123.89582156900008,12.869112382000026],[123.89583226500008,12.869098480000048],[123.89585009100006,12.869081101000063],[123.89591961300005,12.86903591600003],[123.89593922100005,12.869015061000027],[123.89596952500006,12.868992469000034],[123.89599091700006,12.868982041000038],[123.8960140910001,12.868973352000069],[123.89602835100004,12.868971613000042],[123.89604974300005,12.868966400000033],[123.89606578700011,12.868959449000045],[123.89607826500003,12.86895075800004],[123.89609965600005,12.868928167000036],[123.89610856900003,12.868921214000068],[123.89612817800003,12.868910787000061],[123.89615670000001,12.868898621000028],[123.89617274300008,12.868888194000021],[123.89620661200001,12.868853437000041],[123.89621552600011,12.868841271000065],[123.8962244380001,12.868811728000026],[123.89622622100001,12.868796087000021],[123.89622978600005,12.868782184000054],[123.89623691600002,12.868768282000076],[123.89627256800009,12.868726572000071],[123.8962939590001,12.868695290000062],[123.89630465500011,12.868684863000055],[123.89634922100004,12.868665745000044],[123.89638130700007,12.868630987000074],[123.89639556900011,12.868624037000075],[123.89640448200009,12.868622298000048],[123.89643482700001,12.868631255000025],[123.89644730500004,12.868631255000025],[123.89645621700004,12.868632991000027],[123.89645800100004,12.868634730000053],[123.89647047900007,12.868638204000035],[123.89648830600004,12.868648631000042],[123.89649721800004,12.868652107000059],[123.89653821900004,12.868676436000044],[123.89659704600001,12.868705978000037],[123.89660774100003,12.868712929000026],[123.89662378500009,12.868719880000071],[123.89662735100001,12.868723356000032],[123.89667548200009,12.868745947000036],[123.8967075700001,12.868763324000042],[123.89676817900011,12.868805031000022],[123.89679313600004,12.868825885000035],[123.89685909400009,12.868876281000041],[123.89688226800001,12.868895397000074],[123.89689831200008,12.868911037000032],[123.89690722500006,12.86891625100003],[123.89692505200003,12.868935367000063],[123.89693218200011,12.868938842000034],[123.89694822600006,12.86895622000003],[123.89696070500008,12.868966646000047],[123.89696605300003,12.868973599000071],[123.89699101000008,12.86898750000006],[123.89702131400009,12.86898749900007],[123.89703379300011,12.868990975000031],[123.89705161900008,12.869006615000046],[123.89706053200007,12.869020517000024],[123.89707301100009,12.869032682000068],[123.8971247070001,12.869065700000021],[123.89713540200012,12.869074389000048],[123.89714253400007,12.869077864000076],[123.89714966500003,12.869084816000054],[123.89717996800005,12.869103931000041],[123.89723523100008,12.869124784000064],[123.89726910100001,12.869133473000034],[123.89727623100009,12.869136948000062],[123.89728336200005,12.869136948000062],[123.89731366700005,12.86915085000004],[123.89732079700002,12.869152588000077],[123.89736714600008,12.869176917000061],[123.89740458200004,12.869202983000037],[123.89741705900008,12.869213410000043],[123.8974402340001,12.86922557500003],[123.89745806000008,12.869225574000041],[123.89746519100004,12.869218623000052],[123.89747945100009,12.869189079000023],[123.89752223200003,12.869152583000073],[123.8975382750001,12.869123040000034],[123.89755610200007,12.869095235000032],[123.89755966600001,12.869081331000075],[123.89755966500002,12.869039623000049],[123.89756323000006,12.869023982000044],[123.89757392500007,12.869011817000057],[123.89759175200004,12.869004866000068],[123.89762205500006,12.868997914000033],[123.8976274040001,12.868994439000062],[123.89765236000005,12.868985748000057],[123.89767375200006,12.868975320000061],[123.89770405600007,12.868968368000026],[123.89772901200001,12.868957941000076],[123.89773436000007,12.868952727000021],[123.89773792500011,12.868945776000032],[123.89774862000002,12.868907543000034],[123.89775396800007,12.868893640000067],[123.89776288000007,12.868877999000063],[123.89776822800002,12.86885888300003],[123.89777001000004,12.868831078000028],[123.89777535600001,12.868810223000025],[123.89777892100005,12.868803272000036],[123.8977842700001,12.868794582000021],[123.89779674800002,12.868785893000052],[123.89781100900007,12.868780680000043],[123.89781635600002,12.868775465000056],[123.89783061700007,12.868756349000023],[123.89783774700004,12.868742446000056],[123.8978430950001,12.868735494000077],[123.89785379000011,12.868726805000051],[123.8978627030001,12.868723329000034],[123.89789479100011,12.868725066000025],[123.89792153000008,12.868730279000033],[123.89793757300004,12.868737231000068],[123.89800709700012,12.868775461000041],[123.89809444800005,12.868799788000047],[123.89813366600004,12.86882238000004],[123.8981497100001,12.868827594000038],[123.89816753600007,12.868838019000066],[123.89819605800005,12.868846708000035],[123.89820853700007,12.868846708000035],[123.89821745100005,12.868841494000037],[123.8982406240001,12.868820639000035],[123.89825310200001,12.86880326000005],[123.89828598700001,12.868787619000045],[123.89831629100001,12.868789356000036],[123.89832342200009,12.868785880000075],[123.89834124800007,12.868770239000071],[123.89834659500002,12.868768501000034],[123.89835550700002,12.868766763000053],[123.89837511700011,12.868766763000053],[123.8983840300001,12.868768500000044],[123.89839116100006,12.868771976000062],[123.89840898600005,12.868775451000033],[123.8984339430001,12.86878413900007],[123.89846068300005,12.868791090000059],[123.89846603000001,12.868794566000076],[123.8984856400001,12.868799779000028],[123.89851950900004,12.868813680000073],[123.8985355530001,12.868817156000034],[123.89854981500002,12.868822369000043],[123.89857120600004,12.86883279500006],[123.89858725000011,12.868843222000066],[123.89865320800004,12.868891880000035],[123.89868351300004,12.868907519000061],[123.89871203500002,12.868919683000058],[123.89876373100003,12.868935323000073],[123.89878512200005,12.868944011000053],[123.89880294900001,12.868947486000025],[123.89881899300008,12.86895443800006],[123.89888673200005,12.868975289000048],[123.89891347200012,12.868975289000048],[123.89892416800001,12.868973551000067],[123.8989312970001,12.86897007500005],[123.89894555900003,12.868966599000032],[123.89896873300006,12.868966598000043],[123.89898299400011,12.868968335000034],[123.89901508100002,12.868980499000031],[123.89902934200006,12.869001353000044],[123.89905251800008,12.869029158000046],[123.89906856200002,12.869056963000048],[123.89908460600009,12.869077817000061],[123.89914165100004,12.869133426000076],[123.89915413000006,12.869143853000026],[123.89916839200009,12.869162968000069],[123.89917552300005,12.869182085000034],[123.89918265500012,12.869213365000064],[123.89919156800011,12.869237695000038],[123.89920761300004,12.869272452000075],[123.89922722300003,12.869303732000049],[123.89923257100008,12.869308946000046],[123.89925396400008,12.869340226000077],[123.89927713900011,12.869369769000059],[123.89929140100003,12.869394098000043],[123.89930744600008,12.869434069000022],[123.89931279300004,12.86943754400005],[123.89932705500007,12.86943928200003],[123.89933596800006,12.86943754400005],[123.89934844600009,12.869430592000072],[123.89936092400001,12.869414952000056],[123.89936627100008,12.869401048000043],[123.89936627100008,12.869383670000047],[123.8993573570001,12.869355864000056],[123.8993555720001,12.869333273000052],[123.89936092100004,12.869317631000058],[123.89936805000002,12.869303728000034],[123.89937161400007,12.869288088000076],[123.89937161300008,12.869215098000041],[123.89937339500011,12.869201195000073],[123.89938052500008,12.869173390000071],[123.89938409000001,12.869168176000073],[123.89939300200001,12.869143847000032],[123.89940191400001,12.869126467000058],[123.89940726200007,12.869119516000069],[123.89942687100006,12.869098661000066],[123.89946252100003,12.869067379000057],[123.89951243300004,12.869001340000068],[123.89954273700005,12.868968320000022],[123.89956234400006,12.86894051400003],[123.89958373500008,12.868898806000061],[123.89958908300002,12.868884902000048],[123.89958908200003,12.86884666900005],[123.89959264600009,12.868832767000072],[123.89959799400003,12.868824077000056],[123.89961403700011,12.868806698000071],[123.89961938400006,12.868792795000047],[123.89962116600009,12.868777155000032],[123.89961938400006,12.868761514000028],[123.89961581800003,12.868749349000041],[123.89960333900001,12.868735447000063],[123.89959977300009,12.868728496000074],[123.89958729400007,12.868712855000069],[123.89957481500005,12.868692002000046],[123.89957125000001,12.868676361000041],[123.89957124900002,12.868652032000057],[123.89956946600012,12.868645080000022],[123.89956946600012,12.868634653000072],[123.89956589900009,12.868620750000048],[123.89956233500004,12.868613800000048],[123.89955163900004,12.868601635000061],[123.89954450800008,12.868596421000063],[123.89952846300002,12.86857556800004],[123.89952311600007,12.86856687900007],[123.89951955000004,12.868552977000036],[123.89952133100007,12.868516481000029],[123.89952489600012,12.868492151000055],[123.8995338090001,12.868478248000031],[123.89954093900008,12.868471298000031],[123.89955698200004,12.868462607000026],[123.89956767700005,12.868448704000059],[123.89957480800001,12.868434801000035],[123.89958550300003,12.868401781000046],[123.89958550200004,12.86838266500007],[123.89957837000009,12.868356597000059],[123.89957658800006,12.868332269000064],[123.89957123900001,12.868300987000055],[123.89956054200002,12.868273181000063],[123.89955519400007,12.868266230000074],[123.89954628100008,12.868245376000061],[123.89954271500005,12.868217571000059],[123.89954449700008,12.868201930000055],[123.89955697400001,12.86815153200007],[123.89955697400001,12.868142844000033],[123.89954627700001,12.868127203000029],[123.89953914600005,12.868123728000057],[123.89953558100001,12.868118514000059],[123.89952666700003,12.868111562000024],[123.89951775500003,12.868099398000027],[123.89950884100006,12.868082019000042],[123.89950705800004,12.868073330000072],[123.89950612300004,12.868042798000033],[123.89950968900007,12.868021944000077],[123.89950612200005,12.868006303000072],[123.89949899200008,12.867990663000057],[123.8994900780001,12.867954169000029],[123.89948829500008,12.867936790000044],[123.8994882930001,12.867898558000036],[123.89948116300002,12.867872490000025],[123.89945977000002,12.867825569000047],[123.8994544200001,12.867809929000032],[123.89944016000004,12.867780386000049],[123.89942411600009,12.867761270000074],[123.89939915800005,12.86774215500003],[123.89939381000011,12.867735204000041],[123.89938846100006,12.867719563000037],[123.89937954600009,12.867658739000035],[123.89935993600011,12.867589226000064],[123.89935993500001,12.867568372000051],[123.89936706500009,12.86754230400004],[123.89937419500006,12.867526663000035],[123.89938310800005,12.867512760000068],[123.89939023800002,12.867509286000029],[123.8994062810001,12.867505808000033],[123.89946332500006,12.867505807000043],[123.89948828200011,12.86751623300006],[123.89952571700007,12.867526660000067],[123.89960058500003,12.867533609000077],[123.89965584800007,12.867549247000056],[123.89970397800005,12.867556197000056],[123.89972715200008,12.867557934000047],[123.89975923800012,12.867570099000034],[123.89977350100003,12.867580525000051],[123.89978419600004,12.867589215000066],[123.89980558900004,12.867613543000061],[123.89982163200011,12.867629183000076],[123.89990185300007,12.867723023000053],[123.89993394100009,12.86776646800007],[123.89993750700012,12.867773420000049],[123.89994820300001,12.867785584000046],[123.89999098700002,12.867853358000048],[123.9000088140001,12.867877688000021],[123.90002664100007,12.867896803000065],[123.90003198800002,12.867905493000023],[123.90004268500002,12.867917657000021],[123.9000605120001,12.867943725000032],[123.90007477300003,12.867961102000038],[123.90010686100004,12.868008023000073],[123.9001139930001,12.868014973000072],[123.90011934000006,12.868023662000041],[123.90013003700005,12.868035827000028],[123.90018708200012,12.868096649000051],[123.90019243000006,12.868100125000069],[123.90020847400001,12.868119241000045],[123.90022273600005,12.868131405000042],[123.90023521500007,12.868145307000077],[123.90024947600011,12.868155734000027],[123.90028156400001,12.868183538000039],[123.90033504300004,12.868221769000058],[123.90034752200006,12.868235672000026],[123.9003706960001,12.868254788000058],[123.90039208900009,12.868286068000032],[123.90039743700004,12.868289544000049],[123.90045091600007,12.86829823100004],[123.90046517700011,12.868303444000048],[123.90049904700004,12.868310394000048],[123.90053291700008,12.868313869000076],[123.90060243900007,12.868313866000051],[123.90063096100005,12.868310390000033],[123.90063274300007,12.868308652000053],[123.90064522200009,12.868306914000073],[123.90066839500003,12.868296486000077],[123.90069156900006,12.868280844000026],[123.90072008900006,12.868258253000022],[123.90073613200002,12.868240873000047],[123.90075217500009,12.868216542000027],[123.90075930500007,12.868199164000032],[123.90077000000008,12.868183523000027],[123.90078426000002,12.868152241000075],[123.90078960700009,12.868131387000062],[123.90079317200002,12.868124435000027],[123.9007985180001,12.868096630000025],[123.90080208200004,12.868063611000025],[123.9008074300001,12.868041018000042],[123.90081990800002,12.868021902000066],[123.90083951600002,12.86801147400007],[123.9008466460001,12.868009736000033],[123.90087338600006,12.868009735000044],[123.90088229900005,12.868011472000035],[123.90089834300011,12.868018423000024],[123.90090369000006,12.868023637000022],[123.90091260500003,12.868037539000056],[123.90091438800005,12.868051442000024],[123.90091438900004,12.868072296000037],[123.90092152000011,12.868096626000067],[123.90092865100007,12.868108790000065],[123.90093756400006,12.868117479000034],[123.9009518260001,12.868127906000041],[123.90096430500012,12.868131381000069],[123.90097856500006,12.868131380000023],[123.90100174000008,12.868127904000062],[123.9010533820001,12.868126163000056],[123.90107120800008,12.868126163000056],[123.90109259900009,12.868129637000038],[123.90111220900008,12.868134850000047],[123.9011549920001,12.868141800000046],[123.90116747000002,12.868145275000074],[123.90119064300006,12.868153965000033],[123.90121203600006,12.868167866000022],[123.90123164500005,12.868178292000039],[123.9012566020001,12.868185243000028],[123.90125838500012,12.868186980000075],[123.90127086300004,12.868188718000056],[123.90131186400004,12.868188716000077],[123.9013368200001,12.868181764000042],[123.90134395000007,12.868176550000044],[123.90136890700012,12.868169598000065],[123.90144377600006,12.868164382000032],[123.90147229800004,12.868157430000053],[123.90148121100003,12.868152216000055],[123.9014865580001,12.868147002000057],[123.90148834000001,12.868126148000044],[123.9014847740001,12.868105294000031],[123.90149368600009,12.868082701000048],[123.90150972900005,12.868068798000024],[123.9015222060001,12.868063584000026],[123.90154359900009,12.868060109000055],[123.90158103400006,12.86806010600003],[123.90159886000004,12.868056630000069],[123.90162381500011,12.868046202000073],[123.90163985800007,12.868032299000049],[123.90166562800005,12.868025346000024],[123.90172088700001,12.868014917000039],[123.90174584400006,12.868001013000026],[123.90176010400012,12.867990586000076],[123.90179753700011,12.867973206000045],[123.9018082340001,12.867962779000038],[123.90182249400004,12.867954088000033],[123.90183140700003,12.867950613000062],[123.90184566700009,12.867947136000055],[123.90186171000005,12.867945398000074],[123.9018777550001,12.867947135000065],[123.90190984200001,12.867961037000043],[123.90192232000004,12.867964512000071],[123.9019383640001,12.867966249000062],[123.90196153800002,12.867962772000055],[123.90198471100007,12.86795408200004],[123.90200610200009,12.867943654000044],[123.90202927600001,12.867936702000065],[123.90205601500008,12.867933225000058],[123.90208988400002,12.867934963000039],[123.90210236300004,12.86793669900004],[123.90210949200002,12.867940175000058],[123.9021487120001,12.867967978000024],[123.90218080000011,12.867995783000026],[123.9022004090001,12.86801837400003],[123.90220754100005,12.868023587000039],[123.90222536700003,12.868047916000023],[123.90223249900009,12.868061818000058],[123.90223784600005,12.868077459000062],[123.90224498100008,12.868160875000058],[123.90225211200004,12.86819041900003],[123.90226815800008,12.868216485000062],[123.90227350500004,12.86822169800007],[123.9022806370001,12.868233863000057],[123.9022895490001,12.868244291000053],[123.90230737800005,12.868270357000029],[123.9023234230001,12.868301637000059],[123.90234481500011,12.868334655000069],[123.90236442500009,12.868352033000065],[123.90237868700001,12.868362460000071],[123.90239473000008,12.868371148000051],[123.90242681700011,12.868379836000031],[123.90244107900003,12.868379836000031],[123.90248386100006,12.868371145000026],[123.90254090500002,12.868371144000037],[123.90259438400005,12.868379830000038],[123.90262469000004,12.868379829000048],[123.90263716900006,12.868383304000076],[123.90265677800005,12.868391993000046],[123.90266747400005,12.868398943000045],[123.90267817000006,12.868409370000052],[123.90268886700005,12.868426748000047],[123.90269065000007,12.868431962000045],[123.90269065100006,12.868468457000063],[123.90269243500006,12.868478884000069],[123.90271764000011,12.868510961000027],[123.90273190200003,12.868521388000033],[123.9027586410001,12.868535289000022],[123.90277290300003,12.86854050200003],[123.90281212000002,12.868550928000047],[123.90287807700008,12.868575256000042],[123.90292086200009,12.868601321000028],[123.90298503700001,12.868651715000055],[123.90301177800006,12.868667354000024],[123.90301712600001,12.868672568000022],[123.90305456200008,12.868695159000026],[123.90305991000002,12.868700371000045],[123.90308130200003,12.868712535000043],[123.90309912900011,12.868728175000058],[123.90310626000007,12.868731650000029],[123.90311338900005,12.868740340000045],[123.90311695600008,12.868742077000036],[123.90314369600003,12.868768143000068],[123.9031918280001,12.868825490000063],[123.90321857000004,12.868851557000028],[123.90325957200002,12.868888051000056],[123.90328809400012,12.868905427000072],[123.9032970080001,12.868907164000063],[123.90330235600004,12.86891064100007],[123.90332731300009,12.868919328000061],[123.90334157400002,12.868922803000032],[123.9033576170001,12.868924541000069],[123.90339505200006,12.868924538000044],[123.90340931300011,12.868922800000064],[123.90344140000002,12.868914109000059],[123.90347526900007,12.868894992000037],[123.90351626800009,12.868865447000076],[123.90353052700004,12.868848068000034],[123.90355548200012,12.868797670000049],[123.90356439400011,12.868783766000035],[123.90358934800008,12.868752483000037],[123.90360361000012,12.868743794000068],[123.90360895800006,12.868738581000059],[123.90361608800004,12.868735105000042],[123.90363034900008,12.868731628000035],[123.90364461000001,12.868731627000045],[123.90366778400005,12.868740315000025],[123.90368026300007,12.868750742000032],[123.90370343900008,12.86878723600006],[123.90371057000004,12.86879592400004],[123.90375513900005,12.868867175000048],[123.90377296700001,12.86890193000005],[123.90377475000003,12.868910620000065],[123.90377831600006,12.868917571000054],[123.90378366500011,12.868938425000067],[123.90378366600009,12.868947114000036],[123.90378723100002,12.868961017000061],[123.90378723300012,12.868981871000074],[123.90380088400002,12.869068249000065],[123.9038008870001,12.869109956000045],[123.90380267000012,12.86912559700005],[123.90380980300006,12.869155139000043],[123.90381336900009,12.869177731000036],[123.90381337000008,12.86919163400006],[123.90381515200011,12.869195109000032],[123.90381515400009,12.869233343000076],[123.90381159000003,12.86925767200006],[123.9038098100001,12.869304593000038],[123.90380624600004,12.869342826000036],[123.9037937710001,12.869412340000054],[123.90378842500002,12.869436670000027],[123.90378486000009,12.869445360000043],[123.90377594900008,12.869488806000049],[123.90377594900008,12.869497495000076],[123.90377060200001,12.86952356300003],[123.90376169400008,12.869608717000062],[123.90376169400008,12.869620882000049],[123.90375991200006,12.869624358000067],[123.90375456700008,12.869674756000052],[123.90375635300006,12.869770338000023],[123.90375813700007,12.869772075000071],[123.90375813700007,12.869784240000058],[123.90376348600012,12.869806831000062],[123.90376883600004,12.869848539000031],[123.90377953300003,12.869878082000071],[123.90379379500007,12.869895460000066],[123.90381697000009,12.869912837000072],[123.90382944900011,12.869926740000039],[123.90383836300009,12.869940642000074],[123.90384192800002,12.869949331000043],[123.90385262500001,12.869963233000021],[123.90386510500002,12.869984088000024],[123.90388471500012,12.870008416000076],[123.90388828000005,12.870015367000065],[123.90389184700007,12.870029270000032],[123.90389184800006,12.870060552000041],[123.90388828400012,12.870079668000074],[123.90388650200009,12.870102259000078],[123.90388293800004,12.870116162000045],[123.90388293800004,12.87012485200006],[123.90388293900003,12.870156133000023],[123.90388472300003,12.870170036000047],[123.90389185400011,12.870197841000049],[123.90389185700008,12.870227384000032],[123.90388294500008,12.870285571000068],[123.90388294700006,12.87031685200003],[123.9038776000001,12.870342920000041],[123.90387403600005,12.870374201000061],[123.90387403800003,12.870402007000052],[123.90387760400006,12.87041590900003],[123.90388473400003,12.870429812000054],[123.90388651800004,12.87044719000005],[123.90386869300005,12.87047325900005],[123.90386691200001,12.870492375000026],[123.90387047700005,12.870513229000039],[123.90387047800004,12.870523657000035],[123.90386869600002,12.870530607000035],[123.90386513100009,12.87053755900007],[123.90385265300006,12.870547986000076],[123.90384552300009,12.870551462000037],[123.90383304500006,12.870553201000064],[123.90381700100011,12.870553201000064],[123.90378847900001,12.870549727000025],[123.90374391300008,12.870556681000039],[123.90371182700005,12.870570585000053],[123.90368865300002,12.870586226000057],[123.90367439300007,12.870605343000022],[123.90366369900005,12.870626198000025],[123.90364587400006,12.870671382000069],[123.90364409200004,12.870680071000038],[123.90362626700005,12.870718305000025],[123.90362448600001,12.870726994000051],[123.90361379100011,12.870747849000054],[123.90360487900011,12.870777392000036],[123.90360131600005,12.870822576000023],[123.90360488200008,12.870841692000056],[123.90361914500011,12.870874711000056],[123.90362449400004,12.870895565000069],[123.90362449500003,12.870914681000045],[123.90362093100009,12.870944224000027],[123.90362093200008,12.870970292000038],[123.90361914900006,12.870977243000027],[123.90362093300007,12.870984195000062],[123.90362093400006,12.87099809800003],[123.9036244990001,12.871018952000043],[123.90363163200004,12.871041543000047],[123.90364589300009,12.871069348000049],[123.90366193900002,12.871091939000053],[123.90366728700008,12.871119745000044],[123.90366372300002,12.871144075000075],[123.90364946500006,12.871178832000055],[123.90363877000004,12.871190998000031],[123.90362985700006,12.871204901000056],[123.90361504800001,12.87123418300007],[123.90360257200007,12.871253299000045],[123.90359722400001,12.871260251000024],[123.90359187600006,12.871263728000031],[123.90356870300002,12.871288058000061],[123.90355979000003,12.871303699000066],[123.90355266100005,12.871312388000035],[123.90353483500007,12.871328030000029],[123.90349918200002,12.871350624000058],[123.90345640100008,12.871368004000033],[123.90340114000003,12.871392336000042],[123.90339222800003,12.87139755000004],[123.90337618400008,12.871411453000064],[123.90333696900007,12.87145663900003],[123.90332092600011,12.87148792000005],[123.90331736200005,12.871503561000054],[123.90331379700001,12.871510513000032],[123.90331023200008,12.871524416000057],[123.90331023300007,12.871533105000026],[123.90330488600011,12.871552221000059],[123.90330488600011,12.871560910000028],[123.90329597400012,12.871600882000052],[123.90329063000001,12.871661706000054],[123.90328528300006,12.871682560000067],[123.90327102300012,12.871710366000059],[123.9032603280001,12.871727745000044],[123.90324250200001,12.871746862000066],[123.90323002400009,12.871757289000072],[123.90322467700003,12.87176424200004],[123.90319793800006,12.871786834000034],[123.90318724300005,12.871799000000067],[123.90318367900011,12.871805951000056],[123.9031622870001,12.871830282000076],[123.90315515800012,12.871844185000043],[123.90313321200006,12.87187689700005],[123.90311360400005,12.871899490000033],[123.90308686800006,12.871942937000028],[123.90302447900001,12.872024618000069],[123.90300487200011,12.872061114000076],[123.90298348200008,12.872114988000021],[123.90298170000005,12.872125415000028],[123.90297457100007,12.872142794000069],[123.90295853000009,12.872219259000076],[123.90295674900005,12.872248804000037],[123.90295318500011,12.872269657000061],[123.90295140300009,12.872290511000074],[123.90295140500007,12.87234438400003],[123.90295318900007,12.872354811000037],[123.90295318900007,12.872373927000069],[123.90295853900011,12.872405208000032],[123.90296745400008,12.87244344000004],[123.90296923800008,12.872469507000062],[123.90296745500007,12.872481672000049],[123.90295854300007,12.872525119000045],[123.90295141400009,12.87254249700004],[123.90294784900004,12.872558138000045],[123.90293715500002,12.872587682000074],[123.90292289600006,12.872618964000026],[123.90291041800003,12.872636342000021],[123.9028961570001,12.872650247000024],[123.90288902700001,12.872657197000024],[123.90287298400006,12.872667625000076],[123.90284624500009,12.872676315000035],[123.90281950500002,12.872679792000042],[123.90277137400005,12.872679795000067],[123.90276246100007,12.87267805700003],[123.90274641700012,12.872678058000076],[123.90271076400006,12.872672846000057],[123.90268402300001,12.872671109000066],[123.90265371900011,12.872665897000047],[123.90262697900005,12.872664160000056],[123.90255923900008,12.872653736000075],[123.90252002000011,12.872650262000036],[123.90247723700008,12.872650264000072],[123.9024683240001,12.872648526000035],[123.90245049700002,12.872648527000024],[123.90235245100007,12.872636366000052],[123.90232214600007,12.872634629000061],[123.90229005700007,12.872627679000061],[123.90228114500007,12.872627680000051],[123.90224370900012,12.872615517000042],[123.90221340400001,12.872608567000043],[123.90218844700007,12.872608567000043],[123.90218131600011,12.87261030600007],[123.9021403160001,12.872625949000053],[123.90212605400006,12.872632900000042],[123.90209931600009,12.872650279000027],[123.90206901200008,12.872676348000027],[123.90204940300009,12.872702417000028],[123.90204227300001,12.872709368000073],[123.90201910000008,12.872738913000035],[123.90201018700009,12.87274760300005],[123.90199949200007,12.872763245000044],[123.90196384000001,12.872801478000042],[123.90193888400006,12.872831022000071],[123.9018925360001,12.872872733000065],[123.90182479600003,12.872904017000053],[123.90179627400005,12.872919659000047],[123.90178201200001,12.872931824000034],[123.90177310000001,12.87294225200003],[123.90175632400008,12.872971417000031],[123.90171888900011,12.872985321000044],[123.90168323700004,12.873004439000056],[123.9016778890001,12.873009652000064],[123.90167075900001,12.873013128000025],[123.90166006300001,12.873023556000021],[123.90165293300004,12.873027032000039],[123.90163332400004,12.873044411000024],[123.90160658600007,12.87307916900005],[123.90159945500011,12.873086120000039],[123.9015798480001,12.873115665000057],[123.90157271700002,12.873122616000046],[123.90153528300004,12.873186917000055],[123.90152280700011,12.873214723000046],[123.90150676400003,12.873244268000064],[123.90149963400006,12.87326164600006],[123.90149785200003,12.873270335000029],[123.90148359200009,12.873303354000029],[123.90147646200012,12.87332768400006],[123.90145507300008,12.873376346000043],[123.90143903000001,12.873398938000037],[123.9014176390001,12.873423268000067],[123.90141407400006,12.873430220000046],[123.90138733600008,12.873464977000026],[123.90137307500004,12.873489307000057],[123.90134633800005,12.873527541000044],[123.90131781700006,12.873562298000024],[123.9013106860001,12.873567512000022],[123.90130712100006,12.873574464000058],[123.90128573000004,12.873600532000069],[123.90128216500011,12.873607484000047],[123.90124829500007,12.873638766000056],[123.90123047000009,12.873657883000021],[123.90120016600008,12.873685689000069],[123.90115025300008,12.873715235000077],[123.90114490600001,12.873720448000029],[123.90113064500008,12.873729138000044],[123.90110925400006,12.873755207000045],[123.90109142800009,12.873781275000056],[123.90105756000003,12.873819508000054],[123.90102547300012,12.873850791000052],[123.90100229800009,12.873866432000057],[123.90098625500002,12.873873384000035],[123.90094525400002,12.873885551000058],[123.90092564600002,12.873887289000038],[123.90091673200004,12.873887290000027],[123.90088464400003,12.873876864000067],[123.90085612100006,12.873869913000021],[123.9008400780001,12.87386817600003],[123.90080442400006,12.873866440000029],[123.90077946700001,12.873871654000027],[123.9007580760001,12.873882082000023],[123.9007473800001,12.873894247000067],[123.90073490300006,12.873925529000076],[123.90073490300006,12.873941170000023],[123.90073133800001,12.873956810000038],[123.90072064200001,12.87397592700006],[123.90070994700011,12.873984617000076],[123.90069048400005,12.873996740000052],[123.90068513500012,12.873998478000033],[123.90064235200009,12.87399326600007],[123.90062096100007,12.873996742000031],[123.90060848200005,12.874001956000029],[123.90059065500009,12.874015860000043],[123.9005639180001,12.874048879000043],[123.90056035300006,12.874055831000021],[123.90054965800005,12.874083637000069],[123.90054609300012,12.874101015000065],[123.90054252800007,12.874107968000033],[123.90053896200004,12.874123608000048],[123.90053005000004,12.874139249000052],[123.90050687700011,12.874161841000046],[123.90049618100011,12.874167055000044],[123.9004747890001,12.874172269000042],[123.9004640930001,12.874172270000031],[123.90044626700001,12.874167057000022],[123.9003820910001,12.874153157000023],[123.90034465500003,12.87415315800007],[123.90031969800009,12.874160110000048],[123.90030722000006,12.874168799000074],[123.90028761100007,12.874187916000039],[123.90028404600002,12.874194868000075],[123.90027691600005,12.874200081000026],[123.90026443800002,12.874215722000031],[123.90025374100003,12.874226150000027],[123.90023591700003,12.874252218000038],[123.90022878700006,12.874267859000042],[123.90022700400004,12.874276548000068],[123.9002127440001,12.874314781000066],[123.90020561500012,12.874349538000047],[123.90019848700001,12.874412100000029],[123.90020205500002,12.874495516000025],[123.90021275300012,12.87456850500007],[123.90021275300012,12.87457719400004],[123.90022345000011,12.874629329000072],[123.90022345000011,12.874636281000051],[123.90022880000004,12.874653658000057],[123.90022880000004,12.874662348000072],[123.90023236500008,12.874669299000061],[123.90025376000006,12.874759667000035],[123.90026624100005,12.874804849000043],[123.90027158900011,12.874837868000043],[123.90027159100009,12.87485003300003],[123.90027337300012,12.874853509000047],[123.90028050600006,12.874905645000069],[123.90026981100004,12.874933449000025],[123.90025733200002,12.874957780000045],[123.90025020300004,12.874978634000058],[123.90024842200012,12.875009916000067],[123.90025020400003,12.875022080000065],[123.9002573360001,12.875042934000021],[123.90026090200001,12.875060312000073],[123.90026090200001,12.875069002000032],[123.90025377300003,12.875096807000034],[123.90024842500009,12.87510549700005],[123.90024842500009,12.875108973000067],[123.90024129500011,12.875122876000034],[123.90023951100011,12.87512982800007],[123.90020814200011,12.87518773000005],[123.90017962100001,12.875231176000057],[123.90016357800005,12.875250294000068],[123.90016001300012,12.875258982000048],[123.90014931700011,12.875274623000053],[123.90014397000004,12.875286788000039],[123.90013683900008,12.875314594000031],[123.90013505800005,12.875338924000062],[123.90013684200005,12.875366729000064],[123.90014932200006,12.87541017500007],[123.90016893300003,12.875457096000048],[123.90017606300012,12.87548490100005],[123.9001760650001,12.875504017000026],[123.90016180500004,12.875531824000063],[123.90014754400011,12.875554415000067],[123.90014041300003,12.875570057000061],[123.90014041300003,12.875573532000033],[123.90013328400005,12.875585698000066],[123.90013150200002,12.875594386000046],[123.90012437000007,12.87561002700005],[123.90011546000005,12.875649998000029],[123.90011546100004,12.875698657000044],[123.90010654800005,12.875722987000074],[123.90010654800005,12.875726463000035],[123.90008872300007,12.875759483000024],[123.90006911500006,12.875783812000066],[123.90004772400005,12.875806406000038],[123.9000120720001,12.875837688000047],[123.89997463600002,12.875856805000069],[123.8999603740001,12.875862020000056],[123.89993898300008,12.875865495000028],[123.89989441600005,12.875879399000041],[123.89987302600002,12.875889828000027],[123.89984093900011,12.875919371000066],[123.89980885300008,12.875976721000029],[123.89980885300008,12.875980197000047],[123.89976785300007,12.876046236000036],[123.89974468000003,12.876075780000065],[123.89971794100006,12.876103587000046],[123.89970011500009,12.876126179000039],[123.89969298400001,12.876138344000026],[123.89969298400001,12.876141819000054],[123.89968585400004,12.876155722000021],[123.89967872500006,12.876190480000048],[123.89967872600005,12.876223499000048],[123.89968050900006,12.876232188000074],[123.89968407400011,12.876244353000061],[123.89969120600006,12.876259993000076],[123.89970190200006,12.876277371000072],[123.89970546800009,12.876286060000041],[123.89972329500006,12.876303438000036],[123.89975181800003,12.87632429100006],[123.89976429700005,12.876336456000047],[123.8997803420001,12.876362523000068],[123.89979817000005,12.876383377000025],[123.89981777900005,12.87639901700004],[123.8998403280001,12.876420751000069],[123.89984389300002,12.876427702000058],[123.89985993800008,12.876445080000053],[123.89988133000008,12.876462458000049],[123.89988846200004,12.876465933000077],[123.89991163700006,12.876483311000072],[123.89992946400002,12.876500689000068],[123.8999472910001,12.876519804000054],[123.89995085700002,12.876526756000032],[123.89998472900004,12.876566725000032],[123.90001681800004,12.876591054000073],[123.90003642700003,12.876608431000022],[123.90006316900008,12.876644925000051],[123.90008456200007,12.876681419000022],[123.90009169300004,12.876698797000074],[123.90009704200008,12.876705748000063],[123.90010239000003,12.87671965100003],[123.90011130400001,12.876735291000045],[123.90013448000002,12.876775261000034],[123.90016657000001,12.87682565800003],[123.90018261500006,12.876846511000053],[123.90018974600002,12.876853462000042],[123.90019509400008,12.876862151000068],[123.90022005300011,12.876888218000033],[123.90022540100006,12.876896907000059],[123.90028066500008,12.876954254000054],[123.90031097200006,12.876990747000036],[123.90034128000002,12.877023766000036],[123.90034484500006,12.877030717000025],[123.9003698030001,12.877060259000075],[123.90037337000001,12.877067210000064],[123.90037871800007,12.877072424000062],[123.90038941500006,12.877088064000077],[123.90040189400008,12.877110655000024],[123.90040367600011,12.877117607000059],[123.90041437400009,12.877140198000063],[123.90041437400009,12.877143674000024],[123.90042507200008,12.877171479000026],[123.90043042000002,12.877190595000059],[123.90043398700004,12.877221877000068],[123.90043220500002,12.87725142000005],[123.90042864100008,12.877277488000061],[123.90042686000004,12.877313983000022],[123.90042151300008,12.877343526000061],[123.90041794900003,12.877378283000041],[123.90041795400009,12.877513836000048],[123.90042152000001,12.877534690000061],[123.90042152100011,12.877550330000076],[123.90043221600001,12.877611375000072],[123.90043934900007,12.877628753000067],[123.90044113100009,12.877637442000037],[123.90045182900008,12.877653082000052],[123.90046252400009,12.877665246000049],[123.90048748300001,12.877686100000062],[123.9004963970001,12.877691313000071],[123.90051600800007,12.877712166000038],[123.90052313900003,12.877726070000051],[123.90052492200005,12.877736496000068],[123.90052492200005,12.877753874000064],[123.90051422700003,12.877788632000033],[123.9005106620001,12.877807748000066],[123.90050888100006,12.877842505000046],[123.90051066600006,12.877882475000035],[123.90050175400006,12.877929397000059],[123.90049640600012,12.877941562000046],[123.90049462400009,12.877950253000051],[123.90048036200005,12.877981533000025],[123.90047145000005,12.877997174000029],[123.90046075500004,12.878012815000034],[123.90042510300009,12.87805626200003],[123.90041975400004,12.878066691000072],[123.90041440700008,12.878071903000034],[123.90040192900005,12.878094496000074],[123.90039301600007,12.87811535000003],[123.90039123300005,12.878124039000056],[123.90039123500003,12.878141418000041],[123.90040014800002,12.878169223000043],[123.90040906200011,12.878186602000028],[123.90042332600001,12.878207455000052],[123.90042510900003,12.878216144000021],[123.90042867400007,12.878223095000067],[123.9004322400001,12.878238736000071],[123.90043224100009,12.87824742500004],[123.90043580600002,12.878266541000073],[123.90043580600002,12.878282182000021],[123.90043759000002,12.878289133000067],[123.90043580700001,12.878308250000032],[123.90042511400009,12.878351696000038],[123.90042333200006,12.878365599000063],[123.90042154900004,12.878367337000043],[123.90041798400011,12.878386453000076],[123.90041441900007,12.878393405000054],[123.9003983770001,12.878443803000039],[123.90039124800012,12.878482036000037],[123.90039124900011,12.878501152000069],[123.90039303200001,12.878508104000048],[123.90039303200001,12.878523744000063],[123.90039481400004,12.878525482000043],[123.90039481400004,12.87853764700003],[123.90040209200004,12.878559580000058],[123.90039852700011,12.878582172000051],[123.9003985280001,12.878596076000065],[123.90040031100011,12.878606502000025],[123.90040387700003,12.878623880000077],[123.90041814000006,12.878663850000066],[123.9004448820001,12.878717722000033],[123.90045023000005,12.878724674000068],[123.90045736100001,12.878738576000046],[123.90046984000003,12.878754216000061],[123.90048410300005,12.878771594000057],[123.90050193000002,12.878787235000061],[123.90053045400009,12.878809826000065],[123.90057858700004,12.878841105000049],[123.90062137300004,12.878877598000031],[123.90066594300004,12.878922780000039],[123.90068198900008,12.87895058600003],[123.90069090300005,12.878974915000072],[123.90069446900009,12.879002720000074],[123.90069447000008,12.879040953000072],[123.90069625400008,12.879049642000041],[123.90069625600006,12.879126107000047],[123.90069982400007,12.879160864000028],[123.90070517200002,12.87918171900003],[123.90071230400008,12.879199096000036],[123.90072478500008,12.879237328000045],[123.90072835100011,12.879252969000049],[123.90073191500005,12.879259920000038],[123.90073191500005,12.879263396000056],[123.90074083000002,12.879280774000051],[123.90074618000006,12.879310317000034],[123.90074618000006,12.87932074400004],[123.90074796300007,12.879327697000065],[123.90074796400006,12.879350288000069],[123.9007533140001,12.879381569000032],[123.90075866200004,12.879397210000036],[123.90077470800009,12.879421539000077],[123.90078897100011,12.879449344000022],[123.9007978840001,12.879471936000073],[123.90080145100001,12.879475412000033],[123.90081741500001,12.879476421000049],[123.90083387100003,12.879491204000033],[123.90084020300003,12.879501064000067],[123.90085161700006,12.879536813000072],[123.90086680100001,12.879542966000031],[123.90087186400001,12.879547896000076],[123.90087693300006,12.879558988000042],[123.90088074100004,12.879575015000057],[123.90088075100005,12.879586112000027],[123.90087696100011,12.879592282000033],[123.90087570500009,12.879603379000059],[123.90087697900003,12.879613242000062],[123.90089471300007,12.879644056000075],[123.90091244100006,12.879667469000026],[123.90091750800002,12.87967733000005],[123.90091751200009,12.879682261000028],[123.90092004600001,12.879688424000051],[123.90092384600007,12.879693355000029],[123.90092511900002,12.879703217000042],[123.9009289170001,12.879708147000031],[123.90093272100012,12.879719242000021],[123.90094032200011,12.879732798000077],[123.90094918500006,12.879743889000054],[123.90095805400006,12.879761145000032],[123.90097198100011,12.879778396000063],[123.9009770450001,12.879782092000028],[123.90099602500004,12.879790707000041],[123.90100614500011,12.879791932000046],[123.90103777500008,12.879801772000064],[123.90105675000007,12.87980299000003],[123.90106054300009,12.879801754000027],[123.90106839500004,12.879782483000042],[123.90108349600007,12.879761837000046],[123.90109617900009,12.879740604000062],[123.90110403300002,12.879732344000047],[123.90111431300011,12.879731158000027],[123.90111673400008,12.879732924000052],[123.90111734800007,12.879744124000069],[123.90113126600011,12.879754135000042],[123.90116271300008,12.879754110000022],[123.90116452500001,12.879752930000052],[123.90116754200005,12.879743495000071],[123.90114817600011,12.87972759400003],[123.90114755700006,12.879709907000063],[123.90115420500001,12.879704596000067],[123.90116508900007,12.879702819000045],[123.90117597000005,12.879698094000048],[123.90118805700001,12.879688062000071],[123.90122317900011,12.879667081000036],[123.90123020100009,12.879667076000032],[123.90124072600008,12.87965508800005],[123.9012459810001,12.879641390000074],[123.9012477230001,12.879625985000075],[123.90125123000007,12.879619136000031],[123.90127052800005,12.879602005000038],[123.90130387800002,12.879591710000057],[123.90134601500006,12.879591676000075],[123.90135304000012,12.87959509500007],[123.90136710200011,12.879613909000057],[123.9013706180001,12.87962075300004],[123.90137062500003,12.879627599000059],[123.90138117100003,12.879641283000069],[123.90138644100011,12.879644702000064],[123.90140224900006,12.879653247000022],[123.90140927400012,12.879654954000046],[123.90144614300004,12.879654923000032],[123.90146369200011,12.879644640000038],[123.90149000700001,12.879620658000022],[123.90151808300004,12.879601809000064],[123.90154615400002,12.879577825000069],[123.90155843700006,12.879570969000042],[123.90156545400009,12.879562406000048],[123.90157071900001,12.879560690000062],[123.90158299900008,12.879548700000043],[123.90159001800009,12.879543559000069],[123.90160581400005,12.879536700000074],[123.90170529700003,12.879524600000025],[123.9017140740001,12.879519463000065],[123.90173689700009,12.879512609000074],[123.90174918500009,12.879510894000077],[123.90178605800008,12.879512594000062],[123.90180537200001,12.879517723000049],[123.90182995800001,12.879529697000066],[123.90183698200008,12.879534829000022],[123.90184927600001,12.879546807000054],[123.90185981500008,12.879560496000067],[123.90186859900007,12.879575899000031],[123.90187387000003,12.879587878000052],[123.90187738900011,12.879608416000053],[123.90189320600007,12.879658047000021],[123.90190725800005,12.879680293000035],[123.90193184800012,12.879704248000053],[123.90195994700002,12.879726490000053],[123.90196697100009,12.879729911000027],[123.90201263400002,12.87976926500005],[123.90203370800009,12.879786374000048],[123.90204248800001,12.87979150700005],[123.90206707700008,12.87981374900005],[123.90208288500003,12.879830860000027],[123.90208815500011,12.879839416000038],[123.90212503500004,12.879868502000022],[123.90213030300004,12.879870213000061],[123.90215313500005,12.879890745000068],[123.90216542900009,12.879904434000025],[123.90219353600003,12.879947215000072],[123.9022128580001,12.87997288400004],[123.9022444740001,12.880008817000032],[123.9022655550001,12.880044754000039],[123.90229014500005,12.880073844000037],[123.90230595200001,12.880089243000043],[123.90232702700007,12.880104642000049],[123.90235337100012,12.880128596000077],[123.90236918200003,12.880155978000062],[123.90237094100007,12.880164535000063],[123.90236919000006,12.880181651000044],[123.90236392600002,12.880190210000023],[123.90234462600006,12.880233006000026],[123.90230776800001,12.880275807000032],[123.90229723800007,12.880291215000057],[123.90229198100008,12.880322026000044],[123.90228320900007,12.880342567000071],[123.90225688100008,12.880371672000024],[123.90223231000004,12.880402488000072],[123.90220949200011,12.880423034000046],[123.90218491900009,12.880448716000046],[123.90216385500003,12.880464127000039],[123.90214805800008,12.880481247000034],[123.9021463040001,12.880489806000071],[123.90214631000003,12.880505210000024],[123.90214982700002,12.880522325000072],[123.90215685300006,12.880534304000037],[123.90216388200008,12.880555509000033],[123.90215862000002,12.880570915000021],[123.90215335500011,12.880577763000076],[123.90215160100001,12.880584611000074],[123.90215160500009,12.880596591000028],[123.9021480990001,12.880618843000036],[123.90214985900002,12.880629113000055],[123.90214459400011,12.880635960000063],[123.90213581700004,12.880639386000041],[123.90211825900008,12.880639391000045],[123.90209718600011,12.880627417000028],[123.90208840600008,12.880625707000036],[123.90208138100002,12.880622286000062],[123.90206557900001,12.880624002000047],[123.90204100400001,12.880637703000048],[123.90198833900001,12.880663392000031],[123.90198307300011,12.880668529000047],[123.90194620900002,12.880690791000063],[123.90189354900008,12.880735308000055],[123.90188301700005,12.880742158000032],[123.90186546100006,12.880747298000074],[123.90182156900005,12.880755869000041],[123.90181279000001,12.880755872000066],[123.90178820800008,12.880750744000068],[123.90175484400004,12.880738773000076],[123.90172674600001,12.880723377000038],[123.90171094300001,12.880716537000069],[123.90168460100006,12.880699428000071],[123.90167055100005,12.880692586000066],[123.90166177000003,12.880685742000026],[123.90161787000011,12.88066350500003],[123.90158274800001,12.880642977000036],[123.90157045400008,12.880630999000061],[123.90155991100005,12.880608751000068],[123.9015581540001,12.880600194000067],[123.90154936800002,12.880577947000063],[123.90154058500002,12.880564256000071],[123.90152126500004,12.880543723000073],[123.90145804200006,12.880500952000034],[123.90144750600007,12.880492397000069],[123.90142467300007,12.880466730000023],[123.90139833000001,12.880446200000051],[123.90136145100007,12.880422248000059],[123.90130173000011,12.880346956000039],[123.90129646000003,12.880336688000057],[123.9012753830001,12.88030930900004],[123.90126484200005,12.880288773000075],[123.90125079100005,12.880275085000051],[123.90123498600008,12.880266531000075],[123.9012174290001,12.880266537000068],[123.90120689500009,12.880269963000046],[123.90118406900001,12.880269970000029],[123.90117528900009,12.880266549000055],[123.90115597300007,12.880254574000048],[123.90113489500004,12.880230619000031],[123.90112435500009,12.880213505000029],[123.90111732900004,12.880198104000044],[123.90111030000003,12.880180989000053],[123.90110853900001,12.880165585000043],[123.90110853200008,12.880141623000043],[123.90110501400011,12.880122796000023],[123.9011015000001,12.880114239000022],[123.90109096200001,12.880103973000075],[123.90105760000006,12.880098848000046],[123.9009908810001,12.880097156000033],[123.90097683600004,12.880098872000076],[123.90095049800004,12.880098880000048],[123.90090835900003,12.880093758000044],[123.90087148600003,12.880086922000032],[123.90085041400005,12.880080082000063],[123.90084339100008,12.880080085000031],[123.9007907140001,12.880066407000072],[123.90074505500002,12.880044170000076],[123.90073100800009,12.880035616000043],[123.90069588800009,12.880021934000069],[123.90069237500006,12.88001851100006],[123.90062915700003,12.879987722000067],[123.90061019900008,12.879971198000021],[123.90059263700005,12.879959222000025],[123.90057507800009,12.879950669000038],[123.90055400300002,12.87993698400004],[123.90053293100004,12.879926721000061],[123.90051888400001,12.879921589000048],[123.9005101030001,12.879916457000036],[123.90044162000004,12.879890803000023],[123.90035206800007,12.879863445000069],[123.90030816800004,12.879848053000046],[123.90027656200004,12.879839505000064],[123.90022036900007,12.879815559000065],[123.90020105300005,12.879803584000058],[123.90017295700011,12.879789899000059],[123.90011676100005,12.879753973000049],[123.90004125000007,12.879711205000035],[123.89999559300009,12.879688969000028],[123.89990603700005,12.879653051000048],[123.89986038200004,12.879632526000023],[123.89982701700001,12.87961542000005],[123.89978487400003,12.879598316000056],[123.89972341300006,12.879569237000055],[123.89970936500004,12.879564108000068],[123.89967951200003,12.87954699900007],[123.89959873400005,12.879507657000033],[123.89951971500011,12.879475160000027],[123.89951093600007,12.879473451000024],[123.89946176900003,12.879456349000066],[123.89943367400008,12.879449511000075],[123.89939504400002,12.879437542000062],[123.89935817000003,12.879428994000023],[123.89931953900009,12.879417024000077],[123.89926861900005,12.87940676900007],[123.89922999100008,12.879403357000058],[123.89916151200009,12.879391396000074],[123.89912288400001,12.879389695000043],[123.89911410400009,12.87938798600004],[123.89904387400009,12.879388007000045],[123.89903158300001,12.879389722000042],[123.89900875900003,12.879389728000035],[123.89895082100008,12.879398303000073],[123.89890166000009,12.879401741000038],[123.89888234600005,12.879405170000041],[123.89882440600002,12.879405187000032],[123.89879539000003,12.879398350000031],[123.89878134300011,12.879398354000045],[123.89874271400004,12.879389807000052],[123.8986970630001,12.879386397000076],[123.89863034400003,12.879386417000035],[123.89851797200004,12.879376180000065],[123.89845827600004,12.879376197000056],[123.8984494980001,12.879377911000063],[123.8984231610001,12.879377919000035],[123.89840033700011,12.879381349000028],[123.89833362100001,12.879393349000054],[123.8982774430001,12.879408770000055],[123.89818966300004,12.879439605000073],[123.89812997400008,12.879458449000026],[123.89804395200008,12.879492705000075],[123.89802464000002,12.879497846000049],[123.89801761800004,12.879501271000038],[123.89796494900008,12.879514979000021],[123.89791403700008,12.879533821000052],[123.89789297000004,12.879538961000037],[123.89788594800007,12.879542387000072],[123.89784381300001,12.879552668000031],[123.89779465400011,12.879561241000033],[123.89774725200004,12.879573235000066],[123.89768756400008,12.879598926000028],[123.89764718800006,12.879622900000072],[123.89762963300007,12.879629751000039],[123.89759978500001,12.879633184000056],[123.89756466900008,12.879629770000065],[123.89754710900002,12.87962635100007],[123.89748565200011,12.879607541000041],[123.89746282600004,12.879604126000061],[123.89741366400006,12.879604139000037],[123.89738732900003,12.879607569000029],[123.89735397200002,12.879616137000028],[123.89732413900003,12.879633262000027],[123.8973048260001,12.879634980000048],[123.89727673400012,12.879634987000031],[123.89726268700008,12.879633279000075],[123.89718192400005,12.879640149000068],[123.89714856700004,12.879647005000038],[123.89706780900008,12.879670990000022],[123.89702391800006,12.879681272000028],[123.89694491400007,12.879703545000041],[123.89684308800008,12.879727536000075],[123.8967798860001,12.879746381000075],[123.8967184390001,12.879761803000065],[123.89667454900007,12.879777220000051],[123.89664997200009,12.879789208000034],[123.89663943900007,12.879792634000069],[123.89663241700009,12.879797771000028],[123.8965973060001,12.879813186000035],[123.89658150600008,12.87982174800004],[123.89653235000003,12.879840589000025],[123.89650952700003,12.879845730000056],[123.89647090100004,12.879845741000054],[123.8964263040001,12.879837197000029],[123.89640874600002,12.879837201000043],[123.89639645500006,12.87983549300003],[123.89628934600012,12.879814984000063],[123.89626300900011,12.879808145000027],[123.89621735600008,12.879799600000069],[123.89619277400004,12.879792760000043],[123.89615590000005,12.879785924000032],[123.89605932500001,12.879758566000021],[123.89602772000001,12.879751728000031],[123.89599787000009,12.879746603000058],[123.8959276380001,12.879739775000075],[123.89588549700011,12.879731230000061],[123.89587847400003,12.879731231000051],[123.89586091500007,12.879726102000063],[123.89584160100003,12.879724396000029],[123.89581526200004,12.87971755600006],[123.89571869000008,12.879698756000039],[123.8956660130001,12.879686790000051],[123.89563616200007,12.879678241000022],[123.89557470700004,12.879667987000062],[123.89553959000011,12.879659439000022],[123.89543072700008,12.879638930000056],[123.89538331800009,12.879626962000032],[123.89529376400003,12.879596178000043],[123.89523932900011,12.879572231000054],[123.89522001300008,12.879565390000039],[123.89518313600001,12.879546574000074],[123.89514977300007,12.879532889000075],[123.89509884600011,12.879505519000077],[123.89506723700003,12.879483277000077],[123.89503562500011,12.87945589900005],[123.89500928000007,12.879426809000051],[123.89499522700009,12.879407986000047],[123.89496010000005,12.879366917000027],[123.89493551200007,12.879342962000067],[123.89490038800011,12.879317297000057],[123.89483365900003,12.879279660000066],[123.89482839000004,12.879274526000074],[123.89478448700004,12.879250576000061],[123.89477570700001,12.87924715500003],[123.89476517200001,12.879240312000036],[123.89470019900011,12.879214655000055],[123.89463698200007,12.879183863000037],[123.89461239700006,12.879168465000078],[123.8945607600001,12.879143103000047],[123.89453968700002,12.879129415000023],[123.89450456200007,12.87909348200003],[123.89447294600006,12.87905070000005],[123.8944202560001,12.878992521000043],[123.8944114730001,12.878980542000022],[123.89437986100006,12.878949742000032],[123.89437459200008,12.878942897000059],[123.89434122400007,12.878913810000029],[123.89430961400001,12.878891568000029],[123.89427624900009,12.878874462000056],[123.89425693300007,12.878869331000033],[123.89423937700008,12.878869336000037],[123.89423235300001,12.878867626000044],[123.89422181900011,12.878869341000041],[123.8942060170001,12.878869345000055],[123.89418494900008,12.87887106200003],[123.89414983500001,12.878877919000047],[123.89410770100005,12.878891623000072],[123.89406907900002,12.878910461000032],[123.89404450200004,12.878919025000073],[123.89400938800009,12.878925881000043],[123.8939812970001,12.878929312000025],[123.89393915800008,12.878924190000077],[123.89390052800002,12.878912218000039],[123.89386892000005,12.878898535000076],[123.89385838300007,12.878891691000035],[123.89381097000012,12.878867741000022],[123.89378287600005,12.878857481000068],[123.89376180500005,12.878854062000073],[123.89374073700003,12.878854069000056],[123.89371966900001,12.87885749700007],[123.89363188800007,12.878883194000025],[123.89358799900003,12.87890032200005],[123.89353708900001,12.878922587000034],[123.89350197900001,12.878943136000032],[123.8934721390001,12.878970529000071],[123.89345441000012,12.878991868000071],[123.89341602700006,12.879010576000042],[123.89340904800008,12.879015679000076],[123.89339334600004,12.879020780000076],[123.89331483600006,12.879032684000038],[123.89328692100003,12.879030983000064],[123.89326947500001,12.879027581000059],[123.89324156000009,12.879017376000036],[123.89317526400009,12.878983360000063],[123.89314734900006,12.878978256000039],[123.89310896600011,12.87897825500005],[123.89305488100001,12.878990160000058],[123.8930025410001,12.879005466000024],[123.89294845600011,12.879015670000058],[123.89293624400011,12.879015670000058],[123.89292926500002,12.879017370000042],[123.89290483900004,12.879025873000046],[123.89284726500011,12.87905478600004],[123.8928245840001,12.87906158800007],[123.89277922100007,12.879070091000074],[123.89269198900001,12.879078594000077],[123.89266756200004,12.87908539600005],[123.89265011600003,12.879093900000044],[123.89264313700005,12.879095600000028],[123.89263790300004,12.879100703000063],[123.89261522200002,12.879112608000071],[123.89256986000009,12.879143221000049],[123.89255415800005,12.879151724000053],[123.89254892400004,12.879156827000031],[123.89253845500002,12.879161929000077],[123.89250705100005,12.879182338000021],[123.89244424100002,12.879238462000046],[123.89240934600002,12.879279281000038],[123.89236747300004,12.879335405000063],[123.89236398300011,12.879342208000025],[123.8923238540001,12.879391530000078],[123.89232036500005,12.87939833400003],[123.89230815200006,12.879411941000058],[123.89230466200002,12.879418743000031],[123.89225057500005,12.87947826900006],[123.89221742500001,12.879510584000059],[123.89221219100011,12.879519088000052],[123.89219648800008,12.879536096000038],[123.89217729600011,12.879571811000062],[123.89215678500011,12.879604467000036],[123.89214631800007,12.879614672000059],[123.89214282800003,12.879621475000022],[123.89210270000001,12.879665694000039],[123.89209921000008,12.879672497000058],[123.89208699700009,12.879687804000071],[123.89202418700006,12.879755834000036],[123.89200150600004,12.879776242000048],[123.89197184600005,12.879808557000047],[123.89195090900012,12.879827265000074],[123.89192124800002,12.879859579000026],[123.89188984400005,12.879900397000029],[123.89185494900005,12.879953120000039],[123.89182180000012,12.879995639000072],[123.89181482100003,12.880007544000023],[123.89179388400009,12.880033055000069],[123.89177992500004,12.880044960000077],[123.89174503200002,12.880082376000075],[123.89173456300011,12.880097683000031],[123.89168745600011,12.88015550800003],[123.89167873200006,12.880169114000068],[123.89164558200002,12.880206531000056],[123.8916124320001,12.880254152000077],[123.89160719800009,12.880264357000044],[123.89160196300008,12.880269459000033],[123.89155659900007,12.880344292000075],[123.89154962100008,12.880352796000068],[123.89147808600001,12.880478652000022],[123.89146238300009,12.880500762000054],[123.89142748600011,12.880558588000042],[123.89142050800001,12.880575595000039],[123.89139957100008,12.880609611000068],[123.89138212300008,12.88065042900007],[123.89136641900006,12.880696350000051],[123.89135944000009,12.880728665000049],[123.89134293000006,12.88075069000007],[123.89133071800006,12.880772800000045],[123.89132024900005,12.880817021000041],[123.8913185020001,12.880896956000072],[123.89131675600004,12.880917366000062],[123.89130628700002,12.880987097000059],[123.89130454200006,12.881005806000076],[123.89130454100007,12.881031317000065],[123.89131500600001,12.881102750000025],[123.89133245100004,12.881182688000024],[123.89133245100004,12.881191192000074],[123.89133768500005,12.881221805000052],[123.89133768400006,12.881249018000062],[123.89133070500009,12.881272828000021],[123.89131849000012,12.881300041000031],[123.89126963700005,12.881368070000065],[123.89126440300004,12.881373173000043],[123.89124870100011,12.881400386000053],[123.89124172200002,12.881407188000026],[123.89122776400006,12.881434400000046],[123.8912207840001,12.88146331300004],[123.89121554900009,12.881505832000073],[123.89121031500008,12.881519438000055],[123.8911981010001,12.881567061000055],[123.89119635600002,12.881582367000021],[123.89119635400004,12.881609580000031],[123.89122252100003,12.881779658000028],[123.89122775400006,12.881801769000049],[123.89124694500003,12.881854493000048],[123.89127660300005,12.881915531000061],[123.89130626000008,12.881954650000068],[123.89134638700011,12.882012477000046],[123.89135336600009,12.882019280000065],[123.89137604600012,12.882054998000058],[123.89140047100011,12.882097518000023],[123.89141268300011,12.882114526000066],[123.89141442700009,12.882121328000039],[123.89143187400009,12.882146841000065],[123.89144408600009,12.882179156000063],[123.89144408600009,12.882194464000065],[123.89146153100012,12.882267596000077],[123.89146676300004,12.882311817000073],[123.89146676100006,12.882401958000059],[123.89146152600006,12.882430871000054],[123.89146152600006,12.882439375000047],[123.89145280100001,12.882478493000065],[123.89144931200008,12.882485296000027],[123.89143186300009,12.88255332600005],[123.89142313900004,12.88258053800007],[123.89139347800005,12.882645167000021],[123.89136730600001,12.882694489000073],[123.89136556100004,12.882701292000036],[123.8913568370001,12.882718300000022],[123.89135160300009,12.882723403000057],[123.89133589900007,12.882750614000031],[123.89133241100001,12.882760819000055],[123.89132019600004,12.882777826000051],[123.89130449300001,12.882805039000061],[123.89129751500002,12.882813543000054],[123.89129402600008,12.882822046000058],[123.89128006800001,12.882842455000059],[123.89125115200011,12.882872061000057],[123.89122149000002,12.882911178000029],[123.89114646500002,12.882994514000075],[123.89109935800002,12.883059143000025],[123.89109237800005,12.883065946000045],[123.89106097300009,12.883106764000047],[123.89105399300001,12.883113567000066],[123.89101212000003,12.883176494000054],[123.89095454200003,12.88327173600004],[123.8909510520001,12.883280240000033],[123.89094407300001,12.883288744000026],[123.89093534900007,12.883304050000049],[123.89086904900012,12.883372080000072],[123.89083240900004,12.883431606000045],[123.89082543000006,12.883440110000038],[123.89080623700011,12.883474125000077],[123.89079925800002,12.883482628000024],[123.89078006400007,12.883516643000064],[123.8907661070001,12.883537052000065],[123.89075563800009,12.883555761000025],[123.89073993500006,12.883594878000054],[123.8907329540001,12.883623791000048],[123.8907277190001,12.883654405000073],[123.89072073900002,12.883741146000034],[123.89072248400009,12.883747948000064],[123.8907224830001,12.883763255000076],[123.89072597200004,12.883795570000075],[123.89072597100005,12.883832987000062],[123.89072945900011,12.883880609000073],[123.89073294700006,12.883906121000052],[123.89073294700006,12.883923129000038],[123.89073469100003,12.883929932000058],[123.89073469000004,12.883960546000026],[123.89073294400009,12.883972451000034],[123.89072247500008,12.884031979000042],[123.8907154960001,12.88405068700007],[123.89072541100006,12.884098622000067],[123.89072540800009,12.884192165000059],[123.89072366300002,12.884198968000021],[123.89072366000005,12.884299314000032],[123.89072191500009,12.884316321000028],[123.89071667900009,12.884343534000038],[123.89070795600003,12.884367344000054],[123.89069574100006,12.88439115500006],[123.89068527200004,12.88441666600005],[123.89065386600009,12.884474492000038],[123.89063816300006,12.884506806000047],[123.89062943900001,12.884539121000046],[123.89062245900004,12.884573136000029],[123.89061722200006,12.884617357000025],[123.89061024200009,12.884702395000033],[123.89060849500004,12.884750018000034],[123.89060675100006,12.884761922000052],[123.89060675000007,12.884794237000051],[123.89060500500011,12.884802741000044],[123.89060500300002,12.884833355000069],[123.89060325900004,12.884841859000062],[123.89060325800006,12.884870772000056],[123.89059802200006,12.884945606000031],[123.89059802100007,12.884979623000049],[123.89059453100003,12.885011937000058],[123.89059453100003,12.885028945000045],[123.89058755000008,12.88507826700004],[123.89058580500011,12.885117385000058],[123.89057707900008,12.885170109000057],[123.89056835500003,12.885199022000052],[123.89056835500003,12.885209228000065],[123.89056137500006,12.885250046000067],[123.89055614000006,12.885297668000021],[123.89053563000004,12.885370325000054],[123.89052865000008,12.88538903400007],[123.89052516000004,12.885406042000056],[123.89052515900005,12.885429852000073],[123.89053213800003,12.885450262000063],[123.89053388100001,12.885460468000076],[123.89053737100005,12.885467270000049],[123.8905530720001,12.88551489200006],[123.89056354000002,12.885554012000057],[123.89059319800003,12.885637350000025],[123.89060366500007,12.885671366000054],[123.89060540900005,12.885681570000031],[123.89061762200004,12.88571388500003],[123.89062634300001,12.885747901000059],[123.89063506700006,12.885770012000023],[123.89063855600011,12.885783618000062],[123.8906507690001,12.885812532000045],[123.89068042800011,12.885870359000023],[123.89068566100002,12.885883966000051],[123.89073625600008,12.885986014000025],[123.89076068000008,12.886055747000057],[123.8907728910001,12.886120378000044],[123.8907728910001,12.886157795000031],[123.89077114600002,12.886178204000032],[123.89075893200004,12.88624453500006],[123.89075369600005,12.886261543000046],[123.89075020700011,12.886281952000047],[123.89074322600004,12.88634318000004],[123.89073624700006,12.886375495000038],[123.8907209680001,12.886431499000025],[123.89071049900008,12.886457011000061],[123.89070875400012,12.886467215000039],[123.8906930500001,12.886506333000057],[123.89069130500002,12.886516537000034],[123.89068258100008,12.88654204900007],[123.89067909000005,12.886557356000026],[123.89064942800007,12.886630489000027],[123.89064070400002,12.886656000000073],[123.89063372500004,12.886667906000071],[123.89062500000011,12.886690016000045],[123.89060929700008,12.886717228000066],[123.89060755200001,12.886724031000028],[123.8905970830001,12.886741038000025],[123.89058138000007,12.886773353000024],[123.89057614500007,12.886780156000043],[123.89056218700011,12.886809068000048],[123.89054822700007,12.886831178000023],[123.89054124900008,12.886837981000042],[123.89053252500003,12.886853288000054],[123.89052729100001,12.886858390000043],[123.89050984200003,12.886885603000053],[123.89046971300002,12.886931522000054],[123.89045749700006,12.886970639000026],[123.89045400900011,12.88697574300005],[123.89042783700006,12.886997851000046],[123.89040515500005,12.887026764000041],[123.89039817500009,12.887038669000049],[123.89039294100007,12.88705227500003],[123.8903859620001,12.887062479000065],[123.89037898300012,12.887077786000077],[123.89033187300004,12.887161123000055],[123.89031791400009,12.887193437000064],[123.89031267900009,12.887201941000058],[123.89029697600006,12.887237657000071],[123.89028301600001,12.887281877000021],[123.8902620770001,12.887339702000077],[123.89023765000002,12.88739412700005],[123.89022892600008,12.88741963800004],[123.89021147800008,12.887458755000068],[123.89020449700001,12.887468960000035],[123.89020100900007,12.887477464000028],[123.8901887940001,12.887494471000025],[123.89016436800011,12.887523384000076],[123.89014866500008,12.887538690000042],[123.89012598300008,12.887553998000044],[123.89008236400002,12.887572704000036],[123.89007887500009,12.887572704000036],[123.89004398000009,12.887584608000054],[123.89002478700002,12.887593112000047],[123.88999512700002,12.887610119000044],[123.88998465800012,12.887618622000048],[123.88994801800004,12.887642432000064],[123.88990265400002,12.887662840000075],[123.88988346200006,12.887676447000047],[123.88987124700009,12.887688351000065],[123.88984333100007,12.887720665000074],[123.88982937300011,12.887741075000065],[123.88982413800011,12.887746177000054],[123.88982064900006,12.887752980000073],[123.88978221900004,12.887788797000042],[123.88976302600008,12.887802403000023],[123.88974732300005,12.887810906000027],[123.88972813100008,12.887829614000054],[123.88969846900011,12.887870432000057],[123.88964961400006,12.887916352000047],[123.88963740100007,12.887924856000041],[123.88962344300012,12.887938461000033],[123.88954318200001,12.888025198000037],[123.88949083800003,12.888074519000043],[123.8894873480001,12.888081322000062],[123.88946292200001,12.888101732000052],[123.88943151600006,12.888120438000044],[123.88938440700008,12.888142547000029],[123.88935823500003,12.888152751000064],[123.88930065900001,12.888188465000042],[123.88927274100001,12.888202070000034],[123.88923086800003,12.888217376000057],[123.88919248400009,12.888236083000038],[123.88918201500007,12.888239484000053],[123.88914537500011,12.88825649100005],[123.8891401410001,12.88825649100005],[123.88913141700004,12.888259893000054],[123.88912094700004,12.888266695000027],[123.88901626300003,12.888314313000024],[123.88896392000004,12.888333020000061],[123.88882783000008,12.888372133000075],[123.88880165800003,12.888377235000064],[123.88877723200005,12.888384037000037],[123.88874757100007,12.888389138000036],[123.88872488900006,12.888395941000056],[123.88865684300004,12.888411245000043],[123.88860973600003,12.88842825100005],[123.88857309600007,12.888436754000054],[123.88855739300004,12.888438454000038],[123.88850505000005,12.888438453000049],[123.8884492200001,12.888428247000036],[123.88836896100008,12.888406133000046],[123.88834977100009,12.888397629000053],[123.88832011000011,12.888389124000071],[123.88830440800007,12.888382320000062],[123.88825904400005,12.888367011000071],[123.88819449000005,12.888339797000071],[123.88814570000011,12.888315983000041],[123.88813872100002,12.888314282000067],[123.88811254900008,12.888302377000059],[123.88807765600006,12.888290470000072],[123.88804799600007,12.888281965000033],[123.88793807800005,12.888258149000023],[123.88792761000002,12.888258149000023],[123.88791365200007,12.888254748000065],[123.88786305500003,12.888249642000062],[123.88784560800002,12.888249642000062],[123.88783688400008,12.888247941000031],[123.88778977600009,12.888247939000053],[123.88777930700007,12.888249639000037],[123.88776011600009,12.888249639000037],[123.88769207000007,12.888258140000062],[123.88760134500001,12.88826664000004],[123.88755772600007,12.888273441000024],[123.88748619100011,12.888280242000064],[123.8874164020001,12.888297247000025],[123.88734312200006,12.888322755000047],[123.8873186940001,12.888332959000024],[123.88728205500001,12.88835676900004],[123.8872663520001,12.888365272000044],[123.88718085700009,12.888424796000038],[123.88711804500008,12.888463911000031],[123.88706744500007,12.888491122000062],[123.88704302000008,12.888499625000065],[123.88702731700005,12.888508128000069],[123.88700114500011,12.888518333000036],[123.88694356700012,12.888533636000034],[123.88687726700005,12.888542139000037],[123.88683539200008,12.888543837000043],[123.88677432700001,12.888550638000027],[123.88667442200006,12.888572331000034],[123.88666569800012,12.888572331000034],[123.88664127200002,12.888577431000044]]],[[[123.90625585200007,12.865584366000064],[123.90618022500007,12.865584432000048],[123.90615501800005,12.865586093000047],[123.90613317300006,12.865589389000036],[123.90609789000007,12.865599250000059],[123.90608109000004,12.865605818000063],[123.90605253500007,12.865622227000074],[123.90603238300002,12.865638628000056],[123.90602398900012,12.865648466000039],[123.90601223100009,12.865655030000028],[123.90598871100008,12.865664881000043],[123.90597190800008,12.865668172000028],[123.90593158800004,12.865682953000032],[123.90591815000005,12.865691158000061],[123.90591143400002,12.865697716000057],[123.90590471200005,12.865699360000065],[123.90589463600008,12.865707561000022],[123.90585600200006,12.865727256000071],[123.90581904800001,12.865750226000046],[123.90581401100007,12.865755145000037],[123.9057921750001,12.865766633000021],[123.90577873900008,12.865776475000075],[123.90576697900008,12.865781401000049],[123.90575354200007,12.865789605000032],[123.90572161900002,12.86579946300003],[123.90564936900012,12.865815910000038],[123.90564264600005,12.865815915000042],[123.90559727700008,12.865824148000058],[123.90558719500007,12.865824157000077],[123.90553510200004,12.865830755000047],[123.90545947500004,12.865830821000031],[123.9054006450001,12.865821041000061],[123.90538215400011,12.865816142000028],[123.90537038600007,12.865811237000059],[123.90534012700004,12.865803072000062],[123.9053115480001,12.865793266000026],[123.90528632900009,12.865781819000063],[123.90527119900003,12.865776917000062],[123.90523756800008,12.865757287000065],[123.90520897400006,12.865731097000037],[123.90518878000012,12.865701622000074],[123.90518767700007,12.865677047000077],[123.90518262900002,12.865670497000053],[123.90517252600011,12.865649207000047],[123.9051708180001,12.865619717000072],[123.90517247800005,12.865596778000054],[123.90516910700001,12.865586951000068],[123.90516069700004,12.865578766000056],[123.90514388700001,12.865573865000044],[123.90512540000009,12.865573882000035],[123.90511531800007,12.865575528000022],[123.90508340100007,12.865590302000044],[123.90507499900002,12.865591947000041],[123.90505987400002,12.865591961000064],[123.90504306300011,12.865587060000053],[123.90502792900008,12.865577243000075],[123.90501615300002,12.865564146000054],[123.90500941800008,12.865551044000028],[123.90500771900008,12.86552974600005],[123.90501106200009,12.86551008400005],[123.90501441700007,12.865503526000055],[123.90501776200006,12.865487139000038],[123.90502111700005,12.865478945000064],[123.90502278600002,12.865465836000055],[123.90502275500012,12.865433068000073],[123.90502106500003,12.865421600000047],[123.90501095700006,12.865395395000064],[123.90500590800002,12.865387207000026],[123.90499076500009,12.865367559000049],[123.90497730800007,12.865354464000063],[123.90497394100009,12.865347913000051],[123.90496553000003,12.865339728000038],[123.90494533800006,12.865311893000069],[123.90492008300009,12.865262763000032],[123.90490996800008,12.865226727000049],[123.90490320800006,12.865185773000064],[123.90489981400003,12.865151369000046],[123.90489305900007,12.865113692000023],[123.9048829410001,12.865077656000039],[123.90486947800002,12.865056368000069],[123.90485434400011,12.865046551000034],[123.9048375320001,12.865040012000065],[123.90482240400002,12.865038387000027],[123.90478206400007,12.86503022900007],[123.90471483600004,12.865025372000048],[123.90463247600007,12.865013975000068],[123.90459045800003,12.865010734000066],[123.9045265960001,12.865010790000042],[123.90451987500012,12.86501243400005],[123.90449970800012,12.865012451000041],[123.90449298600004,12.865014096000039],[123.90447282000002,12.865014113000029],[123.90443921100007,12.865017419000026],[123.90430812400007,12.865017532000024],[123.90430140100011,12.86501589900007],[123.90428963700003,12.865015910000068],[123.90425433900009,12.865009386000054],[123.90421398900003,12.864993037000033],[123.90417195400005,12.864971775000072],[123.90414842100006,12.86496524100005],[123.90412657000002,12.864961983000057],[123.90408622200005,12.864947273000041],[123.90407108500006,12.864934178000055],[123.90406266800005,12.864919439000062],[123.90405929600001,12.864907973000072],[123.90405757400003,12.864862100000039],[123.90405588400006,12.864852270000029],[123.90405251600009,12.864844081000058],[123.90403906300003,12.864835901000049],[123.90403065800001,12.864834269000028],[123.90397519900012,12.864834317000032],[123.90396007200002,12.864832691000061],[123.90395335400001,12.864837613000077],[123.90395336300003,12.864847443000031],[123.90396852800006,12.864890029000037],[123.90397022500008,12.864908050000054],[123.90396519100011,12.864917885000068],[123.90394839900011,12.864932645000067],[123.90392152200002,12.864945775000024],[123.90389967900012,12.864952348000031],[123.90386102400009,12.864950742000076],[123.90382908800007,12.86494585500003],[123.9037921150001,12.864945886000044],[123.90375009200011,12.864937730000065],[123.90367780300005,12.864913216000048],[123.90363913400006,12.864896866000038],[123.90361781100012,12.864879648000056],[123.90358081800002,12.864858381000033],[123.9035387780001,12.86482892600003],[123.9035118700001,12.86480928800006],[123.90348496000001,12.864786374000062],[123.90342272800001,12.864732360000062],[123.90341599900012,12.86472417400006],[123.90337394900007,12.864684888000056],[123.90332348200002,12.864630864000048],[123.90328647800004,12.864596490000054],[123.90323602700005,12.864562126000067],[123.90323098200008,12.864557216000037],[123.90319399000009,12.86453758600004],[123.90315531700003,12.864514682000049],[123.90314354700001,12.86450977800007],[123.90310151200003,12.864486875000068],[123.90306451800006,12.864463969000042],[123.9030392840001,12.864437776000045],[123.90301740900009,12.864408303000062],[123.90299385700007,12.864380470000071],[123.90292488300008,12.864305162000051],[123.90290470500008,12.864293711000073],[123.90286603600009,12.864277360000074],[123.90283912900009,12.864257721000058],[123.90282230600008,12.864239713000075],[123.9028035880001,12.864208397000027],[123.90278171900002,12.864183840000067],[123.9027749920001,12.864178931000026],[123.90276153200011,12.864162558000032],[123.90274807600008,12.864149462000057],[123.90270435100001,12.86411673200007],[123.90266735900002,12.864095464000059],[123.90264718500009,12.864087290000043],[123.90261356500002,12.864077488000021],[123.90256818100011,12.864069336000057],[123.90254297100012,12.864067719000047],[123.90247405800005,12.864057947000049],[123.90237320600011,12.864038372000039],[123.90232445700008,12.864026945000035],[123.9023143710001,12.864022039000076],[123.90229419800005,12.864015503000076],[123.90228242800003,12.864008960000035],[123.90225720300009,12.863992597000049],[123.90224879400012,12.863984413000026],[123.90223365100007,12.863964764000059],[123.90222018200006,12.863938562000044],[123.90219827900012,12.863876321000077],[123.90219321800009,12.863856664000025],[123.90218311400008,12.863832097000056],[123.90217301100006,12.86381080700005],[123.9021629130001,12.863794431000031],[123.90213596800004,12.863733834000072],[123.90213596400008,12.863728918000049],[123.90212754200002,12.863707626000064],[123.90212247900001,12.863684692000049],[123.90211742500003,12.863671589000035],[123.90211742100007,12.863666674000058],[123.90210056900003,12.863615898000035],[123.90209044800008,12.86357330800007],[123.90208707900001,12.863565119000043],[123.90208157900008,12.86354121200003],[123.90207983300002,12.863467485000058],[123.90208818500003,12.863410134000048],[123.90209822800011,12.863365889000022],[123.90210491500011,12.863326561000065],[123.90210490200002,12.863313454000036],[123.90209983200009,12.863280690000067],[123.9020846730001,12.863243020000027],[123.90207962700003,12.863238109000065],[123.90206784500003,12.863218458000063],[123.90202578900005,12.863172619000068],[123.90201400800004,12.863152969000055],[123.90201063500001,12.863141503000065],[123.90200894100008,12.863125120000063],[123.90201228400008,12.863105457000074],[123.90202401600004,12.863071040000023],[123.90202735000003,12.863039907000029],[123.90202566200003,12.863031718000059],[123.90201387500008,12.863005512000029],[123.90200377800011,12.862990775000071],[123.90196677100005,12.862953124000057],[123.90194659000008,12.862936757000057],[123.90191967300007,12.862907289000077],[123.90190621200009,12.862889278000068],[123.90189275500006,12.862874544000022],[123.90188098200008,12.86286472300003],[123.90184399500004,12.862848371000041],[123.90182550500003,12.862845110000023],[123.90181205600004,12.862840206000044],[123.90179357000011,12.862840222000045],[123.9017801330001,12.862848425000038],[123.90177341600008,12.86285498500007],[123.90177006100009,12.862863180000033],[123.90177007600005,12.862877925000078],[123.90177344400001,12.862886115000038],[123.90178521600001,12.862894297000025],[123.90180036000004,12.862915584000064],[123.90180037300001,12.862930328000061],[123.90179869800011,12.862936883000032],[123.90179366300003,12.862943441000027],[123.90178526300008,12.862946725000029],[123.9017785420001,12.862948369000037],[123.90176845700012,12.86294674100003],[123.90173146500001,12.862925473000075],[123.90170961400008,12.862922214000037],[123.90166254200005,12.862904231000073],[123.90164069200011,12.862900973000023],[123.90161884400004,12.86290099200005],[123.90158523400009,12.862904297000057],[123.90155835600001,12.862915790000045],[123.90155499700006,12.862919069000043],[123.90153363900004,12.862923218000049],[123.90151904000004,12.86292480000003],[123.9014330660001,12.862924799000041],[123.9014168440001,12.862926380000033],[123.90140062300009,12.862929543000064],[123.90138926700001,12.86293428700003],[123.90136817900009,12.862951683000063],[123.90135520100011,12.862965916000064],[123.90133897900012,12.862975404000053],[123.90132924700004,12.862978568000074],[123.90130167100006,12.86298331200004],[123.90127247200007,12.86298331200004],[123.90125625000007,12.862984893000032],[123.90110701200001,12.863011775000075],[123.9010713240001,12.863021263000064],[123.90103239200005,12.863035496000066],[123.90097723800011,12.86305131000006],[123.9009447950001,12.863065542000072],[123.90091559600012,12.863081357000056],[123.90085395300002,12.863109822000069],[123.90082475300005,12.863117730000056],[123.90076473400006,12.863127217000056],[123.90073553400009,12.863135124000053],[123.90066253600003,12.86316675300003],[123.90063128600002,12.863192056000059],[123.90061830800005,12.863212614000076],[123.90061344100002,12.863217358000043],[123.9006085740001,12.863226847000021],[123.90059721900002,12.863239500000077],[123.9005923520001,12.863247406000028],[123.90058099700002,12.863275872000031],[123.90057450900008,12.863285361000067],[123.90054368600011,12.863301174000071],[123.90053233200001,12.863304337000045],[123.90052259900006,12.86331066300005],[123.90051286500011,12.863324897000041],[123.90050799900007,12.863340710000045],[123.90050151000003,12.86334703600005],[123.90048853300004,12.863354943000047],[123.90047231100004,12.86335968700007],[123.90045122200002,12.863361268000062],[123.90043986700005,12.86335968700007],[123.90042202300003,12.863351779000027],[123.90040742400004,12.863340708000067],[123.90038146900008,12.863310660000025],[123.90036687000008,12.863302753000028],[123.90035875900003,12.863301172000035],[123.90035064900007,12.863305915000069],[123.9003376710001,12.86331698500004],[123.90033118200006,12.863320148000071],[123.90031333900004,12.863321729000063],[123.90030522800009,12.863318566000032],[123.90028089500004,12.863301171000046],[123.9002744070001,12.863301171000046],[123.90026467400003,12.863304334000077],[123.90024034100009,12.863320147000024],[123.90021763100003,12.863339124000049],[123.90019329800009,12.863350194000077],[123.90018518700003,12.863351775000069],[123.90013490000001,12.863369170000055],[123.90010083400011,12.863375495000071],[123.90004081300003,12.863378657000055],[123.90001810400008,12.86338181900004],[123.89994997300005,12.863397633000034],[123.89993212900004,12.863405541000077],[123.89992564000011,12.863411865000046],[123.89991590700004,12.863429261000022],[123.89990617400008,12.863440331000049],[123.89989644100001,12.863445076000062],[123.89987859600001,12.863446658000043],[123.89985588700006,12.863441912000042],[123.89982020000002,12.863429260000032],[123.89979262300005,12.863422933000038],[123.89975369000001,12.863422933000038],[123.89972287000012,12.863427676000072],[123.89970340400009,12.863427676000072],[123.89969367100002,12.863429257000064],[123.8996417620001,12.863429257000064],[123.89962229600008,12.863426094000033],[123.89960769600009,12.863421349000077],[123.89958660900004,12.863411859000053],[123.89955903300006,12.863394464000066],[123.89953470100011,12.863373904000071],[123.89951361300007,12.863347019000059],[123.89950712500001,12.863331204000076],[123.89950225900009,12.863309064000077],[123.89949252600002,12.863277434000054],[123.89949090400012,12.863264783000034],[123.89949252600002,12.863239480000061],[123.89949901600005,12.863218921000055],[123.89951361600004,12.863192037000033],[123.89952172700009,12.863180967000062],[123.89953794900009,12.863144594000062],[123.89954768200005,12.863131942000052],[123.89957363800011,12.863086082000052],[123.89958012700004,12.86306868500003],[123.89958661500009,12.863041800000076],[123.89958986100009,12.863013334000073],[123.89958499500005,12.862984868000069],[123.8995590400001,12.862916866000035],[123.89954119900005,12.862842537000063],[123.89952984500007,12.862782443000071],[123.89952984600006,12.862733417000072],[123.89952335800001,12.862693881000041],[123.89951686900008,12.862679648000039],[123.89950389300009,12.862665416000027],[123.89949253800012,12.862655926000059],[123.89947631700011,12.862649600000054],[123.89946820600005,12.862649600000054],[123.89946009500011,12.862652762000039],[123.89945685000009,12.862657507000051],[123.89944549500001,12.862678065000068],[123.89944062800009,12.862693880000052],[123.89942927300001,12.862720764000073],[123.89942602800011,12.862727090000021],[123.89941467300002,12.862739741000041],[123.89940169600004,12.862749231000066],[123.8993919620001,12.862752393000051],[123.89937736400009,12.862747648000038],[123.89937087500005,12.862730252000063],[123.89937087500005,12.862722344000076],[123.89937736400009,12.862701786000059],[123.89938547500003,12.862684390000027],[123.8994438740001,12.862610063000034],[123.89947469600008,12.862580016000038],[123.89948118300003,12.862575272000072],[123.89949091700009,12.862572109000041],[123.89950876100011,12.862572110000031],[123.8995217370001,12.862578436000035],[123.89952984800004,12.862578436000035],[123.89954769300005,12.862565784000026],[123.89957040400009,12.862532574000056],[123.89958500300008,12.862516760000062],[123.89959311400003,12.862502527000061],[123.89960122600007,12.862467736000042],[123.89961744800007,12.862434525000026],[123.89963042600004,12.862364942000056],[123.89964340400002,12.862323824000043],[123.89965151500007,12.862308011000039],[123.89966287000004,12.862293777000048],[123.89970991400003,12.862251079000032],[123.8997196470001,12.86223684600003],[123.89972289100001,12.862224194000021],[123.89971802500008,12.862211543000058],[123.89971315900004,12.862208380000027],[123.89969369300002,12.862203635000071],[123.89968720400009,12.86220047200004],[123.89967747200001,12.862189401000023],[123.89966611700004,12.862160935000077],[123.89967369800002,12.862134338000033],[123.89967369900012,12.862096383000051],[123.89968018800005,12.862067917000047],[123.89968992100012,12.862033127000075],[123.89969803200006,12.862017311000045],[123.89970452200009,12.862009404000048],[123.89971263200005,12.862003078000043],[123.89972561000002,12.861996753000028],[123.89974669700007,12.861993591000044],[123.89975318600011,12.861993591000044],[123.89977265200002,12.861998335000067],[123.89978076300008,12.861998335000067],[123.89979698400009,12.861993591000044],[123.89980347200003,12.861988847000077],[123.8998148280001,12.861976196000057],[123.89982618400006,12.861957218000043],[123.8998310500001,12.861933497000052],[123.89983105100009,12.861922427000025],[123.89983105100009,12.861905032000038],[123.89982294200001,12.861832285000048],[123.89982294200001,12.86181014400006],[123.89982618600004,12.861792749000074],[123.89982943100006,12.861783259000049],[123.89984078500004,12.86176111900005],[123.89985700800003,12.861738979000052],[123.8998683640001,12.861718421000035],[123.89987485300003,12.861693118000062],[123.89987972000006,12.861659907000046],[123.8998845860001,12.861644093000052],[123.89989269700004,12.861631443000022],[123.89989918600008,12.861625116000027],[123.8999170300001,12.861612465000064],[123.89992514100004,12.861599813000055],[123.89993162900009,12.86158083600003],[123.89993649600001,12.861555533000057],[123.89996083000005,12.861490694000054],[123.89996569600009,12.861471718000075],[123.89996569700008,12.861449576000041],[123.89996245300006,12.861432180000065],[123.89995434200011,12.861403714000062],[123.8999543430001,12.861383155000055],[123.89995921000002,12.861368922000054],[123.8999705650001,12.861354689000052],[123.89998354200009,12.861343619000024],[123.89999003100002,12.861330968000061],[123.89999003100002,12.861323061000064],[123.89997218800011,12.861264547000076],[123.89997056600009,12.86125505800004],[123.89996569900006,12.861242407000077],[123.89996732300006,12.861221847000024],[123.8999721890001,12.861209196000061],[123.89997705600001,12.861201290000054],[123.89998678800009,12.861190219000036],[123.89999976600006,12.861188637000055],[123.90000625500011,12.861191800000029],[123.90001761000008,12.861201290000054],[123.90003058500008,12.861220267000022],[123.9000354530001,12.861223430000052],[123.90004031900003,12.861229756000057],[123.90005978500005,12.861243989000059],[123.9000954710001,12.861261386000024],[123.90010033800002,12.861266130000047],[123.90012304700008,12.861278782000056],[123.90014738000002,12.861288271000035],[123.90015549000009,12.861293016000047],[123.90017495500001,12.861305669000046],[123.90018631100008,12.861315156000046],[123.90019604300005,12.861326227000063],[123.90021226500005,12.861340461000054],[123.90023173000009,12.861343624000028],[123.90024795200009,12.86133413500005],[123.90025768500004,12.861319902000048],[123.90026255200007,12.861294599000075],[123.90026093000006,12.861253481000062],[123.90025768600003,12.861243992000027],[123.90025606300003,12.861225016000049],[123.90025119800009,12.861202874000071],[123.90025119900008,12.861193385000036],[123.90024308800002,12.861157012000035],[123.9002382220001,12.861147524000046],[123.90023173400004,12.861141197000052],[123.9002236230001,12.861138034000021],[123.90021713400006,12.861138034000021],[123.90020415600009,12.861149104000049],[123.90019929100004,12.861155430000053],[123.90017982400002,12.861171244000047],[123.90016684700004,12.86117598800007],[123.90015062600003,12.861177570000052],[123.90014251500008,12.861174407000021],[123.90013602600004,12.861169662000066],[123.9001279150001,12.86116017300003],[123.90012467200006,12.861144359000036],[123.90012467200006,12.861134870000058],[123.90012629400007,12.861131707000027],[123.90012629400007,12.861125381000022],[123.90014771100005,12.861102704000075],[123.90015095700005,12.861091633000058],[123.90015906800011,12.861075819000064],[123.90016717800006,12.861064749000036],[123.90017528900012,12.861058423000031],[123.90018664400009,12.861053679000065],[123.90019475500003,12.861053679000065],[123.90020773200001,12.861056842000039],[123.90022233100001,12.861055261000047],[123.90023368700008,12.861045773000058],[123.90023855300001,12.861033121000048],[123.90024017600001,12.861006237000026],[123.9002369320001,12.860985678000077],[123.90022882200003,12.860952467000061],[123.90022720000002,12.860938234000059],[123.9002239560001,12.860930327000062],[123.90022071200008,12.860892372000023],[123.90022071200008,12.860874976000048],[123.90023693500007,12.860797486000024],[123.90025315800006,12.860683622000067],[123.90025964600011,12.860655157000053],[123.90026289100001,12.860648830000059],[123.90027424600009,12.860636179000039],[123.90028722400007,12.860628272000042],[123.90029695700002,12.860625109000068],[123.90030506700009,12.860625109000068],[123.90031317800003,12.860628272000042],[123.9003196650001,12.860631435000073],[123.90032453200001,12.860636180000029],[123.90036508600008,12.860651995000069],[123.90043645800006,12.860734231000038],[123.90044943600003,12.860743720000073],[123.90046079100011,12.860756372000026],[123.90047052300008,12.860762697000041],[123.9005045880001,12.860792746000072],[123.90050945400003,12.860799071000031],[123.90052892000006,12.860814886000071],[123.90055325100002,12.860838608000051],[123.90060678100008,12.860878145000072],[123.90074304000007,12.860966708000035],[123.90075601600006,12.860968289000027],[123.90076412700012,12.860963545000061],[123.90076899400003,12.860957219000056],[123.90078034900012,12.860930336000024],[123.90078846000006,12.860920846000056],[123.90080306000004,12.860916102000033],[123.90083388100004,12.860909777000074],[123.90084523500002,12.860912940000048],[123.90086145700002,12.860931917000073],[123.90086632300006,12.860947732000056],[123.90086470000006,12.860961966000048],[123.90085821200012,12.860973035000029],[123.90085172300007,12.860979361000034],[123.90082739100001,12.860996756000077],[123.90082090200008,12.861003083000071],[123.90081603500005,12.861009408000029],[123.90081279100002,12.861017315000026],[123.90081603500005,12.861033129000077],[123.90084361200002,12.861064759000044],[123.90086307700005,12.861075829000072],[123.90087118800011,12.861077412000043],[123.90088578700011,12.861077412000043],[123.90089552000006,12.861074248000023],[123.90092309700003,12.861069504000056],[123.90093445200012,12.861069504000056],[123.90095716100006,12.861074250000058],[123.90098311600002,12.861083738000048],[123.90104475600003,12.861113786000033],[123.90106260100004,12.861128019000034],[123.90107395600012,12.861143835000064],[123.90108855500011,12.861159649000058],[123.90109828800007,12.86117388200006],[123.90111288700007,12.861213418000034],[123.90111613100009,12.861232396000048],[123.90111613100009,12.861259281000059],[123.90111288500009,12.861289328000055],[123.90111288500009,12.861314631000027],[123.90111450800009,12.861324120000063],[123.90112099500004,12.861341516000039],[123.90116154900011,12.861404776000029],[123.90118425900005,12.86144431200006],[123.90118750400006,12.861453800000049],[123.90119074800009,12.861469615000033],[123.90119074800009,12.86147752200003],[123.90118425900005,12.861502826000049],[123.9011761480001,12.861526547000039],[123.90117777000012,12.861540780000041],[123.9011907470001,12.86156608400006],[123.90120859000001,12.861585062000074],[123.90122622600006,12.861608811000053],[123.90123433600002,12.861623044000055],[123.90125380200004,12.861645184000054],[123.90125866800008,12.86165309200004],[123.9012602900001,12.861659417000055],[123.90125866800008,12.861668906000034],[123.90125704600007,12.861675232000039],[123.90125217900004,12.861683139000036],[123.90124731200001,12.86169895300003],[123.90124244600008,12.861722675000067],[123.90124244600008,12.861735327000076],[123.90124731200001,12.861752723000052],[123.90126353300002,12.861771700000077],[123.90132193000011,12.861800167000069],[123.90134788400007,12.861819145000027],[123.90137221600003,12.86184761100003],[123.90138843700004,12.861869751000029],[123.90139492500009,12.861874496000041],[123.90140628100005,12.861888730000032],[123.90143710100006,12.861914032000072],[123.90146467700004,12.861939336000034],[123.90147927600003,12.86194566100005],[123.90149549700004,12.86194882500007],[123.9015052310001,12.86194882500007],[123.90153767400011,12.861944081000047],[123.90154578500005,12.861940918000073],[123.90157011700001,12.86193617400005],[123.90158958300003,12.861933011000076],[123.90160093800012,12.861933011000076],[123.90162689200008,12.861940919000062],[123.9016447350001,12.861950407000052],[123.90165771300008,12.861959897000077],[123.90171448800004,12.861991527000043],[123.90175828600002,12.862019992000057],[123.90178910500003,12.862027901000033],[123.90181992700002,12.862023157000067],[123.90184263700007,12.862027901000033],[123.90186048100009,12.86203580800003],[123.90187670300008,12.862040552000053],[123.90190103500004,12.862040552000053],[123.90191725600005,12.86203580800003],[123.9019253670001,12.862026320000041],[123.90192698900012,12.862010505000057],[123.9019415890001,12.861983622000025],[123.90195132200006,12.861974132000057],[123.9019578110001,12.861970969000026],[123.90198376500007,12.861970969000026],[123.90199998700007,12.861974132000057],[123.90210705000004,12.861974133000047],[123.90216382500012,12.861983622000025],[123.90219789000002,12.861991530000068],[123.90224006700009,12.86200576300007],[123.90229359800003,12.86201683400003],[123.9023195530001,12.862024742000074],[123.90235199600011,12.862040556000068],[123.90237957200009,12.862061115000074],[123.90241559700007,12.862080320000075],[123.90242370800001,12.862081901000067],[123.90242857400006,12.862085064000041],[123.90244804000008,12.862110367000071],[123.90245939400006,12.862118275000057],[123.9024658830001,12.862119856000049],[123.9024967040001,12.862118275000057],[123.90251130200011,12.862121438000031],[123.90251941300005,12.862126182000054],[123.90252590300008,12.862130927000067],[123.90253725800005,12.862145160000068],[123.90256159000012,12.862187859000073],[123.90256970000007,12.862194185000021],[123.90258267700005,12.862202092000075],[123.90259241000001,12.862205255000049],[123.90262160900011,12.862205255000049],[123.90263296400008,12.862208418000023],[123.90264269700003,12.862214745000074],[123.90266216200007,12.862236884000026],[123.90267838400007,12.862246373000062],[123.90269460500008,12.862251119000064],[123.90271893800002,12.862254282000038],[123.90276273600011,12.862254282000038],[123.90277895700001,12.86225586300003],[123.90280328900008,12.86226851400005],[123.90282599900002,12.862285910000026],[123.90283411000007,12.862289074000046],[123.90285033100008,12.86229223600003],[123.90287628600004,12.862293818000069],[123.90289088500003,12.862290655000038],[123.90292332800004,12.862287493000053],[123.90295414800005,12.862287493000053],[123.90299308100009,12.862279585000067],[123.9030093020001,12.862278004000075],[123.90301741300004,12.862278004000075],[123.90303201300003,12.862282748000041],[123.90305310100007,12.86229540000005],[123.90308067700005,12.862320704000069],[123.90310987600003,12.862353914000039],[123.90313907500001,12.86239345000007],[123.90314556300007,12.862399777000064],[123.90317314000004,12.862420335000024],[123.90319422800007,12.86242982400006],[123.90320233900002,12.862431407000031],[123.90321531600011,12.862432988000023],[123.9032282930001,12.86242982400006],[123.90324938000003,12.862407684000061],[123.90326722500004,12.862399777000064],[123.90328344700004,12.862398196000072],[123.90329966800005,12.862401359000046],[123.90331426700004,12.862409266000043],[123.90332562300011,12.862421918000052],[123.90333535600007,12.862436151000054],[123.90335320000008,12.862451965000048],[123.90336779900008,12.86245354700003],[123.90337428800001,12.862451965000048],[123.90338077600006,12.862447221000025],[123.90338726500011,12.862436151000054],[123.90338564300009,12.862414011000055],[123.90339050800003,12.86238396300007],[123.90339050800003,12.862355497000067],[123.90338888700012,12.862346008000031],[123.90339050800003,12.86233177500003],[123.90339213200002,12.862325449000025],[123.90340348700011,12.862304891000065],[123.90341646400009,12.862292239000055],[123.90344728400009,12.862273263000077],[123.90345215200011,12.862266936000026],[123.9034651290001,12.862257447000047],[123.90348946200004,12.862246377000076],[123.90349757200011,12.862246377000076],[123.9035121710001,12.862241633000053],[123.9035300160001,12.862238471000069],[123.90353812700005,12.862238471000069],[123.90355434800006,12.862241633000053],[123.90356894700005,12.862247959000058],[123.90357868100011,12.862257448000037],[123.90358516900005,12.862260611000067],[123.90360950100012,12.862279588000035],[123.90362572300012,12.862284333000048],[123.90363383400006,12.862284333000048],[123.90365978900002,12.862273263000077],[123.90368249900007,12.862268518000064],[123.90369693900004,12.862277381000069],[123.90370991600003,12.862288450000051],[123.90372776000004,12.862307428000065],[123.90374073700002,12.862318498000036],[123.90375695800003,12.862326405000033],[123.90376993500001,12.862326405000033],[123.90383157600002,12.862332731000038],[123.90386564200003,12.862339057000042],[123.90388024100002,12.862345383000047],[123.90389970600006,12.862361197000041],[123.90391917300008,12.862392827000065],[123.90393052800005,12.862405478000028],[123.90396134900004,12.862426036000045],[123.90397919300005,12.862433944000031],[123.90402136800003,12.862460828000053],[123.90403434600012,12.86247189900007],[123.90405218900003,12.862494039000069],[123.90408138700002,12.862524086000064],[123.90409760900002,12.862536738000074],[123.90413654100007,12.862562041000047],[123.90415114100006,12.862574692000067],[123.90418033900005,12.862604740000052],[123.90419007100002,12.862609484000075],[123.90419493800005,12.86261422900003],[123.90421278200006,12.862620554000046],[123.90422413800002,12.862623718000066],[123.90423224800008,12.862623718000066],[123.90427117900003,12.862633206000055],[123.90428091300009,12.862637950000021],[123.90430849000006,12.862652183000023],[123.90436850900005,12.862696464000066],[123.90439608500003,12.862726511000062],[123.90441879700006,12.862754977000066],[123.90443015200003,12.862766048000026],[123.90448206100007,12.862807165000049],[123.90451288200006,12.862838794000027],[123.90452748200005,12.862848283000062],[123.90454694800007,12.862857772000041],[123.90456965800001,12.862864098000045],[123.90459074500006,12.862864098000045],[123.90460047900001,12.862862516000064],[123.90461507800001,12.862856191000049],[123.90462156700005,12.862851447000025],[123.90462643400008,12.862845120000031],[123.90462805600009,12.862832469000068],[123.90462643400008,12.862824561000025],[123.90461345600011,12.862799258000052],[123.90460372300004,12.862766048000026],[123.90459885500002,12.862739164000061],[123.90459723400011,12.862694882000028],[123.90459236800007,12.862661673000048],[123.90457614600007,12.862622137000074],[123.90456803500001,12.862604740000052],[123.9045631680001,12.862598414000047],[123.90455830100007,12.862582599000064],[123.90455505800003,12.862565204000077],[123.90455505800003,12.862557296000034],[123.90455992400007,12.862536737000028],[123.90456641200001,12.862522504000026],[123.90458101200011,12.862513016000037],[123.90458912300005,12.862509854000052],[123.90460372200005,12.862509854000052],[123.90461832200003,12.862506691000021],[123.90463129900002,12.862495620000061],[123.90463454200005,12.862489294000056],[123.90463616600005,12.862481387000059],[123.90463616600005,12.862473480000062],[123.90462481000009,12.86244501300007],[123.90461994400005,12.862422873000071],[123.90461994400005,12.862414966000074],[123.90462481000009,12.862394408000057],[123.90463129900002,12.862380174000066],[123.90464265300011,12.862361197000041],[123.90464589800001,12.862348545000032],[123.90464103200009,12.862329567000074],[123.90463292100003,12.862315334000073],[123.9046280550001,12.862299520000022],[123.9046280550001,12.862275798000042],[123.90463616500006,12.862239426000031],[123.90463454200005,12.862207796000064],[123.90464589800001,12.862195144000054],[123.90465400900007,12.862190400000031],[123.90466049800011,12.862184074000027],[123.90466536400004,12.862177748000022],[123.90467023100007,12.862161933000039],[123.90466698700004,12.862147700000037],[123.90464752000003,12.862136630000066],[123.90463778800006,12.862122397000064],[123.90463454200005,12.862116071000059],[123.90463454200005,12.862101838000058],[123.90464103200009,12.862082861000033],[123.90465076400005,12.862062302000027],[123.9046734750001,12.862036998000065],[123.90469456400001,12.862002206000057],[123.90470591900009,12.861978485000066],[123.90471403000004,12.861950018000073],[123.90471403000004,12.861931041000048],[123.90471078500002,12.861923133000062],[123.90470591900009,12.861919970000031],[123.90468969700009,12.861918389000039],[123.9046750980001,12.861912063000034],[123.90466860900005,12.861900994000052],[123.90466536500003,12.861888342000043],[123.90466698700004,12.861875690000034],[123.90467672000011,12.861851968000053],[123.90468483100005,12.861839316000044],[123.90470587700008,12.861838427000066],[123.9047253440001,12.86181786800006],[123.90473345500004,12.86180521600005],[123.90473832100008,12.861802053000076],[123.90476589700006,12.86176884300005],[123.90477887500003,12.86175619100004],[123.90478536300009,12.861734052000031],[123.90478536300009,12.861718237000048],[123.90479185200002,12.861704004000046],[123.90479833900008,12.861697678000041],[123.90480969400005,12.861691352000037],[123.90482429500003,12.861691352000037],[123.9048340280001,12.861694516000057],[123.90484700500008,12.861705585000038],[123.90486160400008,12.861715074000074],[123.90486809300012,12.861716655000066],[123.90488269100001,12.861716655000066],[123.9048956690001,12.861708748000069],[123.90490053600001,12.861704003000057],[123.90490215800003,12.861697678000041],[123.90490215800003,12.861678700000027],[123.90489729100011,12.861661305000041],[123.90489080200007,12.861648653000032],[123.90488755800004,12.861636001000022],[123.90488918000005,12.861620188000074],[123.90490215600005,12.861601209000071],[123.90491026800009,12.861594884000056],[123.90493135600002,12.861591721000025],[123.90494108900009,12.861588558000051],[123.90495244400006,12.861580651000054],[123.90496217700002,12.861569580000037],[123.90497515300001,12.86156483600007],[123.90498326400007,12.86156483600007],[123.90500110800008,12.861572743000067],[123.90501246300005,12.861582233000036],[123.90501895200009,12.861585395000077],[123.90503030700006,12.861585395000077],[123.90503679500011,12.861582233000036],[123.90504328300005,12.861575906000041],[123.90507572600006,12.861541115000023],[123.90508221500011,12.861537951000059],[123.90509681500009,12.861539532000052],[123.90511952500003,12.86154902100003],[123.90515034600003,12.861558509000076],[123.90517305600008,12.861558509000076],[123.90521036500002,12.861555346000046],[123.90522496300002,12.861564835000024],[123.90524118500002,12.861567998000055],[123.90525091900008,12.861566416000073],[123.90526389600006,12.86156167200005],[123.90528822800002,12.861545857000067],[123.90531742600001,12.861533205000057],[123.9053304040001,12.861530042000027],[123.90534824700001,12.861530042000027],[123.90537258000006,12.861536368000031],[123.90540177700007,12.861547438000059],[123.9054082670001,12.861547438000059],[123.90542124400008,12.861542694000036],[123.90542448800011,12.861537949000024],[123.90542448800011,12.86152213500003],[123.90541962200007,12.861503157000072],[123.90541962200007,12.861479436000025],[123.9054390870001,12.861431992000064],[123.90545693100012,12.861373478000075],[123.90545693100012,12.861359246000063],[123.90545206400009,12.861346593000064],[123.90545044200007,12.861335523000037],[123.9054553090001,12.861316546000069],[123.90545855200003,12.861308639000072],[123.90546828600009,12.861297568000055],[123.90547639700003,12.861294405000024],[123.90549748500007,12.861294405000024],[123.90550559500002,12.861289661000058],[123.90551208400007,12.861283335000053],[123.90552343900004,12.861261194000065],[123.90553641600002,12.861212170000044],[123.90554290400007,12.861194773000022],[123.90556885900003,12.861155236000059],[123.90557697000008,12.861136260000023],[123.90557697000008,12.861123607000025],[123.90556911200008,12.861094496000021],[123.90556100100002,12.861081845000058],[123.90554640200003,12.861064449000025],[123.90553342400005,12.861042309000027],[123.90553180100005,12.861026494000043],[123.90553342400005,12.861018587000046],[123.90554153500011,12.861007517000075],[123.90554640100004,12.861004354000045],[123.90555613300012,12.861002772000063],[123.90557560000002,12.861004354000045],[123.90558208800007,12.861007517000075],[123.90559831000007,12.86101067900006],[123.9056177760001,12.861007516000029],[123.90562264200003,12.86099802800004],[123.90562264200003,12.860980632000064],[123.90561290900007,12.860956911000073],[123.90560804100005,12.860933189000036],[123.90560804100005,12.860907885000074],[123.90561453000009,12.860868349000043],[123.90561777500011,12.860836721000055],[123.90562101900002,12.860828813000069],[123.90563237300012,12.860819324000033],[123.90566643900002,12.860800348000055],[123.90567941600011,12.860779788000059],[123.90570050200006,12.860702297000046],[123.90571348000003,12.860670668000068],[123.90573943400011,12.860620061000077],[123.9057524100001,12.860597921000021],[123.90576701000009,12.860578944000054],[123.90577187500003,12.860566292000044],[123.9057686320001,12.860559966000039],[123.90576214300006,12.860556803000065],[123.90574916600008,12.860556804000055],[123.90574105500002,12.860559966000039],[123.90573456700008,12.860559967000029],[123.9057215900001,12.86056312900007],[123.90571023500002,12.860559967000029],[123.90569888000005,12.860547315000076],[123.90568752400009,12.860525175000078],[123.90567617000011,12.860517268000024],[123.90566319200002,12.86051410500005],[123.90565021500004,12.860506198000053],[123.90564048300007,12.860491966000041],[123.90563399400003,12.860471406000045],[123.90563399400003,12.860449267000035],[123.90564048200008,12.86043187000007],[123.90565345900006,12.860409729000025],[123.90567130200009,12.860393915000031],[123.90568265600007,12.86037968200003],[123.90568428000006,12.860370193000051],[123.90567779100002,12.860362286000054],[123.90566968000007,12.860359123000023],[123.90563885900008,12.860357542000031],[123.90561615000001,12.860349635000034],[123.90560317200004,12.860343309000029],[123.90558370700012,12.860329076000028],[123.90555288600001,12.86031009900006],[123.90553017500008,12.860303773000055],[123.90550746600002,12.860303773000055],[123.90550097800008,12.860305355000037],[123.90547989000004,12.860314843000026],[123.90546204500004,12.860329078000063],[123.90545069200004,12.860335403000022],[123.9054425810001,12.860338565000063],[123.90542149200007,12.860340147000045],[123.90539391600009,12.86033382200003],[123.9053647180001,12.860319588000038],[123.90531929800011,12.860289542000032],[123.90531443200007,12.86028479600003],[123.90529821000007,12.860281634000046],[123.90526252300003,12.860291123000025],[123.90524792400004,12.860291123000025],[123.90524143500011,12.860289542000032],[123.90522683600011,12.860283215000038],[123.90521223700011,12.860273727000049],[123.90520737000008,12.860265819000062],[123.90518628200005,12.860240516000033],[123.9051765480001,12.860224702000039],[123.90516195000009,12.860194654000054],[123.90512301800004,12.860153536000041],[123.90509382000005,12.860137723000037],[123.90508084200007,12.860134559000073],[123.90506624300008,12.860136140000066],[123.90504028900011,12.860132458000066],[123.90501433500003,12.860086596000031],[123.90500622400009,12.860070782000037],[123.90500460200008,12.860064457000021],[123.90500622400009,12.860056549000035],[123.90500946900011,12.86005022300003],[123.90501433500003,12.860045479000064],[123.90501920000008,12.860032827000055],[123.90501271300002,12.860009105000074],[123.90500946800012,12.860002780000059],[123.90499000300008,12.85997747600004],[123.90497053700005,12.859960081000054],[123.90495756000007,12.85994426600007],[123.9049299830001,12.859922126000072],[123.90491862700003,12.859903149000047],[123.90491700600012,12.859896823000042],[123.90491862700003,12.859854124000037],[123.90491538400011,12.859838309000054],[123.90490889500006,12.859819332000029],[123.90490078500011,12.859803517000046],[123.9048683420001,12.859760818000041],[123.9048504970001,12.859722864000048],[123.90484238600004,12.859677003000058],[123.90484076500002,12.859650117000058],[123.90483427600009,12.85961532500005],[123.90483103200006,12.859607418000053],[123.90481481100005,12.859580533000042],[123.90480507800009,12.859571045000052],[123.90479858900005,12.859567882000022],[123.90478561100008,12.859564720000037],[123.90476939100006,12.859563138000055],[123.9047596580001,12.859558393000043],[123.90475154700005,12.859550486000046],[123.90473045900001,12.85951727500003],[123.90472721500009,12.859504624000067],[123.90472721500009,12.859488810000073],[123.90473694600007,12.859477739000056],[123.90475316800007,12.859472995000033],[123.90477912300003,12.859471413000051],[123.90479372100003,12.859466669000028],[123.90479858900005,12.859463506000054],[123.90480507700011,12.859455599000057],[123.90480669900012,12.859449274000042],[123.90480507700011,12.859428714000046],[123.90479534400004,12.859412900000052],[123.90478074500004,12.859400248000043],[123.90475316700008,12.859384434000049],[123.90474505700001,12.859373364000021],[123.9047418130001,12.859357549000038],[123.90474343500011,12.859351223000033],[123.90474992400004,12.85933857200007],[123.90476290100003,12.859330664000026],[123.90476614500005,12.85932592000006],[123.90476776700007,12.859318013000063],[123.90476452300004,12.859305361000054],[123.90475965700011,12.859295873000065],[123.90474667900003,12.859284802000047],[123.90473045800002,12.859281639000073],[123.90470450300006,12.859284802000047],[123.90468503800003,12.859292709000044],[123.90467368300006,12.859292709000044],[123.90465421700003,12.859287965000021],[123.90463150700009,12.859270569000046],[123.90462015100002,12.859256337000033],[123.90461528500009,12.859246847000065],[123.90460879700004,12.859213637000039],[123.90460879700004,12.859188333000077],[123.90460717400003,12.859174100000075],[123.90460879600005,12.859166193000021],[123.90461852900012,12.859145635000061],[123.90462664000006,12.859136145000036],[123.90463475100012,12.859132982000062],[123.90465421600004,12.859134564000044],[123.90468503700004,12.859145635000061],[123.90469963700002,12.859148797000046],[123.90472721300011,12.859147216000054],[123.90473370200004,12.859148797000046],[123.90475316700008,12.859159867000074],[123.90477750000002,12.859186752000028],[123.90479858800006,12.859202567000068],[123.90480507500001,12.859205730000042],[123.90481156500005,12.859205730000042],[123.9048180530001,12.85920098500003],[123.90482454200003,12.859191496000051],[123.90482778600006,12.859182009000051],[123.90482616400004,12.859156704000043],[123.90481643100009,12.859125075000065],[123.9048018310001,12.859085539000034],[123.90479209800003,12.859030189000066],[123.9047856090001,12.859017536000067],[123.90477587500004,12.859008048000021],[123.90475316600009,12.858993815000076],[123.90474667800004,12.858987489000071],[123.90474181100001,12.858978000000036],[123.90473856700009,12.858963767000034],[123.90473532400006,12.858934213000055],[123.90473208000003,12.858927888000039],[123.90473045800002,12.858918399000061],[123.90473208000003,12.858905748000041],[123.90474018900011,12.858885188000045],[123.90474343500011,12.858872537000025],[123.90475154500007,12.858855141000049],[123.90475803400011,12.858847234000052],[123.90476290000004,12.85884248900004],[123.90477425500001,12.858837745000073],[123.90479047700001,12.858837745000073],[123.90479696400007,12.858836163000035],[123.90480994200004,12.858839326000066],[123.90482616400004,12.858840908000047],[123.90483265100011,12.858839326000066],[123.90484725100009,12.85883300100005],[123.90486833900002,12.858812441000055],[123.90488780500004,12.858802953000065],[123.90492998000002,12.858788721000053],[123.90495755500001,12.858772905000023],[123.90499810900008,12.858766579000076],[123.90500784200003,12.858758672000022],[123.90501270900006,12.858750766000071],[123.90501919700012,12.858725461000063],[123.90502244100003,12.858717555000055],[123.90503055200008,12.858706484000038],[123.90504677300009,12.858701740000072],[123.90506137300008,12.858701740000072],[123.90507435000006,12.858695414000067],[123.90509057100007,12.858681181000065],[123.90511976900007,12.858651133000023],[123.90513274600005,12.858641645000034],[123.90517978800005,12.858614760000023],[123.90519925300009,12.858610015000068],[123.90521060800006,12.858613178000041],[123.90528036000001,12.858657458000039],[123.90531118000001,12.858666947000074],[123.90536795500009,12.858689087000073],[123.90540039700011,12.858693831000039],[123.90542959600009,12.858701738000036],[123.9054604160001,12.858714390000046],[123.90551719100006,12.858741274000067],[123.90552530100001,12.858746018000033],[123.90554476700004,12.858769740000071],[123.90555774400002,12.858795043000043],[123.90556260900007,12.858801370000037],[123.90558856500002,12.858820346000073],[123.90560640700005,12.85882825300007],[123.90561289700008,12.858832997000036],[123.90562911800009,12.858839323000041],[123.90565507100007,12.858858300000065],[123.90566642700003,12.858872533000067],[123.90567453800008,12.85888834800005],[123.90568102600002,12.85893420900004],[123.90568102700001,12.858975327000053],[123.90567940400001,12.858984816000032],[123.90567291600007,12.858995886000059],[123.90563398500001,12.85903225900006],[123.90562587500006,12.859046492000061],[123.90562587500006,12.85905598100004],[123.90564209600007,12.859089191000066],[123.90566480600012,12.859125565000056],[123.90566805000003,12.859133472000053],[123.90568913900006,12.859161938000057],[123.90570049400003,12.859171426000046],[123.90570698200008,12.859174589000077],[123.90571671500004,12.859176171000058],[123.90573131400004,12.859174589000077],[123.90575077900007,12.859161937000067],[123.90576862300009,12.859147704000065],[123.90578646600011,12.859141378000061],[123.90582377400005,12.859135052000056],[123.90586108400009,12.859135052000056],[123.9058773050001,12.859133471000064],[123.90589190500009,12.859128726000051],[123.90589839300003,12.859125563000077],[123.90590325900007,12.859120820000044],[123.90591623500006,12.85911449300005],[123.90593732400009,12.859112911000068],[123.90594381300002,12.85911449300005],[123.90597625400005,12.85912714400007],[123.90603465300001,12.859161937000067],[123.90605574000006,12.859169843000075],[123.90606385100011,12.859171424000067],[123.90609467200011,12.859184076000076],[123.90611576000003,12.859198309000021],[123.90613360300006,12.859214123000072],[123.90617577900002,12.859245752000049],[123.90620011100009,12.859256822000077],[123.90625364200002,12.859285288000024],[123.90626661900001,12.859290032000047],[123.90631852700005,12.859315335000076],[123.90639477000002,12.859362779000037],[123.90640450300009,12.859373848000075],[123.90641423600005,12.859392826000033],[123.90642396800001,12.859419711000044],[123.90643532400009,12.859429199000033],[123.90644830100007,12.859435526000027],[123.90645965700003,12.859438689000058],[123.90646776700009,12.859443432000035],[123.90647587800004,12.859445014000073],[123.90648236700008,12.859448177000047],[123.90649372200005,12.859456084000044],[123.90650507600003,12.859467154000072],[123.90652454300005,12.859490876000052],[123.90655641800004,12.859525633000032],[123.90656939500002,12.85953670300006],[123.90657588300007,12.859549356000059],[123.90659859300001,12.859584146000032],[123.90662130400005,12.859609449000061],[123.90664076900009,12.859625263000055],[123.90665050100006,12.859636333000026],[123.90666672400005,12.859661636000055],[123.90666996800007,12.859669545000031],[123.90669592200004,12.859699591000037],[123.90671863300008,12.859720149000054],[123.90675594100003,12.859745452000027],[123.90679487400007,12.859767592000026],[123.90682407100007,12.859788152000021],[123.90683218200002,12.859794477000037],[123.90685327100005,12.859816616000046],[123.90685976000009,12.859829269000045],[123.90686624900002,12.859854571000028],[123.90686787100003,12.859887781000054],[123.9068776040001,12.85993048000006],[123.90689707100012,12.859988994000048],[123.90690842700008,12.860058577000075],[123.90691815900004,12.860094951000065],[123.90693276000002,12.860128161000034],[123.90693924800007,12.860167697000065],[123.90693924800007,12.86021039600007],[123.90694736000012,12.860261003000062],[123.90696358200012,12.860310027000025],[123.90698629300005,12.860359052000035],[123.90700089200004,12.860378030000049],[123.90701549200003,12.860390681000069],[123.90703820300007,12.860406495000063],[123.90704793600003,12.860417566000024],[123.90706902300008,12.860434961000067],[123.90707389000011,12.860441287000071],[123.90709660100003,12.860460264000039],[123.90716635300009,12.860512452000023],[123.90720204200011,12.86053301100003],[123.90720690900002,12.860537755000053],[123.90723286400009,12.860553569000047],[123.90725070700012,12.860561477000033],[123.9072977510001,12.860586780000062],[123.9073272060001,12.860598044000028],[123.90733531700005,12.860596462000046],[123.9073418050001,12.860593299000072],[123.90735478200008,12.860583811000026],[123.90736938100008,12.86057590300004],[123.9073872240001,12.860560088000057],[123.90740020100009,12.860555344000034],[123.90740831100004,12.860558506000075],[123.90741480100007,12.860564832000023],[123.90742453300004,12.860598042000049],[123.90743751100001,12.860609112000077],[123.90745373300001,12.860615438000025],[123.90746184400007,12.860615438000025],[123.90748293100012,12.860607530000038],[123.90750077400003,12.860596460000068],[123.90751699500004,12.860569575000056],[123.90752186200007,12.860563249000052],[123.90752834900002,12.860558505000029],[123.90753646000007,12.860555343000044],[123.9075413270001,12.860555343000044],[123.90755592700009,12.860558505000029],[123.90756241500003,12.860555343000044],[123.90756728200006,12.86054901600005],[123.90757377000011,12.860522131000039],[123.90758188000007,12.860507898000037],[123.90759323500004,12.860493665000035],[123.90761107800006,12.860481014000072],[123.90764027700004,12.860469943000055],[123.90765974200008,12.860458872000038],[123.9076792080001,12.860450965000041],[123.90770191800004,12.860443057000055],[123.90772625000011,12.860439894000024],[123.90775220400008,12.86042407900004],[123.90778626800011,12.860411427000031],[123.90780086700011,12.860409845000049],[123.90780735600003,12.860413008000023],[123.90781708800012,12.860425660000033],[123.90782357800003,12.860428822000074],[123.90783817700003,12.860431985000048],[123.90785115400001,12.860431985000048],[123.90786088700008,12.860430403000066],[123.90787548600008,12.860424078000051],[123.90789495200011,12.860419334000028],[123.9079403720001,12.860411425000052],[123.9079695690001,12.860395610000069],[123.90800201200011,12.860371888000032],[123.90802634400006,12.860362399000053],[123.90803445500001,12.860360817000071],[123.90811718400005,12.860349746000054],[123.90817396000011,12.860363979000056],[123.90821289100006,12.860368722000032],[123.90823560100011,12.860368722000032],[123.90826642200011,12.860363976000031],[123.90830535300006,12.86035290500007],[123.90831184100011,12.860349742000039],[123.90835888400011,12.860338672000069],[123.90837672800001,12.860332345000074],[123.90839943800006,12.860319693000065],[123.90843025800007,12.860308623000037],[123.90845783500004,12.860303879000071],[123.90847243300004,12.860299133000069],[123.90849027800004,12.860295970000038],[123.90853569800004,12.860291225000026],[123.90856489700002,12.860284898000032],[123.90861031700001,12.860267501000067],[123.90864841400003,12.860256531000061],[123.90865328100006,12.860253368000031],[123.90865976800001,12.860251787000038],[123.90867599000001,12.860250205000057],[123.9087051890001,12.860258112000054],[123.9087214110001,12.860261274000038],[123.90872952100005,12.860261274000038],[123.90874898700008,12.860250204000067],[123.90875547500002,12.86023913300005],[123.90875871900005,12.860216993000051],[123.90875871800006,12.860183783000025],[123.90876196200009,12.860171131000072],[123.90879115900009,12.860134758000072],[123.90880251500005,12.860125268000047],[123.90882684500002,12.860098384000025],[123.90884469000002,12.860084150000034],[123.90887551000003,12.860068335000051],[123.90888199800008,12.860066753000069],[123.9088998420001,12.860050939000075],[123.90890795200005,12.860046194000063],[123.90891606300011,12.860046194000063],[123.90892904000009,12.860050938000029],[123.90894363900009,12.860069915000054],[123.9089468840001,12.860079404000032],[123.9089485070001,12.860103125000023],[123.90895012900012,12.860109451000028],[123.90895499600003,12.860117358000025],[123.90896148400009,12.860118940000064],[123.90896797200003,12.860117358000025],[123.90897608200009,12.860112614000059],[123.90898581600004,12.860101543000042],[123.90898906000007,12.860095218000026],[123.90899068200008,12.860080984000035],[123.90897770300012,12.860009820000073],[123.90897770300012,12.859997168000064],[123.90898419100006,12.859963958000037],[123.90898743500009,12.859954470000048],[123.90900041200007,12.859937073000026],[123.90902636400006,12.859910188000072],[123.90902798700006,12.859900699000036],[123.90902798700006,12.859894373000031],[123.90902312100002,12.859886466000034],[123.90901663200009,12.859881722000068],[123.90900527700001,12.859861163000062],[123.90900527700001,12.859853256000065],[123.90901014300005,12.85984693000006],[123.90901500900009,12.859843767000029],[123.90902798600007,12.859840605000045],[123.90904582900009,12.859843767000029],[123.9090620500001,12.859842186000037],[123.9090928710001,12.85982004400006],[123.90910747100008,12.85982004400006],[123.90911558100004,12.859821625000052],[123.90913666900008,12.859831113000041],[123.90915775600001,12.859834276000072],[123.9091853330001,12.859831112000052],[123.90921290900008,12.859820042000024],[123.90922264200003,12.859813717000065],[123.90927292800006,12.859771016000025],[123.9092923930001,12.859748876000026],[123.90930050300005,12.859736223000027],[123.90930537000008,12.859733060000053],[123.9093215900001,12.859714083000028],[123.90932645700002,12.859710920000055],[123.90934754500006,12.859688779000066],[123.90938323100011,12.859663475000048],[123.90943513900004,12.859619193000071],[123.90945136000005,12.859612867000067],[123.9094886690001,12.859592307000071],[123.90953146100003,12.859556988000065],[123.90955741500011,12.859539592000033],[123.90958174500008,12.859514288000071],[123.90959634500007,12.859490566000034],[123.90961256600008,12.85947475100005],[123.90967420600009,12.859424143000069],[123.90971800300008,12.859395676000076],[123.90974395600006,12.859373536000021],[123.90977477600006,12.859341906000054],[123.9097942410001,12.859329255000034],[123.90981046200011,12.859315021000043],[123.90982181700008,12.859307113000057],[123.90984290400002,12.859297624000021],[123.90985588100011,12.859289716000035],[123.9098996780001,12.859250179000071],[123.90993860900005,12.859223295000049],[123.90996618500003,12.859213805000024],[123.90999538300002,12.85920747800003],[123.91001647000007,12.859199570000044],[123.91004404500006,12.859183755000061],[123.91005215600001,12.859177429000056],[123.91008459900002,12.859161615000062],[123.91011217400012,12.859145799000032],[123.91013163900004,12.85913156600003],[123.91014461700001,12.859133147000023],[123.91015110600006,12.859137891000046],[123.91016083900001,12.859147379000035],[123.91017543900011,12.859172683000054],[123.91017868400002,12.859186915000066],[123.91017868400002,12.859196404000045],[123.91018355100005,12.859216962000062],[123.91018355100005,12.859232777000045],[123.91018030700002,12.859247011000036],[123.91017381800009,12.859259662000056],[123.91017057500005,12.859272313000076],[123.91017219800005,12.859288129000049],[123.91018517500004,12.859308686000077],[123.91021113000011,12.859335570000042],[123.91021924100005,12.859349803000043],[123.91023221900002,12.859367200000065],[123.91025979500012,12.85941938600007],[123.91026466300002,12.859425712000075],[123.91028412900005,12.859474736000038],[123.91028899600008,12.85949213300006],[123.91028899700007,12.85953799400005],[123.91030197500004,12.859575949000032],[123.91032144200005,12.859599670000023],[123.91035064100004,12.859623391000071],[123.91035550800007,12.859637624000072],[123.91035295300003,12.859684812000069],[123.91035619700006,12.859708535000038],[123.91035133200012,12.85973225500004],[123.91035133200012,12.859740163000026],[123.91034646600008,12.859760721000043],[123.91032700100004,12.859803421000038],[123.9102896930001,12.859858774000031],[123.91028644900007,12.859866680000039],[123.91027022900005,12.859891983000068],[123.91026374100011,12.859909379000044],[123.91026049700008,12.859925194000027],[123.9102475200001,12.859959986000035],[123.91024427700006,12.859977382000068],[123.91024427700006,12.859993197000051],[123.91024752200008,12.860005848000071],[123.91026049900006,12.86001533700005],[123.9102653650001,12.860021662000065],[123.91026698700011,12.860037477000049],[123.91026212200006,12.860043802000064],[123.91025563300002,12.860046965000038],[123.91024103400002,12.860050130000047],[123.9102199460001,12.860050130000047],[123.9102053470001,12.86005487400007],[123.91019237000012,12.860061200000075],[123.91018750300009,12.860065944000041],[123.91017290500008,12.860084922000055],[123.9101615510001,12.860113388000059],[123.91015506300005,12.86014027300007],[123.91014857500011,12.860157670000035],[123.91013235300011,12.860187717000031],[123.91010640100001,12.86022567200007],[123.91010477800012,12.860235161000048],[123.91010477900011,12.860255720000055],[123.91011775700008,12.860276278000072],[123.91011775700008,12.860287349000032],[123.91010153600007,12.860337955000034],[123.91009991600004,12.860369584000068],[123.91010478300007,12.860385399000052],[123.91011613800003,12.86040753900005],[123.91011776100004,12.860426516000075],[123.91011613900002,12.860445494000032],[123.91010965100008,12.860466053000039],[123.91010154200001,12.86050558900007],[123.91010316400002,12.860518241000022],[123.91011289800008,12.860557777000054],[123.91011289800008,12.860568847000025],[123.91011776500011,12.860587825000039],[123.91010803200004,12.86060558500003],[123.9101015440001,12.860610329000053],[123.91009018900002,12.860627725000029],[123.9100853220001,12.860640377000038],[123.91008370100008,12.860651447000066],[123.91007883500004,12.86066726200005],[123.91006748100006,12.860695729000042],[123.91006585800005,12.860705217000032],[123.91006585800005,12.860719450000033],[123.91006910400006,12.860733684000024],[123.9100918150001,12.860774801000048],[123.91009505900001,12.860787451000022],[123.91009505900001,12.860814337000022],[123.91009668200002,12.860819080000056],[123.91009830500002,12.860853872000064],[123.91009668300001,12.860861779000061],[123.91008208500011,12.860891827000046],[123.91006099800006,12.860929782000028],[123.9100350440001,12.860969319000048],[123.90999935800005,12.861013600000035],[123.90997016000006,12.861040485000046],[123.90995231600004,12.861059463000061],[123.90993285100001,12.861087930000053],[123.90991663200009,12.861129048000066],[123.90990690000001,12.861174910000045],[123.90990203300009,12.861190724000039],[123.90988094700003,12.861231842000052],[123.90986797000005,12.861247657000035],[123.90984688300011,12.861265054000057],[123.90979335300005,12.861288777000027],[123.90977875400006,12.86130617300006],[123.9097690210001,12.861326732000066],[123.90975442100012,12.861342547000049],[123.90974306700002,12.861350454000046],[123.90967169400005,12.861385247000044],[123.90964898400011,12.861389993000046],[123.90963276200011,12.861389993000046],[123.90962627300007,12.861391574000038],[123.90961816200002,12.86139631900005],[123.90961491900009,12.861402645000055],[123.90961491900009,12.861410552000052],[123.90961654200009,12.861420042000077],[123.90962465300004,12.861442181000029],[123.90962465300004,12.861457995000023],[123.90961978700011,12.861467484000059],[123.90961005400004,12.861480136000068],[123.90959221100002,12.861499114000026],[123.90957436800011,12.861514929000066],[123.90953381400004,12.861538651000046],[123.90951921500005,12.861549722000063],[123.9095111040001,12.861552885000037],[123.90950299300005,12.861559211000042],[123.90947541800006,12.861575026000025],[123.90942675300005,12.861595587000068],[123.90940891000002,12.861609820000069],[123.90939917800006,12.861630380000065],[123.90938682400008,12.861645174000046],[123.90938033600003,12.861649918000069],[123.90936735900004,12.861656244000073],[123.90935438100007,12.861659407000047],[123.90934627000001,12.861659407000047],[123.90931545100011,12.861667316000023],[123.9092830080001,12.861681549000025],[123.90926192000006,12.861695782000027],[123.90925380900001,12.861698945000057],[123.90921650100006,12.861722668000027],[123.90920028000005,12.861736902000075],[123.90919541400001,12.861743227000034],[123.90917919200001,12.861755879000043],[123.90913701700003,12.861779601000023],[123.90913052800011,12.861785927000028],[123.90911268500008,12.861796998000045],[123.90910295300012,12.861806487000024],[123.90909484200006,12.861822301000075],[123.90909484200006,12.861828627000023],[123.90909646500006,12.861834953000027],[123.9091013310001,12.861842861000071],[123.90910295300012,12.861860256000057],[123.90909159900002,12.86188872200006],[123.90907051200008,12.861921933000076],[123.90906077900001,12.861944073000075],[123.90905429100007,12.861978865000026],[123.90905429300005,12.862037379000071],[123.90905104900003,12.862050030000034],[123.90903807200004,12.862081659000069],[123.90902996200009,12.862100637000026],[123.90902022800003,12.862116452000066],[123.90901049700005,12.862141756000028],[123.90901685800009,12.862153869000053],[123.9090038810001,12.862217127000065],[123.90900063700008,12.86222345300007],[123.90899901500006,12.862231361000056],[123.90898279400005,12.862256664000029],[123.90896981700007,12.862281967000058],[123.90896657300004,12.862297783000031],[123.90893899800005,12.862380018000067],[123.90892764400007,12.862408484000071],[123.90891791100012,12.862422717000072],[123.90890980100005,12.862438532000056],[123.90888871200002,12.862468580000041],[123.90884978300005,12.862535001000026],[123.90883194000003,12.862558724000053],[123.9088108520001,12.862582445000044],[123.90880760800007,12.862588771000048],[123.90879463100009,12.86260300400005],[123.90876056500008,12.862625145000038],[123.90874272300005,12.862631472000032],[123.9087346120001,12.862633053000025],[123.90866323700004,12.862633054000071],[123.90863403900005,12.862637799000026],[123.90859835100002,12.862652032000028],[123.90858861900006,12.862658359000022],[123.90857401900007,12.862664684000038],[123.90856590900012,12.862666266000076],[123.90854644300009,12.862666266000076],[123.9085156220001,12.862658360000069],[123.90849777800008,12.862648871000033],[123.90847182300001,12.862629894000065],[123.90844749100006,12.862606174000064],[123.90843451300009,12.862596685000028],[123.90842315800012,12.862593522000054],[123.90840693700011,12.862593522000054],[123.90839071500011,12.862595104000036],[123.90836962600008,12.86260143100003],[123.90834691700002,12.86261408200005],[123.90830474200004,12.862642549000043],[123.90827878800008,12.862655201000052],[123.90824310000005,12.862666271000023],[123.90818794800009,12.862688412000068],[123.90817659200002,12.862694738000073],[123.90813279500003,12.86271371600003],[123.90812468400009,12.862720042000035],[123.90808575300002,12.862742183000023],[123.9080646650001,12.862756417000071],[123.90805817600005,12.862762743000076],[123.90802086700012,12.862788046000048],[123.90800140100009,12.86280544400006],[123.90799166800002,12.862816513000041],[123.90798355700008,12.862821257000064],[123.90797058100009,12.862832328000025],[123.90793651600006,12.862863957000059],[123.9078943400001,12.862897169000064],[123.90787649600009,12.862914566000029],[123.90787000800003,12.86291772800007],[123.90783269800011,12.862949359000027],[123.90781323300007,12.862963591000039],[123.90777916800005,12.862998384000036],[123.9077710570001,12.863009454000064],[123.9075288570001,12.863170738000065],[123.90749965900011,12.863184971000067],[123.90748506000011,12.863199205000058],[123.90746235000006,12.863216601000033],[123.90742179600011,12.863257719000046],[123.9074039520001,12.863270372000045],[123.90738610900007,12.863278278000053],[123.90736177700012,12.863284604000057],[123.90730337900004,12.863284605000047],[123.9072952680001,12.863283024000054],[123.90727904700009,12.863283024000054],[123.90726120300008,12.863286187000028],[123.90724336000005,12.863295676000064],[123.90723200500008,12.863306746000035],[123.90722227100002,12.863322561000075],[123.9072190280001,12.863341538000043],[123.90721253900006,12.863360516000057],[123.90719307400002,12.863392145000034],[123.90716711900006,12.863419030000045],[123.90712332100009,12.863445916000046],[123.90709087800008,12.863458567000066],[123.90704870100001,12.863463312000022],[123.90702761400007,12.863460150000037],[123.90699841500009,12.86345224300004],[123.90697570300006,12.863441173000069],[123.90696434900008,12.863438011000028],[123.90694488300005,12.863434849000043],[123.90693352800008,12.863434849000043],[123.90689946200007,12.863441174000059],[123.90685566400009,12.863456989000042],[123.90682808700001,12.863463315000047],[123.90679726600001,12.863472804000025],[123.90675508900006,12.863488620000055],[123.9067291340001,12.863502853000057],[123.90670804500007,12.863520249000032],[123.90669506900008,12.863528157000076],[123.90667235800004,12.863548716000025],[123.90665451500001,12.863558205000061],[123.90663018200007,12.863569276000021],[123.90662369300003,12.863569276000021],[123.90660098300009,12.863574021000034],[123.90658638200011,12.863580347000038],[123.90657016000011,12.86359774400006],[123.90653943400002,12.863617444000056],[123.90653294600008,12.863619026000038],[123.90650536900012,12.863619026000038],[123.90649725800006,12.863617445000045],[123.90647292500012,12.863619026000038],[123.90643723800008,12.863626934000024],[123.9064080390001,12.863641167000026],[123.90639830500004,12.863653819000035],[123.90638370700003,12.863677541000072],[123.90637235200006,12.863691774000074],[123.90635937500008,12.863701263000053],[123.90633828600005,12.863724985000033],[123.90633342100011,12.863737636000053],[123.90633017500011,12.863753451000036],[123.90633017700009,12.863762939000026],[123.90632693200007,12.86376926500003],[123.90632044400002,12.863772428000061],[123.90629935600009,12.863780337000037],[123.90626853500009,12.86378508100006],[123.90625880200002,12.863783500000068],[123.90624420200004,12.863777173000074],[123.90622149100011,12.863761359000023],[123.90619878200005,12.863753452000026],[123.9061890480001,12.863751870000044],[123.90617931600002,12.863755033000075],[123.90617120500008,12.863761359000023],[123.90616633900004,12.863769267000066],[123.90616147200001,12.863788244000034],[123.90616147200001,12.863824617000034],[123.90616958300006,12.863864153000065],[123.90616958300006,12.863905271000021],[123.90616796200004,12.863916341000049],[123.90617120600007,12.863949551000076],[123.90617120700006,12.863968530000022],[123.90616634000003,12.86398908700005],[123.90616147300011,12.863998576000029],[123.9061468750001,12.864014391000069],[123.90612254200005,12.864031787000044],[123.90609172100005,12.864047603000074],[123.90606252300006,12.864066579000053],[123.90604305700003,12.864082395000025],[123.90603170200006,12.864096627000038],[123.90601710300007,12.864125093000041],[123.9060057480001,12.864156722000075],[123.90599763700004,12.864172537000059],[123.90597979200004,12.86419625800005],[123.90594248400009,12.864231050000058],[123.90592950700011,12.864246865000041],[123.90591490700001,12.86427216900006],[123.90590517500004,12.864300635000063],[123.90588951300003,12.864327521000064],[123.90587978000008,12.86433859300007],[123.90585707000002,12.864373385000022],[123.9058343590001,12.864417665000076],[123.90580516200009,12.864485667000054],[123.90580354000008,12.86449357500004],[123.90578569600007,12.86454259900006],[123.90578407400005,12.864552088000039],[123.90577434000011,12.864580554000042],[123.90576136400011,12.864634323000075],[123.9057613650001,12.864675441000031],[123.90575974300009,12.864694418000056],[123.9057613650001,12.864700744000061],[123.90576298600001,12.864745024000058],[123.90575974300009,12.864790886000037],[123.90576298700012,12.864809864000051],[123.90577434300008,12.86483200400005],[123.90578894300006,12.864846237000052],[123.90579705400012,12.864858889000061],[123.90579705400012,12.864863633000027],[123.90580029800003,12.864871540000024],[123.90580192000004,12.864892099000031],[123.90580029800003,12.864907914000071],[123.90580840900009,12.864926891000039],[123.90583598500007,12.864963264000039],[123.90587167500007,12.86500280000007],[123.90588140700004,12.865018615000054],[123.9058911410001,12.86503917400006],[123.9058911410001,12.865070863000028],[123.90591222900002,12.865151518000062],[123.90591871800007,12.865167331000066],[123.90594629400005,12.86521951900005],[123.90597711700002,12.865263799000047],[123.90599009400012,12.865276451000057],[123.90599982700007,12.865289102000077],[123.90603389300009,12.865320731000054],[123.90603876000011,12.865327056000069],[123.90604362500005,12.865330219000043],[123.90605335900011,12.865341289000071],[123.9060707750001,12.865353513000059],[123.90607750300001,12.865360061000047],[123.90612289700005,12.865379682000025],[123.9061615600001,12.865389479000044],[123.90623215700009,12.865402524000046],[123.90626577900002,12.865413964000027],[123.90634479500011,12.865445024000053],[123.90636833000008,12.865451558000075],[123.90639018000002,12.865454815000021],[123.90641538900002,12.865454793000026],[123.90642715000001,12.865451506000056],[123.90646243100002,12.865438368000071],[123.90650610400007,12.865415392000045],[123.90653466800006,12.86540717500003],[123.90656659500007,12.865403871000069],[123.90660188900006,12.865405478000071],[123.90660525300007,12.86540711400005],[123.90663718700011,12.865410363000024],[123.9066640850001,12.865418531000046],[123.90669602800006,12.865431611000076],[123.90671451900005,12.865436510000052],[123.90674309500002,12.865443038000024],[123.90677502800008,12.86544464900004],[123.9067834330001,12.865446280000072],[123.90679520100002,12.86545118500004],[123.90680193300011,12.865461009000057],[123.90680362100011,12.865469200000064],[123.90680362900002,12.865477392000059],[123.90679860200009,12.865493780000065],[123.90678685800003,12.865516728000046],[123.9067683940001,12.865541320000034],[123.90675665200001,12.865564268000071],[123.90674658000012,12.865577384000062],[123.90673148300004,12.865608527000063],[123.90672141500011,12.865624920000073],[123.90671135800005,12.865654420000055],[123.90670800200007,12.865659338000057],[123.90670465300002,12.865672449000044],[123.90669794400003,12.865687201000071],[123.90668283700006,12.865708514000062],[123.90665932500008,12.865724917000023],[123.90665092300003,12.865726563000067],[123.90663915900006,12.865726573000074],[123.90661394400001,12.865720041000031],[123.90653827600011,12.865675871000064],[123.90653323000004,12.865670960000045],[123.90648614600002,12.865641511000035],[123.90647773400008,12.865633325000033],[123.90645251300009,12.865618601000051],[123.90642056800004,12.865603883000063],[123.90637349800011,12.865590818000044],[123.90632811700004,12.865584303000048],[123.90628778300004,12.865584338000076],[123.90627937900001,12.865582707000044],[123.90625585200007,12.865584366000064]]]]},"properties":{"objectid":32099,"gthcode":"8010562100230000","globalid":"{B010C5F9-7C7B-43BB-BBBB-116E52E31A42}","st_area(shape)":0.00026394111639403147,"reg_name":"Region V (Bicol Region)","prov_name":"Sorsogon","city_name":"Juban","brgy_name":"Sablayan","reg_code":"050000000","prov_code":"056200000","city_code":"056210000","brgy_code":"056210023","psgc_10d":"0506210023","geographic_level":"Bgy","old_names":"","class":"Municipality","income_class":"","urban_rural2015":"R","bgypop2015":968,"bgypop2020":994,"bgyarea_sqkm":3.16928535,"gida":"Yes","gida_yr":"2023","st_perimeter(shape)":0.13710699544698274,"created_user":null,"created_date":null,"last_edited_user":"ADMIN2","last_edited_date":1748789466000}},{"type":"Feature","id":37623,"geometry":{"type":"Polygon","coordinates":[[[123.99671262800007,12.81429455500006],[123.99782029500011,12.825028202000055],[123.99548628900004,12.823094344000026],[123.99271628800011,12.822134424000069],[123.98810028900004,12.820929530000058],[123.98176029100011,12.819341670000028],[123.97081369900002,12.817167657000027],[123.97157528800005,12.815752966000048],[123.97301690300003,12.81584553600004],[123.9783502680001,12.814204034000056],[123.97944926200012,12.813432080000041],[123.98098225800004,12.813222086000053],[123.98172225100006,12.812261147000072],[123.98263025000006,12.812220145000026],[123.98305024400008,12.811386199000026],[123.98452223700008,12.810512249000055],[123.98581223100007,12.809892284000057],[123.98660522300008,12.808689361000063],[123.98618521600008,12.807291457000076],[123.98718224600009,12.806882036000047],[123.98903120300008,12.805810542000074],[123.99033620200009,12.806038519000026],[123.99179499200011,12.805310139000028],[123.99153898900011,12.805679921000035],[123.9914963220001,12.806063925000046],[123.99151054400011,12.806433707000053],[123.99166699000011,12.806647043000055],[123.99189454900011,12.806718155000056],[123.99213632900012,12.806632821000051],[123.99254877800001,12.806860379000057],[123.99259144600001,12.807159049000063],[123.99250611100001,12.807543054000064],[123.99253455600001,12.808069282000076],[123.99270522500001,12.808538621000025],[123.99280478100002,12.80903640400004],[123.99283322600002,12.809519966000039],[123.99269100200002,12.809889748000046],[123.99256300100001,12.810415976000058],[123.99271944700001,12.810657757000058],[123.99306078400002,12.810814203000064],[123.99374390600008,12.811471920000031],[123.99427321900009,12.812283854000043],[123.99503219400003,12.813382140000044],[123.99671262800007,12.81429455500006]]]},"properties":{"objectid":37623,"gthcode":"8010562100240000","globalid":"{337913EF-CF68-467B-B206-253CD6FE53A4}","st_area(shape)":0.0002218913534196991,"reg_name":"Region V (Bicol Region)","prov_name":"Sorsogon","city_name":"Juban","brgy_name":"Sipaya","reg_code":"050000000","prov_code":"056200000","city_code":"056210000","brgy_code":"056210024","psgc_10d":"0506210024","geographic_level":"Bgy","old_names":"","class":"Municipality","income_class":"","urban_rural2015":"R","bgypop2015":642,"bgypop2020":757,"bgyarea_sqkm":2.6649945300000004,"gida":"Yes","gida_yr":"2023","st_perimeter(shape)":0.077927214748728282,"created_user":null,"created_date":null,"last_edited_user":"ADMIN2","last_edited_date":1748789467000}},{"type":"Feature","id":37814,"geometry":{"type":"Polygon","coordinates":[[[123.9955705970001,12.844657915000028],[123.99496480800008,12.846102184000074],[123.99491192700009,12.846639802000027],[123.99449769700004,12.847767918000045],[123.9942665320001,12.848341568000023],[123.9907418790001,12.846802779000029],[123.99038066300011,12.847643919000063],[123.98997487300005,12.847498844000029],[123.98918901500008,12.847138947000076],[123.98886085100003,12.847004685000059],[123.98631132700007,12.846571614000027],[123.98716701800004,12.844734175000042],[123.98792226100011,12.843784407000044],[123.98789999400003,12.841959331000055],[123.99039398800005,12.843253923000077],[123.99076184100011,12.84341437300003],[123.99164022700006,12.843712204000042],[123.99205473900008,12.843838428000026],[123.99237983300009,12.844005707000065],[123.9955705970001,12.844657915000028]]]},"properties":{"objectid":37814,"gthcode":"8010562100200000","globalid":"{EF8BAE26-8EF5-4F1D-8784-6B8BC7F6AF9F}","st_area(shape)":3.068279620742178e-05,"reg_name":"Region V (Bicol Region)","prov_name":"Sorsogon","city_name":"Juban","brgy_name":"South Poblacion","reg_code":"050000000","prov_code":"056200000","city_code":"056210000","brgy_code":"056210020","psgc_10d":"0506210020","geographic_level":"Bgy","old_names":"","class":"Municipality","income_class":"","urban_rural2015":"R","bgypop2015":1304,"bgypop2020":1362,"bgyarea_sqkm":0.36846858999999998,"gida":"No","gida_yr":null,"st_perimeter(shape)":0.026183887756725609,"created_user":null,"created_date":null,"last_edited_user":"ADMIN2","last_edited_date":1748789495000}},{"type":"Feature","id":38299,"geometry":{"type":"Polygon","coordinates":[[[123.98789999400003,12.841959331000055],[123.98578181400001,12.84246227400007],[123.98348648500007,12.843839604000038],[123.97838915500006,12.845217072000025],[123.97116345100005,12.844885010000041],[123.96847844200011,12.842450188000043],[123.96603642900004,12.839364409000041],[123.96121441300011,12.83511272100003],[123.97081369900002,12.817167657000027],[123.98176029100011,12.819341670000028],[123.98810028900004,12.820929530000058],[123.99271628800011,12.822134424000069],[123.99548628900004,12.823094344000026],[123.99782029500011,12.825028202000055],[123.99806430300009,12.826459104000037],[123.9968443140001,12.828091001000075],[123.99750642300012,12.829716411000049],[123.9973521500001,12.829953309000075],[123.9971602170001,12.830049918000043],[123.99682887800009,12.830141499000035],[123.99644117100001,12.830163232000075],[123.99607034100006,12.830282044000057],[123.99571212000001,12.83071671700003],[123.99548384400009,12.831211316000065],[123.99521118000007,12.831661528000041],[123.99456439700009,12.832999481000058],[123.99419661800005,12.833544808000056],[123.99394297800006,12.833811131000061],[123.99362592700004,12.834134522000056],[123.99320742100008,12.834527665000053],[123.99294109800007,12.834908126000073],[123.99274452700001,12.835301268000023],[123.99245284000006,12.835535886000059],[123.9921231080001,12.835634171000038],[123.99144779000005,12.835767333000035],[123.99080100700007,12.835691241000063],[123.99043956900005,12.835605637000072],[123.98991643600004,12.83551052200005],[123.98961206700005,12.835520033000023],[123.98903728200003,12.835789883000075],[123.98854514700008,12.83606631300006],[123.98809022400008,12.836404604000052],[123.98784826700012,12.836900632000038],[123.98777798200001,12.837185544000022],[123.98776272500004,12.837553935000074],[123.9878498170001,12.837978953000061],[123.98796790800009,12.838368439000021],[123.98800733600001,12.838758536000057],[123.98792900700005,12.839189900000065],[123.98780487900001,12.839533894000056],[123.98767171700001,12.839847774000077],[123.98767171700001,12.840142631000049],[123.98781439000004,12.84050406800003],[123.98804237200011,12.840846044000045],[123.98809022400008,12.841217432000064],[123.98807120100003,12.841616916000021],[123.98789999400003,12.841959331000055]]]},"properties":{"objectid":38299,"gthcode":"8010562100250000","globalid":"{47182542-3566-4981-8CC7-8A7660316AFB}","st_area(shape)":0.00067482768883411184,"reg_name":"Region V (Bicol Region)","prov_name":"Sorsogon","city_name":"Juban","brgy_name":"Taboc","reg_code":"050000000","prov_code":"056200000","city_code":"056210000","brgy_code":"056210025","psgc_10d":"0506210025","geographic_level":"Bgy","old_names":"","class":"Municipality","income_class":"","urban_rural2015":"R","bgypop2015":1568,"bgypop2020":1414,"bgyarea_sqkm":8.1044288499999997,"gida":"No","gida_yr":null,"st_perimeter(shape)":0.10395259767133888,"created_user":null,"created_date":null,"last_edited_user":"ADMIN2","last_edited_date":1748789495000}},{"type":"Feature","id":39959,"geometry":{"type":"MultiPolygon","coordinates":[[[[123.91226858100003,12.857091137000054],[123.91221148900001,12.85709115700007],[123.91219688500007,12.857095045000051],[123.91217431500002,12.857097642000042],[123.91215970900009,12.857095058000027],[123.91213979100007,12.857088593000071],[123.91211987400004,12.857086011000035],[123.91206411000007,12.857087325000066],[123.91205348700009,12.857083445000058],[123.91204950200006,12.85707956300007],[123.91204152900002,12.857061444000067],[123.91202957500002,12.857047209000029],[123.91199371800008,12.857025216000068],[123.91197512300005,12.857007101000022],[123.91196316700007,12.856988983000065],[123.91195519400003,12.856970863000072],[123.91195253500007,12.856960509000032],[123.91194987000006,12.85693462100005],[123.91194985800007,12.856899671000065],[123.91196178500002,12.856838829000026],[123.9119630890001,12.856771517000027],[123.91195909800001,12.85675210200003],[123.91195776400002,12.856732686000043],[123.91196439200007,12.856705501000022],[123.91196040400007,12.856689969000058],[123.91195376000007,12.856675733000031],[123.9119351600001,12.856644673000062],[123.91192984500003,12.856633024000075],[123.91190061900011,12.856589024000073],[123.91189264700006,12.856572199000027],[123.91188865900006,12.856559256000025],[123.91188599000009,12.856521718000067],[123.91187934400011,12.85650230400006],[123.91187401600007,12.856453117000058],[123.91187666700012,12.856442761000039],[123.91188064800008,12.856436287000065],[123.91189790600004,12.856429809000076],[123.91190852500006,12.856422039000051],[123.91191250700001,12.856418154000039],[123.91191648500001,12.856405209000059],[123.91191117000005,12.856393560000072],[123.9118978890001,12.856381915000043],[123.91187796500003,12.856359916000031],[123.91186733500001,12.85633791500004],[123.91186334300005,12.856314616000077],[123.91185670100003,12.856304263000027],[123.91184873200007,12.856297794000056],[123.9118434180001,12.856288734000032],[123.91184075900003,12.856278380000049],[123.91184075700005,12.856271908000053],[123.91185402400004,12.856244720000063],[123.91187258900004,12.856182580000052],[123.91187258400009,12.856168342000046],[123.91186992700011,12.856163165000055],[123.91184867600009,12.856142461000047],[123.91180485700011,12.856130826000026],[123.91176369100003,12.856112718000077],[123.91175572200007,12.856107543000064],[123.91172384600009,12.856076487000053],[123.91170923600009,12.856064842000023],[123.91168666100009,12.856053200000076],[123.91165877500009,12.856044148000024],[123.91164151200007,12.856036387000074],[123.91161761100011,12.856031218000055],[123.91159636800012,12.856035108000071],[123.91158043900009,12.856044175000022],[123.91155919900007,12.856053243000076],[123.91154061500004,12.856064899000046],[123.91153397700009,12.856067490000044],[123.9115153890001,12.856067497000026],[123.91149281000003,12.856048088000023],[123.91147953200004,12.856045503000075],[123.91146227100012,12.856045509000069],[123.91145165000012,12.856046807000041],[123.91143837400011,12.856051989000036],[123.91141846300002,12.856063646000052],[123.91141448100007,12.856068825000023],[123.91140519400005,12.856088245000024],[123.91139193300012,12.856132260000038],[123.91137998900001,12.856146503000048],[123.9113640600001,12.856158159000074],[123.91135211200003,12.856162046000065],[123.9113454730001,12.856162048000044],[123.91133485000012,12.856158169000025],[123.91133086400009,12.856151698000076],[123.91131029500002,12.856137994000051],[123.91129435700009,12.856122466000045],[123.91127443500011,12.856106940000075],[123.91124522300004,12.856099183000026],[123.9112359290001,12.856099186000051],[123.91122398000005,12.856101779000028],[123.91120539700012,12.856114730000058],[123.9112000880001,12.856121204000033],[123.91119149000008,12.856145088000062],[123.9111828450001,12.85616910400006],[123.91116824900007,12.856194998000035],[123.91114834000007,12.856213126000057],[123.91113639300011,12.856219603000056],[123.9111257720001,12.856222195000043],[123.91110452900011,12.85622349700003],[123.91109125000003,12.856218324000054],[123.91107664200001,12.856207973000039],[123.91107258200009,12.856203227000037],[123.91107000000011,12.856200209000065],[123.91106601400008,12.856192444000044],[123.91106335500001,12.856180795000057],[123.91105671100001,12.856166558000041],[123.9110500700001,12.856158794000066],[123.91104475700001,12.856154912000022],[123.91103944600002,12.856153620000043],[123.9110168740001,12.856151038000064],[123.9109642630001,12.856152992000034],[123.91183282700001,12.854529280000065],[123.91235487300003,12.853553358000056],[123.91374228000006,12.847871114000043],[123.91712835700002,12.845749716000057],[123.92010647300003,12.843383542000026],[123.92328857000007,12.840609406000056],[123.92594031700003,12.83612183300005],[123.92710902900001,12.830389202000049],[123.93290943700003,12.830834160000052],[123.94037943300009,12.832348018000062],[123.94212943100001,12.832601992000036],[123.94359842900008,12.832657980000022],[123.94276616900004,12.844046129000048],[123.94262410100009,12.848184822000064],[123.94262047600012,12.848181288000035],[123.94260818900011,12.848160887000063],[123.94260818700002,12.848131094000053],[123.94259853600011,12.848096598000041],[123.94259371100009,12.848088758000074],[123.94258084400008,12.848077782000075],[123.94256958500011,12.848071510000068],[123.94254706900006,12.848071511000057],[123.94253581100008,12.848080920000029],[123.94252616200004,12.848096601000066],[123.94252133800001,12.848115417000031],[123.94251330000009,12.84818597900005],[123.94251330200007,12.848233021000055],[123.9425149110001,12.848247133000029],[123.94250447200011,12.848296617000074],[123.94250608100003,12.848301321000065],[123.94250769100006,12.848345226000049],[123.9425093000001,12.848353066000072],[123.94251091100011,12.848420492000059],[123.94251573800011,12.848461260000022],[123.9425157390001,12.848486349000041],[123.94251895600007,12.848498893000055],[123.94251895800005,12.848520846000042],[123.94251735000012,12.84852711800005],[123.94250770000008,12.84854123100007],[123.94249161800008,12.848549071000036],[123.94248357600009,12.848550640000042],[123.94246266800008,12.848547505000056],[123.94244819400001,12.848552209000047],[123.94243372000005,12.848567890000027],[123.94242246200008,12.848588275000054],[123.94242407200011,12.848610228000041],[123.94243533100007,12.848643156000037],[123.94243372400001,12.848663541000064],[123.9424289000001,12.848676085000022],[123.94242407500008,12.84868235700003],[123.94241442600003,12.848693334000075],[123.9423967350001,12.848704311000063],[123.94238387000007,12.848724696000033],[123.94237582900007,12.848754489000044],[123.94237583200004,12.848806234000051],[123.94237100800001,12.848829755000054],[123.94236136000006,12.848859548000064],[123.94236136000006,12.848865820000071],[123.94235814400008,12.848872092000022],[123.94235653600003,12.848879933000035],[123.94234527900005,12.848905022000054],[123.94233241300003,12.848925407000024],[123.9423227640001,12.848934815000064],[123.94230185600009,12.848942656000077],[123.94227129800004,12.848942658000055],[123.94225682400008,12.848945795000077],[123.94225039100002,12.848950499000068],[123.94224717400004,12.84895520300006],[123.94224074200008,12.84897558800003],[123.94224878500006,12.84900067600006],[123.94226004400002,12.849019492000025],[123.94226647800008,12.849033604000056],[123.94226647800008,12.849053988000037],[123.9422600470001,12.849083781000047],[123.94224557400003,12.84912141500007],[123.94223753300002,12.849135528000033],[123.94220215200005,12.849174730000072],[123.94217802800006,12.849188843000036],[123.94216998600007,12.849191980000057],[123.94212977900008,12.849193550000052],[123.94212173700009,12.849196686000028],[123.94210243800001,12.849199823000049],[123.94209600500005,12.849202959000024],[123.94208313800004,12.84920452800003],[123.94204559500008,12.849223116000076],[123.94199413000001,12.849245071000041],[123.94193783900005,12.849263890000032],[123.94191853900008,12.849278004000041],[123.94189763200006,12.849288981000029],[123.94187672400005,12.849296822000042],[123.94182686600004,12.849310937000041],[123.94179309200001,12.849325051000051],[123.94176575100005,12.849334460000023],[123.94172876000005,12.849351711000054],[123.94172071800006,12.849354847000029],[123.94171589300004,12.849354847000029],[123.94169498600002,12.849365824000074],[123.94167729500009,12.849379938000027],[123.94167247000007,12.849386210000034],[123.9416612120001,12.849395619000063],[123.94163548000006,12.849414436000075],[123.94160009800009,12.849434823000024],[123.94158562300004,12.849441095000032],[123.94157436500006,12.849448936000044],[123.94155667400003,12.849447369000075],[123.94153898200011,12.849437961000035],[123.94153094000001,12.849437962000025],[123.9415180740001,12.849447370000064],[123.9415100330001,12.849456779000036],[123.94150520800008,12.849467756000024],[123.94149877600012,12.849497549000034],[123.94149556100001,12.849541454000075],[123.94149556200011,12.849563406000073],[123.94149073800008,12.849591631000067],[123.94148108900004,12.849602608000055],[123.94145053200009,12.849622994000072],[123.94141675900005,12.849657492000063],[123.94140871800005,12.849670037000067],[123.94140067800004,12.849704534000068],[123.94140228700007,12.849726486000066],[123.94140711300008,12.84975471100006],[123.94140711300008,12.849765687000058],[123.9414038970001,12.849779799000032],[123.94139746500002,12.849790776000077],[123.94139103200007,12.849797048000028],[123.94138620700005,12.84980018400006],[123.94136690700009,12.849806457000057],[123.94135404100007,12.849812730000053],[123.94133635000003,12.849826843000073],[123.94132509300005,12.849845660000028],[123.94131705200004,12.849877021000054],[123.94131705400002,12.849911518000056],[123.94132027100011,12.849931902000037],[123.9413202720001,12.849941310000077],[123.94132831400009,12.849963262000074],[123.94133313900011,12.849967966000065],[123.94133957300005,12.849978942000064],[123.94134118200009,12.849994623000043],[123.94133635800006,12.850008735000074],[123.94131866800001,12.850044801000024],[123.94131545200003,12.850058913000055],[123.94131706100006,12.850069889000054],[123.94131867200008,12.850132611000049],[123.94132028000001,12.850138883000056],[123.94132028200011,12.850189060000048],[123.94132189100003,12.850196900000071],[123.9413218950001,12.850283142000023],[123.94132028700005,12.850289414000031],[123.94132028900003,12.850347432000035],[123.9413186810001,12.850353704000042],[123.94131707500003,12.850397609000026],[123.94130903400003,12.850416426000038],[123.94130420900001,12.850422698000045],[123.94127204400002,12.850441516000046],[123.94124470300005,12.850463469000033],[123.94123827100009,12.850476014000037],[123.94123344700006,12.850496399000065],[123.94122379800001,12.850521345000061],[123.94122219100007,12.85055270600003],[123.94122862600011,12.850584067000057],[123.9412286270001,12.850623268000049],[123.94122701900005,12.850629540000057],[123.94121897800005,12.850640516000055],[123.94120289500006,12.850654630000065],[123.94119324600001,12.850667174000023],[123.94118842100011,12.850679719000027],[123.9411884220001,12.85068755900005],[123.94119324700011,12.850700103000065],[123.94119807200002,12.850706375000073],[123.94122541500008,12.85072832700007],[123.94123184900002,12.850740871000028],[123.94123184900002,12.850754983000058],[123.9412270250001,12.850783208000053],[123.94121576800001,12.850809865000031],[123.94120129400005,12.850833386000033],[123.94118360400012,12.850853771000061],[123.9411787790001,12.850856908000026],[123.94115143900001,12.850894542000049],[123.94114018100004,12.85091335900006],[123.94112892400005,12.850938448000022],[123.94110962600007,12.850969809000048],[123.94109193500003,12.850990194000076],[123.94105494500002,12.851015284000027],[123.94104368700005,12.851029397000048],[123.94102921300009,12.851056054000026],[123.94102599700011,12.851071735000062],[123.94102599900009,12.851121912000053],[123.94101956700001,12.851148569000031],[123.94101152600001,12.851168954000059],[123.94100187800007,12.851200315000028],[123.94099866100009,12.851208155000052],[123.94098579600006,12.851228540000022],[123.94097132100001,12.851245789000075],[123.94095684700005,12.851258334000022],[123.94093915600001,12.851280287000066],[123.94092950800007,12.851306944000044],[123.94092946400008,12.851343443000076],[123.9409262480001,12.851362259000041],[123.9409182070001,12.851382644000068],[123.9408940830001,12.851409302000036],[123.94088121700008,12.851442231000021],[123.94087960900004,12.851448504000075],[123.94087961100001,12.851484569000036],[123.9408828280001,12.851504953000074],[123.94088282900009,12.851519065000048],[123.94088122100004,12.851533178000068],[123.94087639700001,12.851548858000058],[123.94086835500002,12.851562971000021],[123.9408635310001,12.851567675000069],[123.94083458200009,12.851589629000046],[123.94082493200006,12.851603742000066],[123.94081367500007,12.851630399000044],[123.94081367500007,12.851638239000067],[123.94082010900001,12.851649215000066],[123.94083136800009,12.851661759000024],[123.94084101800001,12.851669599000047],[123.94084262700005,12.851685279000037],[123.94083941100007,12.851707232000024],[123.94082011300009,12.851757410000062],[123.94081528800007,12.851763682000069],[123.94080563900002,12.85178406700004],[123.94079438200004,12.85181386000005],[123.9407847330001,12.851845221000076],[123.94077830100002,12.851859334000039],[123.94075578600007,12.851898536000022],[123.94073327000001,12.85192362500004],[123.94071879600006,12.851942442000052],[123.94070271400005,12.85196909900003],[123.94069145600008,12.851992620000033],[123.94067054900006,12.852027118000024],[123.94066733300008,12.852030254000056],[123.94064481800001,12.852071024000054],[123.94063999400009,12.852089840000076],[123.94063677700001,12.852096113000073],[123.94063356200002,12.852122769000061],[123.94063034500005,12.852135314000066],[123.94063034600003,12.852152562000072],[123.94063195500007,12.852160402000038],[123.94064160500011,12.85217921800006],[123.94065768900009,12.85219489800005],[123.94066412300003,12.852207442000065],[123.94066412400002,12.852234099000043],[123.94064804400011,12.852304661000062],[123.94064482800002,12.85233131800004],[123.94064483000011,12.852365814000052],[123.94064804700008,12.852395607000062],[123.94064804800007,12.852415991000044],[123.94064483200009,12.852428536000048],[123.94063839900002,12.852444216000038],[123.94062231700002,12.852469306000046],[123.94061106000004,12.852494395000065],[123.94061106000004,12.852502235000031],[123.94061910300002,12.852528891000077],[123.94063446000007,12.852540200000021],[123.94065376000003,12.852544903000023],[123.94066823600008,12.852551175000031],[123.94067949400005,12.852559014000065],[123.94070522900006,12.852582534000021],[123.94071327100005,12.852595078000036],[123.94071648800002,12.852609190000067],[123.94071648900001,12.852621735000071],[123.94071488100008,12.852628007000021],[123.94070523100004,12.852646824000033],[123.94069397300007,12.852656233000062],[123.94067467400009,12.852668778000066],[123.94066502400005,12.852678186000048],[123.94065698300005,12.852690731000052],[123.94065215800003,12.852703275000067],[123.94064733400012,12.852737772000069],[123.94064251000009,12.852751885000032],[123.94064251100008,12.85277227000006],[123.94065698600002,12.852789517000076],[123.94067950400006,12.85280362900005],[123.94068272000004,12.852808333000041],[123.94068593800012,12.852822445000072],[123.94068593800012,12.852830285000039],[123.94068111400009,12.85286478200004],[123.94068111500007,12.852882031000036],[123.94068915800005,12.852913391000072],[123.94069559200011,12.85292593500003],[123.94069880900008,12.852938479000045],[123.94070041800001,12.852946320000058],[123.94070041800001,12.852962000000048],[123.94068755300009,12.853013746000045],[123.94068272900006,12.853026290000059],[123.9406762970001,12.853051379000021],[123.94067468900005,12.853063923000036],[123.94067468900005,12.853079604000072],[123.94067951500006,12.85309214800003],[123.94068273300002,12.853120372000035],[123.94067790800011,12.853139189000046],[123.94066021800006,12.853176823000069],[123.9406537860001,12.853198775000067],[123.94065056900001,12.853211320000071],[123.94064574600009,12.853252089000023],[123.94063770600008,12.853292858000032],[123.94063609900002,12.853322651000042],[123.94063449100008,12.853328923000049],[123.94063449300006,12.853375964000065],[123.94063288500001,12.853382236000073],[123.94063288500001,12.853399485000068],[123.94062806200009,12.85343398200007],[123.94062323700007,12.853452799000024],[123.94061037200004,12.853481024000075],[123.94060393900008,12.853488864000042],[123.94058946400003,12.853501409000046],[123.94055729800004,12.853521795000063],[123.94054121600004,12.853540612000074],[123.94053639100002,12.853548452000041],[123.94053317500004,12.853560996000056],[123.94053156700011,12.853570405000028],[123.9405315680001,12.853593925000041],[123.9405412210001,12.853677031000075],[123.94054443900006,12.853692711000065],[123.94055087300001,12.853711528000076],[123.94056213200008,12.853731912000057],[123.94057821600006,12.853749160000064],[123.94063933500001,12.853781687000037],[123.94064898600004,12.85379109400003],[123.94066185300005,12.85380050200007],[123.94066989500004,12.853813046000027],[123.94067472100005,12.853828726000074],[123.94067633000009,12.853853815000036],[123.94067472200004,12.853860087000044],[123.94067311400011,12.853889880000054],[123.94067633200007,12.853914969000073],[123.94068437400006,12.853933785000038],[123.9406908090001,12.853965146000064],[123.94068920100005,12.853972986000031],[123.9406875950001,12.854031003000046],[123.94068598700005,12.854037276000042],[123.94068599000002,12.854126654000027],[123.94068759900006,12.854140766000057],[123.94069725100007,12.85419564700004],[123.94071172700001,12.854227007000077],[123.94072781200009,12.854255232000071],[123.94073585500007,12.854280320000044],[123.94073585600006,12.854302272000041],[123.94072942300011,12.854330497000035],[123.94070369200006,12.854383812000037],[123.9406972590001,12.854401060000043],[123.94069565100006,12.854415173000064],[123.94071817000008,12.854459077000058],[123.94072943000003,12.854498277000062],[123.94072943000003,12.854506118000074],[123.94072138900003,12.854518662000032],[123.94071656400001,12.854523366000024],[123.94070443400005,12.854529280000065],[123.94070369800011,12.854529639000077],[123.94069565600012,12.854531207000036],[123.94068761400001,12.854531208000026],[123.9406806930001,12.854529280000065],[123.94067635600004,12.854528072000051],[123.94066188000011,12.854520232000027],[123.9406490130001,12.854510825000034],[123.94064258000003,12.854510825000034],[123.94063775500001,12.854513961000066],[123.9406298990001,12.854529280000065],[123.94062649700004,12.854535914000053],[123.94062649800003,12.854551595000032],[123.94063132400004,12.854578251000021],[123.94063132400004,12.854593931000068],[123.94062489100008,12.854604908000056],[123.94061524200004,12.854612748000022],[123.94060559200011,12.854615885000044],[123.94058950800002,12.854615885000044],[123.94057664100001,12.854612750000058],[123.94056538200005,12.854603342000075],[123.94055251500004,12.854579822000062],[123.94054768900003,12.85457668600003],[123.94053964800003,12.85457668600003],[123.94053321400008,12.854579823000051],[123.94052195600011,12.854589231000034],[123.94051874000002,12.854595504000031],[123.94051391500011,12.854600208000022],[123.94050587400011,12.854619025000034],[123.94050748300003,12.854631569000048],[123.94052195900008,12.854658225000037],[123.94053321800004,12.854672337000068],[123.94053643500001,12.854678609000075],[123.94053804400005,12.854686449000042],[123.94053804500004,12.854708401000039],[123.94053643700011,12.854719378000027],[123.94049301400003,12.854793077000068],[123.94048658100007,12.854797781000059],[123.9404544140001,12.854802487000029],[123.94044958900008,12.854807191000077],[123.94044154900007,12.854833848000055],[123.94044154900007,12.854849528000045],[123.94044315800011,12.854866777000041],[123.94044798400012,12.854880889000071],[123.94045281000001,12.854902841000069],[123.94046728700005,12.854940331000023],[123.94047693900006,12.854979531000026],[123.94048176400008,12.854985803000034],[123.94048659000009,12.854990507000025],[123.94049302300004,12.854993643000057],[123.94050106500003,12.854993643000057],[123.94051554000009,12.85498737000006],[123.9405444890001,12.854965416000027],[123.94055092300005,12.854962280000052],[123.94056700600004,12.854962279000063],[123.94057344000009,12.854963847000022],[123.94059274000006,12.854976391000037],[123.94059756600006,12.854981095000028],[123.94060400000001,12.854992071000026],[123.94061043400006,12.855012455000065],[123.94061043500005,12.855037544000027],[123.9406120430001,12.855043816000034],[123.94061365300001,12.855081449000068],[123.94061687100009,12.85510653700004],[123.94062169600011,12.855111241000031],[123.94063938800002,12.85512221700003],[123.94066190600006,12.855152009000051],[123.94066834000012,12.855156713000042],[123.94068120700001,12.855161416000044],[123.94069407400002,12.855161416000044],[123.94070050700009,12.855162983000071],[123.94071980800004,12.855172391000053],[123.94072945800008,12.855184935000068],[123.94073267500005,12.855191207000075],[123.94073589300001,12.855203751000033],[123.9407439360001,12.855241384000067],[123.94075197800009,12.855253928000025],[123.94075519500007,12.855266472000039],[123.94075358800001,12.855289993000042],[123.94075037100004,12.855300969000041],[123.94075037200002,12.855318217000047],[123.94075841500012,12.855351146000032],[123.94076645700011,12.855363690000047],[123.94078575800006,12.855371529000024],[123.94079862500007,12.855379369000048],[123.94080666800005,12.855390345000046],[123.94082275300002,12.855434249000041],[123.94083079600011,12.855471882000074],[123.94082918900006,12.855503243000044],[123.94082114800005,12.855529900000022],[123.94081149900001,12.855547149000074],[123.94080024100003,12.855556557000057],[123.94076968200011,12.855567535000034],[123.94073751600001,12.855586353000035],[123.94069569900012,12.855606739000052],[123.94067639900004,12.855619284000056],[123.94063136600005,12.855639670000073],[123.94061367500001,12.855653783000037],[123.94060563300002,12.855667896000057],[123.9405927680001,12.855710233000025],[123.94058794300008,12.855716505000032],[123.94057668500011,12.855725914000061],[123.94056060200012,12.855732187000058],[123.9405268270001,12.85575570900005],[123.94050752700002,12.855763549000073],[123.94050109400007,12.855765118000022],[123.94045445200004,12.855763551000052],[123.94041102600011,12.855763553000031],[123.94040298400012,12.855765121000047],[123.94038690100001,12.855765122000037],[123.94037242500008,12.855758850000029],[123.94035473300005,12.855743171000029],[123.94034990800003,12.855736899000021],[123.94033864900007,12.855729059000055],[123.94031934800012,12.855725924000069],[123.94029200700004,12.855733765000025],[123.94028396500005,12.855733765000025],[123.94026305600005,12.855727494000064],[123.94022767200011,12.855705542000067],[123.94019550500002,12.855725928000027],[123.94018103000008,12.855727497000032],[123.94016816300007,12.855719657000066],[123.94016172900001,12.855707113000051],[123.9401569040001,12.85570240900006],[123.94014886200011,12.855700841000044],[123.94013599600009,12.855703978000065],[123.94012473700002,12.855711818000032],[123.94011669600002,12.855725931000052],[123.94010383000011,12.855743180000047],[123.94009257200003,12.855749452000055],[123.9400829220001,12.855749453000044],[123.94007005500009,12.855746317000069],[123.94003949600005,12.855730638000068],[123.94002662900004,12.85573534200006],[123.94000250500005,12.855762000000027],[123.93999928800008,12.855766704000075],[123.93999768000003,12.855774544000042],[123.93999768000003,12.855780816000049],[123.94000250600004,12.855799633000061],[123.9400089400001,12.855812177000075],[123.94000733300004,12.855837265000048],[123.94000411600007,12.855843537000055],[123.93998964100001,12.855848242000036],[123.93997838300004,12.855857651000065],[123.93997355800002,12.855870195000023],[123.93996873500009,12.855903124000065],[123.9399526520001,12.855926645000068],[123.93993817700004,12.855942326000047],[123.93993335300001,12.855954870000062],[123.93992370300009,12.855968983000025],[123.93990601100006,12.855970552000031],[123.93986741000003,12.855953305000071],[123.93986097700008,12.855951737000055],[123.93983524300006,12.855937625000024],[123.93981594200011,12.855929786000047],[123.93979825000008,12.855918810000048],[123.93977734100008,12.855909403000055],[123.93975804000002,12.855898427000056],[123.93973069800006,12.855892156000039],[123.93972265700006,12.855892156000039],[123.93968244700011,12.855882750000035],[123.93967601400004,12.85587961400006],[123.93964706300005,12.855871775000026],[123.93962615400005,12.855860799000027],[123.93961167900011,12.855845119000037],[123.93959559400002,12.855816895000032],[123.93959559400002,12.855809055000066],[123.93959881000001,12.855802783000058],[123.93960846000004,12.85579180600007],[123.93962132600006,12.855782397000041],[123.93962132600006,12.855774557000075],[123.93961810900009,12.855769853000027],[123.9396020260001,12.855772990000048],[123.93959559200005,12.855772990000048],[123.93958755100005,12.855769854000073],[123.93957790000002,12.855762014000049],[123.93957307500011,12.855749470000035],[123.93957307400001,12.855741630000068],[123.93955377400005,12.855733791000034],[123.93951517300002,12.855730656000048],[123.9394974810001,12.855727520000073],[123.9394894400001,12.85572438500003],[123.93948461400009,12.855719681000039],[123.93946531400002,12.855710273000057],[123.93945888000007,12.855705569000065],[123.9394347540001,12.855694594000056],[123.9394267130001,12.855694594000056],[123.93940258800001,12.855699299000037],[123.93938811200007,12.855699299000037],[123.93936559500003,12.855696164000051],[123.93933342800005,12.855688325000074],[123.93929482700003,12.855672646000073],[123.93927552600007,12.855660102000058],[123.93927070100005,12.855653830000051],[123.93926909200002,12.855647558000044],[123.93925783300006,12.855638150000061],[123.93925300800004,12.855635014000029],[123.93923692500005,12.855630311000027],[123.93921279900007,12.855619335000029],[123.93919993200007,12.855608360000076],[123.9391758050001,12.855575432000023],[123.93915485900004,12.855528269000047],[123.93915152500006,12.85550715200003],[123.93914985700007,12.855466542000045],[123.93914652400008,12.855448674000058],[123.93914652300009,12.855435679000038],[123.93914485700009,12.855427557000041],[123.93914485400012,12.855385322000075],[123.93914818600001,12.85536582900005],[123.93915318400002,12.85535283400003],[123.93915818200003,12.855344712000033],[123.93916817800005,12.855334965000054],[123.93918817200006,12.855326842000068],[123.93920816600007,12.855321968000055],[123.93922482700009,12.855320342000027],[123.93923149200009,12.855317093000053],[123.9392364900001,12.85531222000003],[123.93924648600012,12.855297600000029],[123.93925648200002,12.855278107000061],[123.93926981100003,12.855260237000039],[123.93927980700005,12.855240744000071],[123.93928647000007,12.855214753000041],[123.93929313400008,12.85520338200007],[123.93929813200009,12.855196884000065],[123.9393097950001,12.855187138000076],[123.93932812200001,12.855179015000033],[123.93933478700001,12.855174141000077],[123.93933811900001,12.855169268000054],[123.93934145100002,12.855162770000049],[123.93934644800004,12.855143277000025],[123.93934644700005,12.855120535000026],[123.93934811300005,12.855114038000067],[123.9393831000001,12.855073187000073],[123.93939809500012,12.855068313000061],[123.93942475400002,12.855063438000059],[123.93943974900003,12.855056940000054],[123.93948137300004,12.855030055000043],[123.93950228100005,12.855026919000068],[123.9395087150001,12.855025350000062],[123.93951353900002,12.85502221400003],[123.93951997200008,12.855006533000051],[123.93951997200008,12.854983013000037],[123.9395119290001,12.854956356000059],[123.9395119290001,12.854950084000052],[123.93951514500009,12.854937540000037],[123.93951836100007,12.854932836000046],[123.93952801100011,12.854923427000074],[123.93955374400002,12.854912450000029],[123.93957465300002,12.854907745000048],[123.9395939530001,12.85491244800005],[123.93959877800012,12.854907744000059],[123.93960521100007,12.854895200000044],[123.93960842700005,12.85486697500005],[123.9396180760001,12.854835614000024],[123.93963094100002,12.85480738900003],[123.93965184900003,12.854769755000063],[123.93965667300006,12.854758779000065],[123.93965828100011,12.854750938000052],[123.93965828100011,12.854741530000069],[123.93965506400002,12.854727418000039],[123.93965023900012,12.854721146000031],[123.93964380500006,12.854718010000056],[123.93962772200007,12.854716443000029],[123.93962128800001,12.854713307000054],[123.93961807100004,12.854707035000047],[123.93961807000005,12.854667834000054],[123.93962128600003,12.854652153000075],[123.93962611100005,12.85463960900006],[123.93963093500008,12.854633337000053],[123.93964219400004,12.854627064000056],[123.93966149300002,12.854620791000059],[123.93967275200009,12.854611383000076],[123.93967436000003,12.854603543000053],[123.93967435900004,12.854589430000033],[123.93966792500009,12.854569046000051],[123.93965344900005,12.85454866200007],[123.93963356800009,12.854529280000065],[123.93963093200011,12.854526710000073],[123.93962449800006,12.854509462000067],[123.93962610500012,12.854496918000052],[123.93963253800007,12.854482805000032],[123.93964379500005,12.854442036000023],[123.9396454030001,12.85441224300007],[123.93964218500003,12.854398131000039],[123.93964218500003,12.854390291000072],[123.93963736000001,12.854377747000058],[123.93963253400011,12.854357363000076],[123.93963092500007,12.854343250000056],[123.93962609900007,12.854329138000026],[123.93961966500001,12.854299346000062],[123.93961644800004,12.854293074000054],[123.93961644800004,12.854286802000047],[123.93961162200003,12.854263281000044],[123.9396132280001,12.854192720000071],[123.93960035900011,12.854142543000023],[123.93958427500002,12.854115887000034],[123.93956658200011,12.854078254000058],[123.93955532300004,12.854059438000036],[123.93954133000011,12.854018943000028],[123.93951633600011,12.853997826000068],[123.93948833200011,12.853967068000031],[123.93947000300011,12.853952449000076],[123.9394500090001,12.853942704000076],[123.9394366790001,12.85393295800003],[123.93942668200009,12.853921588000048],[123.9394183500001,12.853898847000039],[123.93942001500011,12.853871232000074],[123.93941834700001,12.853846866000026],[123.93941668100001,12.853838744000029],[123.93941001500002,12.853825749000066],[123.93939502000001,12.853817627000069],[123.93938002400012,12.853817628000058],[123.93937169300011,12.853814380000074],[123.93936502800011,12.853809507000051],[123.9393400350001,12.853783518000057],[123.9393333700001,12.853780269000026],[123.9393133750001,12.853765650000071],[123.93927338800006,12.853762404000065],[123.93926838900006,12.853760780000073],[123.93925839200006,12.853751034000027],[123.93925339300006,12.853738039000064],[123.93925005900007,12.853715297000065],[123.93924505600012,12.853630828000064],[123.93924339000012,12.853625955000041],[123.93923339300011,12.853614585000059],[123.9392100660001,12.853598342000055],[123.93920173400011,12.853585347000035],[123.93919840100011,12.853572352000072],[123.93920006700012,12.853556108000078],[123.93920339900001,12.853549610000073],[123.93922339100004,12.853523619000043],[123.93922505700004,12.853515497000046],[123.93922505600005,12.853499253000052],[123.93921839100005,12.853487882000024],[123.93920172900005,12.853471639000077],[123.93918839900005,12.853455396000072],[123.93918006700005,12.853439152000021],[123.93917173500006,12.853411538000046],[123.93917006800007,12.853395294000052],[123.93917006600009,12.853357933000041],[123.9391683990001,12.853348186000062],[123.93916173400009,12.853335192000031],[123.93914174000008,12.85332382200005],[123.93914007300009,12.853317324000045],[123.93914173900009,12.853309202000048],[123.9391484030001,12.853296207000028],[123.93916506400001,12.853276713000071],[123.93916839600001,12.853270215000066],[123.93917006100003,12.853253971000072],[123.93916839400003,12.853237727000021],[123.93916339500004,12.853224732000058],[123.93915839600004,12.853219859000035],[123.93914839900003,12.853214987000058],[123.93910507900011,12.853213364000055],[123.9390817530001,12.853206868000029],[123.9390750880001,12.853203619000055],[123.9390650900001,12.853189000000043],[123.9390600910001,12.853176005000023],[123.93906175600011,12.85315001500004],[123.93906842000001,12.853132146000064],[123.93907675000003,12.853119151000044],[123.93909341100004,12.853106155000035],[123.93910007500006,12.853102906000061],[123.93911340400007,12.85309965600004],[123.93912173500007,12.853094783000074],[123.93913173100009,12.853081787000065],[123.9391350620001,12.853068792000045],[123.93914505800001,12.853047674000038],[123.93916505100003,12.853033053000047],[123.93918837700005,12.853023306000068],[123.93920503800007,12.853023305000022],[123.93921836800007,12.853026553000063],[123.93923169700008,12.853033050000022],[123.93924336100008,12.853042796000068],[123.93925335800009,12.853052542000057],[123.93925669100008,12.853059039000073],[123.93926002400008,12.853072034000036],[123.93926002400008,12.853086654000037],[123.93926335700007,12.853099649000058],[123.93926835600007,12.853104522000024],[123.93927502100007,12.853107770000065],[123.93928168500008,12.853106146000073],[123.93929501400009,12.853096399000037],[123.93931500700012,12.853076905000023],[123.93932333700002,12.853059036000047],[123.93932333600003,12.853042792000053],[123.93932000300003,12.853034670000056],[123.93932000300003,12.853026548000059],[123.93931000500004,12.853007056000024],[123.93930833800005,12.853000558000076],[123.93929167500005,12.852972944000044],[123.93928000900007,12.852916091000054],[123.93894509000006,12.852471020000053],[123.93867998400003,12.852163481000048],[123.93863499500003,12.852106628000058],[123.93862499700003,12.852095258000077],[123.93854835200011,12.852038407000066],[123.93852002600011,12.852014043000054],[123.9385016980001,12.852004297000065],[123.93848003800008,12.851999425000031],[123.93847170700008,12.851992927000026],[123.93846337500008,12.85197505900004],[123.93846170900008,12.851966937000043],[123.93846337400009,12.851958815000046],[123.9384633730001,12.85194094700006],[123.93846004000011,12.851926328000047],[123.9384550420001,12.851919830000043],[123.93841671900009,12.85189546600003],[123.93840339000008,12.851888969000072],[123.93838172900007,12.85187435000006],[123.93834507200006,12.851835366000046],[123.93829508600004,12.851796383000021],[123.93828342300003,12.85178501300004],[123.93827675800003,12.851781764000066],[123.93826676100002,12.851772018000077],[123.93826009600002,12.851768770000035],[123.93824510000002,12.851750902000049],[123.93822510500001,12.851733035000052],[123.93818678300011,12.851705421000077],[123.93818178400011,12.851698924000061],[123.93814846000009,12.851672935000067],[123.93813346500008,12.851663189000021],[123.93807848000006,12.851614460000064],[123.93802349600003,12.85157547700004],[123.93801683100003,12.851572228000066],[123.93800516800002,12.851562482000077],[123.93796184700011,12.851534870000023],[123.93795684800011,12.851528372000075],[123.93791186100009,12.851497511000048],[123.93787687100007,12.851466649000031],[123.93786354100007,12.851458527000034],[123.93783188400005,12.85143253800004],[123.93782355300004,12.851429290000056],[123.93780855800003,12.851427666000063],[123.93779522800003,12.851419545000056],[123.93778356500002,12.851406550000036],[123.93776023700002,12.851375687000029],[123.93774357500001,12.851346449000062],[123.93773357700002,12.851333454000041],[123.9376702620001,12.851284725000028],[123.93761527800007,12.851252239000075],[123.93758695300005,12.851239245000045],[123.93756695900004,12.851226251000071],[123.93755529500004,12.851216505000025],[123.93755029700003,12.851210007000077],[123.93751530700001,12.851190516000031],[123.93751030900012,12.851190516000031],[123.93748864800011,12.851184019000073],[123.9374836500001,12.851180771000031],[123.93747032100009,12.851177522000057],[123.93745865800008,12.851185645000044],[123.93744533000006,12.851201890000027],[123.93743866500006,12.85120676300005],[123.93743200100005,12.851208388000032],[123.93741700600003,12.85120676400004],[123.93740534200003,12.851200267000024],[123.93740034400003,12.851195394000058],[123.93738701400002,12.851177526000072],[123.93737868200003,12.851164531000052],[123.93737535000002,12.851156409000055],[123.93736701900002,12.851145038000027],[123.93737035000004,12.851130419000071],[123.93737868000005,12.85111579900007],[123.93739200900006,12.851099554000029],[123.93739200800007,12.851091432000032],[123.93738700900008,12.851068691000023],[123.93738700600011,12.85100858800007],[123.93738867200011,12.851003714000058],[123.93739866800001,12.85099234300003],[123.93740533200003,12.850979348000067],[123.93740699800003,12.85097122600007],[123.93740699700004,12.85095823000006],[123.93739366700004,12.850932240000077],[123.93738033700004,12.850912748000042],[123.93737867000004,12.85089812800004],[123.93738366800005,12.850885133000077],[123.93738866600006,12.850878635000072],[123.93741699000009,12.850853750000056],[123.93744864600001,12.850840753000057],[123.93746197500002,12.850831006000021],[123.93746863900003,12.850818011000058],[123.93747530200005,12.850792020000029],[123.93748363200007,12.850777400000027],[123.93748696400007,12.850774151000053],[123.9375152880001,12.850761155000043],[123.93754028000001,12.850759529000072],[123.93756693700004,12.850743284000032],[123.93759859200009,12.85070429700005],[123.93761858500011,12.850686428000074],[123.93764690800003,12.850657187000024],[123.93765190600004,12.850649065000027],[123.93765523700006,12.850637694000056],[123.93765523600007,12.850616577000039],[123.93765023700007,12.850601958000027],[123.93764190600007,12.850588963000064],[123.93763024300006,12.850582465000059],[123.93762357800006,12.850580841000067],[123.93761524800004,12.850582466000048],[123.93758192600001,12.85059708700004],[123.93755360200009,12.850603586000034],[123.93754527100009,12.850603586000034],[123.93751861300007,12.850610085000028],[123.93747029600001,12.850631204000024],[123.93745030300011,12.850636078000036],[123.9374319750001,12.850632830000052],[123.93742531000009,12.850629581000021],[123.93741864600008,12.850624708000055],[123.93741198100008,12.850613338000073],[123.93740751900009,12.850596715000052],[123.9373875230001,12.850557730000048],[123.93737919200009,12.850546360000067],[123.9373641950001,12.85051224800003],[123.9373541970001,12.850484633000065],[123.9373375350001,12.850453770000058],[123.9373258710001,12.850437527000054],[123.93729254700008,12.850406665000037],[123.93728255000008,12.850395294000066],[123.93726588700008,12.850362807000067],[123.93725755500009,12.850335193000035],[123.9372575540001,12.850296207000042],[123.93724922100012,12.85024747500006],[123.93724422200012,12.850227983000025],[123.93722755900001,12.850195495000037],[123.93722589200001,12.850179252000032],[123.93723089000002,12.850167881000061],[123.93723755400003,12.850159758000075],[123.93725088300005,12.85015326000007],[123.93726921000007,12.850150011000039],[123.93727587500007,12.850146761000076],[123.93728087300008,12.850133766000056],[123.93727754000008,12.850117522000062],[123.93725754500008,12.850091533000068],[123.93724421600007,12.850083411000071],[123.93721755700005,12.850072042000022],[123.93720422800004,12.850062296000033],[123.93718923200004,12.850047677000077],[123.93717756800004,12.85002656000006],[123.93717423500004,12.850011941000048],[123.93717423500004,12.850005443000043],[123.93716923600005,12.849992448000023],[123.93716090400005,12.849958336000043],[123.93716090300006,12.849942092000049],[123.93716756700007,12.849929097000029],[123.93718256200009,12.849912852000045],[123.9371842270001,12.849898232000044],[123.9371808950001,12.849893359000077],[123.9371758960001,12.849888486000054],[123.93715090500007,12.849904731000038],[123.93714424100006,12.849906356000076],[123.93713591000005,12.849904732000027],[123.93712924500005,12.849903108000035],[123.93711258300004,12.849888489000023],[123.93710425200004,12.849875494000059],[123.93710425100005,12.849854377000042],[123.93711258200005,12.849843006000071],[123.93712591000008,12.849834883000028],[123.93712924200008,12.84982838600007],[123.93713257400009,12.84981539000006],[123.9371325730001,12.849807268000063],[123.9371242420001,12.849779654000031],[123.93708925100009,12.849739045000035],[123.93708258600009,12.849724426000023],[123.93708258600009,12.849709806000021],[123.9370859170001,12.849696811000058],[123.93708924900011,12.849690313000053],[123.93710424400001,12.849672444000078],[123.93711590600003,12.849652951000053],[123.93711923700005,12.849638331000051],[123.93711757000005,12.849618839000073],[123.93710257400005,12.849592849000032],[123.93707591500004,12.849560362000034],[123.93706258500004,12.849539245000074],[123.93705591900004,12.849518128000057],[123.93705591800006,12.849497011000039],[123.93705925000006,12.849484016000076],[123.93706758000008,12.849471020000067],[123.93708257500009,12.849461273000031],[123.9370959040001,12.849456399000076],[123.93710256800011,12.849456399000076],[123.93710923300011,12.849453150000045],[123.93711423100001,12.849448277000022],[123.93711756300002,12.849441779000074],[123.93711756200003,12.849435281000069],[123.93711089700003,12.849420662000057],[123.93710589900002,12.849414165000042],[123.93707590700001,12.849391424000032],[123.93707257500012,12.849384927000074],[123.93707090800001,12.849376805000077],[123.93708256900004,12.849332945000072],[123.93708256900004,12.849318326000059],[123.93708423500004,12.849311828000054],[123.93708090200005,12.84930533000005],[123.93705757500004,12.849276092000025],[123.93705257600004,12.84926147300007],[123.93705424200004,12.84924847700006],[123.93705924000005,12.849243604000037],[123.93706757000007,12.849228984000035],[123.93705090700007,12.849197433000029],[123.93702924700005,12.849192560000063],[123.93702091700004,12.849192561000052],[123.93701425200004,12.849186064000037],[123.93701091900004,12.849181190000024],[123.93700925300004,12.849174693000066],[123.93700925300004,12.849160073000064],[123.93701091800006,12.849153575000059],[123.93700758600005,12.849147078000044],[123.93700258700005,12.849142205000021],[123.93699592300004,12.849137332000055],[123.93698259400003,12.849135708000063],[123.93697259700002,12.849135709000052],[123.93695926800001,12.849142207000057],[123.93695093700001,12.849140583000064],[123.93693927400011,12.849127588000044],[123.93693594100012,12.849114593000024],[123.93693594100012,12.849096724000049],[123.93693760600001,12.849090227000033],[123.93694593600003,12.849077231000024],[123.93695260100003,12.849072358000058],[123.93698092400007,12.849059361000059],[123.93698758900007,12.849052863000054],[123.93699258600009,12.849039868000034],[123.93699258600009,12.849031746000037],[123.93698092200009,12.849004131000072],[123.93697592300009,12.848997634000057],[123.93697259100009,12.84898951200006],[123.93696259400008,12.84897651700004],[123.93695426200009,12.848957025000061],[123.93694593100008,12.848944030000041],[123.93694259800009,12.848931035000021],[123.93694259800009,12.848914791000027],[123.9369375980001,12.848893674000067],[123.93693260000009,12.848882303000039],[123.93691760400009,12.84886281100006],[123.93689094500007,12.848835197000028],[123.93688261400007,12.848822202000065],[123.93686928400007,12.848794588000032],[123.93686761700008,12.848788090000028],[123.93686595000008,12.848768598000049],[123.93686761600009,12.848758851000071],[123.93687094800009,12.848750729000074],[123.9368742800001,12.84874585600005],[123.93690260300002,12.848724737000055],[123.93691093300004,12.848710117000053],[123.93691593000005,12.848680878000039],[123.93691426300006,12.848658137000029],[123.93690593200006,12.848637020000069],[123.93689926600007,12.848611030000029],[123.93690093100008,12.848580166000033],[123.9369092610001,12.848554175000061],[123.93690926000011,12.848531434000051],[123.93690592700011,12.848518439000031],[123.93687760100011,12.848466459000065],[123.93687260200011,12.848451840000052],[123.93686760200001,12.848427474000061],[123.93686593400002,12.848383615000046],[123.93686260200002,12.848370620000026],[123.93685593700002,12.848357625000062],[123.93685093800002,12.848351128000047],[123.93683427600001,12.848336509000035],[123.9368059520001,12.848321890000022],[123.9367992870001,12.84832026600003],[123.93678595800009,12.848313769000072],[123.93676429800007,12.848307272000056],[123.93675263500006,12.848300775000041],[123.93674763600006,12.848295902000075],[123.93674097100006,12.848279658000024],[123.93674263600008,12.84824229700007],[123.93673930300008,12.848237424000047],[123.93673263900007,12.848234176000062],[123.93671597800005,12.84823255200007],[123.93670931300005,12.848229303000039],[123.93669931600004,12.848221182000032],[123.93668432000004,12.848200065000071],[123.93668098700005,12.848188694000044],[123.93668098600006,12.84814970900004],[123.93668265100007,12.848143211000036],[123.93668765000007,12.848136713000031],[123.93669931200009,12.848128591000034],[123.93670264400009,12.848122093000029],[123.9367009770001,12.848105849000035],[123.93669098000009,12.848086357000057],[123.9366893130001,12.848079859000052],[123.93670097400002,12.848040873000059],[123.93670097400002,12.848024629000065],[123.93669764100002,12.848011634000045],[123.93668431100002,12.847985644000062],[123.93668264400003,12.847977522000065],[123.93668764200004,12.847954780000066],[123.93670263600006,12.847930414000075],[123.9367159630001,12.847896301000048],[123.9367192950001,12.847881681000047],[123.93671929400011,12.847858939000048],[123.93671429400001,12.847831325000072],[123.93670429700001,12.847819954000045],[123.93669096800011,12.847813457000029],[123.9366793050001,12.847805335000032],[123.93666430900009,12.847782594000023],[123.9366576430001,12.847750106000035],[123.93665764100001,12.847706247000076],[123.93668096400006,12.847644521000063],[123.93668596100008,12.847623403000057],[123.93668596100008,12.847616906000042],[123.93668262800009,12.847603911000022],[123.93667429700008,12.847589291000077],[123.93667096400009,12.847576296000057],[123.93667096400009,12.84755842800007],[123.93668095900011,12.847516193000047],[123.93668262400001,12.847498324000071],[123.93667929200001,12.847485329000051],[123.93667262700001,12.847472334000031],[123.93665096400002,12.847392739000043],[123.93665096400002,12.847386241000038],[123.93664763100003,12.847378119000041],[123.93664763100003,12.847371622000026],[123.93663763300003,12.847322890000044],[123.93663429900005,12.84729365100003],[123.93663429800006,12.847257914000068],[123.93663263100007,12.847248168000021],[123.93663429700007,12.847240046000024],[123.93663429500009,12.84718644000003],[123.93663596100009,12.847179943000071],[123.9366359600001,12.847155577000024],[123.93663762600011,12.847147455000027],[123.93663929000002,12.847106845000042],[123.93664762000003,12.847077605000038],[123.93666594500007,12.847036994000064],[123.9366892700001,12.847011003000034],[123.93672425700004,12.846980138000049],[123.93672925500005,12.846973640000044],[123.93673758500006,12.846955771000069],[123.93674091600008,12.846942776000049],[123.93674258200008,12.846921659000031],[123.93676090700001,12.846866429000045],[123.93676423800002,12.846851809000043],[123.93676757000003,12.846846936000077],[123.93677590000004,12.84682581800007],[123.93677923100006,12.846807950000027],[123.93677923100006,12.846786832000078],[123.93677423100007,12.846759218000045],[123.93677423000008,12.846731603000023],[123.93677589600009,12.846725105000075],[123.93678089400009,12.846712110000055],[123.93679422200012,12.846692617000031],[123.93681754600004,12.846671499000024],[123.93682754200006,12.846652005000067],[123.93683420500008,12.846627639000076],[123.93684086700011,12.84657078500004],[123.93684753100001,12.846544794000067],[123.93685419500002,12.846530174000065],[123.93686252400005,12.846504184000025],[123.93686585600005,12.846489564000024],[123.93686585500006,12.846474944000022],[123.93685419200006,12.846465198000033],[123.93683919700004,12.846465199000022],[123.93680587500012,12.846483069000044],[123.9367925470001,12.846486318000075],[123.93678588200009,12.846486318000075],[123.93677755200008,12.846481445000052],[123.93676422200008,12.846465202000047],[123.93675755800007,12.846461953000073],[123.93674922700006,12.846463578000055],[123.93673589800005,12.846468452000067],[123.93672090400003,12.846484696000061],[123.93670257700012,12.84649444300004],[123.93667877000007,12.84650098700007],[123.93666710800005,12.846510734000049],[123.93664544900003,12.846523730000058],[123.93663212000001,12.846528604000071],[123.93662379000011,12.846526980000021],[123.93661712500011,12.846523731000048],[123.9366121270001,12.846518858000024],[123.9366054620001,12.846502615000077],[123.93660546100011,12.846494493000023],[123.93661045900001,12.84646850200005],[123.93660879200002,12.846460380000053],[123.93660046100001,12.846450634000064],[123.93659213000001,12.846445761000041],[123.93658546600011,12.846444137000049],[123.93656880500009,12.846444138000038],[123.93656047500008,12.84644576200003],[123.93654048200005,12.846457134000048],[123.93652048900003,12.846457135000037],[123.93650549300003,12.84644901300004],[123.93650049500002,12.846442516000025],[123.93649882800003,12.846436018000077],[123.93650049400003,12.846421399000064],[123.93651215600005,12.846403530000032],[123.93651882000006,12.84638891000003],[123.93651382100006,12.846377540000049],[123.93649382700005,12.846354799000039],[123.93646716800004,12.846320687000059],[123.93646050300003,12.846315814000036],[123.93645383900002,12.846314190000044],[123.93643717800012,12.846314191000033],[123.93643051300012,12.846310942000059],[123.93642551500011,12.846306069000036],[123.93642051600011,12.846293074000073],[123.93642218100001,12.846276830000022],[123.93643051100003,12.846263835000059],[123.93644050800003,12.846254088000023],[123.93646050000007,12.846239468000022],[123.93646383200007,12.846234594000066],[123.9364854910001,12.84622484700003],[123.93650215200012,12.84622484700003],[123.93651548100001,12.846228095000072],[123.93652214600002,12.846231343000056],[123.93653380900003,12.846241089000046],[123.93654713800004,12.846244338000076],[123.93656379900006,12.846241088000056],[123.93657879300008,12.846241088000056],[123.93659212200009,12.846244336000041],[123.9366004530001,12.846244336000041],[123.9366087840001,12.846247584000025],[123.93661878000012,12.846245959000044],[123.93662711000002,12.846244334000062],[123.93664710300004,12.846223217000045],[123.93666043100006,12.846216718000051],[123.93667376000008,12.846213469000077],[123.9366937530001,12.846202098000049],[123.93669875100011,12.846195600000044],[123.93670374900012,12.846182604000035],[123.93670374800001,12.846176107000076],[123.93671041200002,12.846148492000054],[123.93671374200005,12.846117628000059],[123.93671374100006,12.846073769000043],[123.93671207400007,12.846065647000046],[123.93670707600006,12.846060774000023],[123.93667208700003,12.846047781000038],[123.93666209000003,12.846036410000067],[123.93665875800002,12.846029913000052],[123.93665209200003,12.845999049000056],[123.93664709300003,12.845992552000041],[123.93663543100001,12.845987679000075],[123.93661877000011,12.845989304000057],[123.93661210500011,12.845987680000064],[123.9366037740001,12.845982807000041],[123.93659711000009,12.845969812000021],[123.9365937770001,12.845956817000058],[123.93658044800009,12.845950320000043],[123.93657378300009,12.845951945000024],[123.93655712300006,12.845966565000026],[123.93652713400002,12.84598605900004],[123.93651880400012,12.84598605900004],[123.93651213900011,12.845981186000074],[123.93650214200011,12.845966567000062],[123.93649714200001,12.845942201000071],[123.93649714200001,12.845927582000058],[123.93650213900003,12.845906464000052],[123.93650713700004,12.845899967000037],[123.93651380200004,12.845895093000024],[123.93655045500009,12.845882097000072],[123.9365554530001,12.845869101000062],[123.9365521200001,12.845856106000042],[123.9365387900001,12.845828492000066],[123.9365371240001,12.845821994000062],[123.93652879300009,12.845810624000023],[123.93651379800008,12.84579762900006],[123.93650713300008,12.845794381000076],[123.93650046900007,12.84579763000005],[123.93648547400005,12.845812250000051],[123.93647881000004,12.845812250000051],[123.93646214900002,12.845809002000067],[123.93644882000001,12.845802505000051],[123.93644382100001,12.845789510000031],[123.93644382100001,12.845783012000027],[123.93645548200004,12.845755397000062],[123.93645381500005,12.845732655000063],[123.93644881600005,12.845719660000043],[123.93644881600005,12.845713163000028],[123.93645214800006,12.845700167000075],[123.93646047800007,12.845688796000047],[123.93646714200008,12.845683923000024],[123.9364821370001,12.845682298000042],[123.93648880100011,12.845685546000027],[123.93650379600001,12.845687170000076],[123.93651879100003,12.845682297000053],[123.93653545100005,12.845664427000031],[123.9365621070001,12.845612446000075],[123.93656877000001,12.845591328000069],[123.93659875800006,12.845553966000068],[123.93661541800009,12.845527975000039],[123.93661708400009,12.845521477000034],[123.93661708400009,12.845506857000032],[123.9366137510001,12.845493862000069],[123.9366137510001,12.845485740000072],[123.93661541600011,12.845479242000067],[123.93662707800001,12.845466247000047],[123.93663874100002,12.845458124000061],[123.93664540500004,12.845456500000068],[123.93665873400005,12.845459748000053],[123.93667706200006,12.845474367000065],[123.93668039400006,12.845480864000024],[123.93668039500005,12.845487362000028],[123.93667539600006,12.845493860000033],[123.93666540000004,12.84550198200003],[123.93665873600003,12.845505231000061],[123.93664874000001,12.845516602000032],[123.93664874000001,12.845523100000037],[123.93665040700012,12.845531222000034],[123.93665540500001,12.845540968000023],[123.93666873400002,12.845547465000038],[123.93668872800004,12.845552338000061],[123.93669705800005,12.845552338000061],[123.93672038300008,12.845545839000067],[123.93678369400004,12.84551010000007],[123.93679035800005,12.845508475000031],[123.93680535300007,12.845508474000042],[123.93682034800008,12.845511723000072],[123.93684034100011,12.845524717000046],[123.93685367000012,12.845527965000031],[123.93686866500002,12.845527965000031],[123.93692028500004,12.845494681000048],[123.93695527200009,12.845484933000023],[123.93696360300009,12.845484933000023],[123.93698026400011,12.845488181000064],[123.93702191700004,12.845506047000072],[123.93703857900005,12.845520666000027],[123.93706856900008,12.845541782000055],[123.93707356800007,12.84554828000006],[123.9371102230001,12.845577518000027],[123.93715520900003,12.845601882000039],[123.93716353900004,12.845600257000058],[123.93717353500006,12.845587261000048],[123.93718519700008,12.84556451900005],[123.93719019500008,12.845558022000034],[123.93719519300009,12.845545026000025],[123.9371935260001,12.845540153000059],[123.93718852800009,12.845533655000054],[123.93717186600009,12.845519037000031],[123.93715853700007,12.845499544000063],[123.93715020500008,12.845475179000061],[123.93715020500008,12.845468681000057],[123.93714687200008,12.845455686000037],[123.93713021000008,12.845429696000053],[123.93711521400007,12.845411828000067],[123.93709855300006,12.845398834000036],[123.93709355400006,12.845390712000039],[123.93707189400004,12.845369596000069],[123.93704856800002,12.845343606000029],[123.93703523900001,12.845332236000047],[123.93701691100011,12.845309495000038],[123.9369919180001,12.845286755000075],[123.9369835870001,12.845275384000047],[123.9369685910001,12.845236399000044],[123.9369635920001,12.845231526000077],[123.93695026300009,12.845225029000062],[123.93694359900007,12.845225029000062],[123.93693027000006,12.845221781000077],[123.93691694100005,12.845212035000031],[123.93691360800005,12.845207162000065],[123.93690861000005,12.845197416000076],[123.93690361100005,12.845177923000051],[123.93690527500007,12.845122694000054],[123.93689027800008,12.845077211000046],[123.93688028100007,12.845059343000059],[123.93686695100007,12.845051222000052],[123.93685029000005,12.84504959800006],[123.93683363000002,12.845051223000041],[123.93682696500002,12.845049599000049],[123.93682030100001,12.845044726000026],[123.93681197000001,12.845033356000044],[123.93680863700001,12.845025234000047],[123.93680697000002,12.845012239000027],[123.93680863600002,12.844997619000026],[123.93680530300003,12.844989497000029],[123.93679530600002,12.844978127000047],[123.93678197700001,12.844971630000032],[123.93677364700011,12.84497000600004],[123.93676698200011,12.844966757000066],[123.9367636500001,12.84496026000005],[123.9367636500001,12.844952138000053],[123.93676698100012,12.844940767000026],[123.93677364500002,12.844932644000039],[123.93678031000002,12.844929395000065],[123.93679363800004,12.844931019000057],[123.93680196900004,12.844929394000076],[123.93680863300006,12.844926145000045],[123.93681363100006,12.844921272000022],[123.93681696300007,12.844914774000074],[123.93681696300007,12.844908277000059],[123.93680863200007,12.844896906000031],[123.93679696900006,12.844890409000072],[123.93678863800005,12.844888785000023],[123.93678364000004,12.844890410000062],[123.93677531000003,12.844890410000062],[123.93676864500003,12.84488878600007],[123.93676198000003,12.84487579100005],[123.93676198000003,12.844862796000029],[123.93676531200003,12.844856298000025],[123.93676697700005,12.844840054000031],[123.93676531100004,12.844833556000026],[123.93676031200005,12.844827059000067],[123.93675364800004,12.844822186000044],[123.93674531700003,12.84481893800006],[123.93671032900011,12.844810817000052],[123.93669533400009,12.84480919300006],[123.93668866900009,12.844804320000037],[123.93667200700008,12.844778330000054],[123.93664701300008,12.844716604000041],[123.93664201500007,12.844711731000075],[123.93663535000007,12.844708483000034],[123.93662035500006,12.844708483000034],[123.93660036300003,12.844718230000069],[123.93658536800001,12.844723104000025],[123.93654371600007,12.844734476000042],[123.93653038700006,12.844736101000024],[123.93650872800004,12.844729605000055],[123.93649706500003,12.844719859000065],[123.93649373200003,12.844714985000053],[123.93649373200003,12.844700366000041],[123.93649539800003,12.844692244000044],[123.93649872900005,12.844685746000039],[123.93649706300005,12.844672751000076],[123.93648706600004,12.844658132000063],[123.93647207000004,12.844646761000035],[123.93646373900003,12.844632142000023],[123.93646207300003,12.844625645000065],[123.93646207100005,12.844586659000072],[123.93645873800006,12.844557420000058],[123.93645707100006,12.844550922000053],[123.93644707400006,12.844531430000075],[123.93644540800005,12.844523308000078],[123.93643374400006,12.844492445000071],[123.93642874500006,12.844487571000059],[123.93642208000006,12.844484323000074],[123.93641708200005,12.844485947000067],[123.93641041800004,12.844490821000022],[123.93640542000003,12.844497319000027],[123.93639375900011,12.844529807000072],[123.9363937600001,12.844554173000063],[123.9363970930001,12.844568793000064],[123.93640375900009,12.844628895000028],[123.93640209400007,12.84464351500003],[123.93638876600005,12.844650013000035],[123.93637543700004,12.844653263000055],[123.93636210800003,12.844659761000059],[123.93635377800001,12.84467113200003],[123.93635044700011,12.84468412700005],[123.9363471150001,12.844690625000055],[123.9363404500001,12.844695498000021],[123.93632212400007,12.844700372000034],[123.93630712900006,12.844700373000023],[123.93630046400006,12.844701997000072],[123.93628713600003,12.844708495000077],[123.93625865700005,12.844726365000042],[123.93624366300003,12.844742610000026],[123.93623699900002,12.844745859000056],[123.93622367000012,12.844745859000056],[123.93620367700009,12.844740987000023],[123.93619034800008,12.844736114000057],[123.93617535300007,12.844724744000075],[123.93616369000006,12.844721496000034],[123.93615702600005,12.844723120000026],[123.93612370400001,12.844737741000074],[123.93609038300008,12.84474261500003],[123.93606539100006,12.844742616000076],[123.93605206200004,12.844739368000035],[123.93603373500002,12.844724749000022],[123.93602040600001,12.844718252000064],[123.93599708000011,12.844711755000048],[123.93597542100008,12.844710132000046],[123.93594876300006,12.844695513000033],[123.93591544100002,12.844695514000023],[123.93590044600012,12.844698763000054],[123.93589544800011,12.844702012000027],[123.93588878300011,12.844702013000074],[123.9358804530001,12.844698764000043],[123.93586545700009,12.844687394000061],[123.93586712300009,12.844669525000029],[123.9358654560001,12.844654906000073],[123.9358587910001,12.844640286000072],[123.93584879400009,12.844628916000033],[123.93584379600009,12.844625667000059],[123.93582880100007,12.844624043000067],[123.93580714100005,12.84462729300003],[123.93579381300003,12.844632166000054],[123.93577715200001,12.844646787000045],[123.93576382400011,12.844654909000042],[123.93575049500009,12.844659783000054],[123.93573383400008,12.844659783000054],[123.93571217500005,12.844653286000039],[123.93568718200004,12.844637043000034],[123.93564552800001,12.844599683000069],[123.93559721000008,12.844565572000022],[123.93556721900006,12.844533085000023],[123.93555722100007,12.84452009000006],[123.93553722700005,12.844487603000061],[123.93552223100005,12.844468110000037],[123.93551056800004,12.844458364000047],[123.93549057400003,12.844446994000066],[123.93547724500002,12.844442121000043],[123.93547058000001,12.844443746000024],[123.93542774500008,12.84446439900006],[123.93541941500007,12.844466023000052],[123.93539942200005,12.844477395000069],[123.93539442400004,12.844483892000028],[123.93538942700002,12.84449851200003],[123.93539109400001,12.844526127000051],[123.93538276400011,12.844539122000072],[123.9353711010001,12.844545620000076],[123.93534944200007,12.844547246000047],[123.93532778300005,12.844542373000024],[123.93530445700003,12.844542374000071],[123.93526780400009,12.844553746000031],[123.93525280900008,12.844555371000069],[123.93524447800007,12.844550498000046],[123.93523948000006,12.844544000000042],[123.93523448100007,12.844527757000037],[123.93523448000008,12.844509888000061],[123.93522948100008,12.844487147000052],[123.93522115000007,12.844469279000066],[123.93520282200006,12.844440040000052],[123.93518949300005,12.844423796000058],[123.93518282900004,12.844422172000066],[123.93516616800002,12.844422173000055],[123.93515950300002,12.844425422000029],[123.9351395110001,12.844440042000031],[123.93511452100006,12.844472531000065],[123.93508786400002,12.844496898000045],[123.93507287000011,12.844514767000021],[123.93504954500008,12.844532636000054],[123.93503455100006,12.844558627000026],[123.93502788800004,12.844579744000043],[123.93502622200003,12.844594364000045],[123.93501955800002,12.844607359000065],[123.93500623000011,12.844618730000036],[123.9349929010001,12.844623604000049],[123.93498623700009,12.844623604000049],[123.93497790600009,12.844618731000025],[123.93497457400008,12.844613858000059],[123.93497124200007,12.844607361000044],[123.93497124100008,12.844599239000047],[123.93497457300009,12.844582995000053],[123.9349745720001,12.844555380000031],[123.9349729060001,12.844548882000026],[123.93495957700009,12.844537512000045],[123.93494624800007,12.84453101500003],[123.93492958700006,12.844529391000037],[123.93490792800003,12.844531016000076],[123.93490126300003,12.844532640000068],[123.93488793500001,12.844539139000062],[123.93488293700011,12.844544012000028],[123.9348779390001,12.844550510000033],[123.93487960500011,12.84455863200003],[123.9348846040001,12.844565129000046],[123.93489126800011,12.844570002000069],[123.93490626300002,12.844573250000053],[123.93491626000002,12.844573250000053],[123.93491959200003,12.844574874000045],[123.93492459000004,12.84458137200005],[123.93492958900003,12.844595991000062],[123.93492959000002,12.844626855000058],[123.93493125600003,12.844631728000024],[123.93493458900002,12.84463822500004],[123.93494458600003,12.844647972000075],[123.93494791800003,12.844656093000026],[123.93495291700003,12.844662591000031],[123.93495458300004,12.844669088000046],[123.93496124800004,12.844682083000066],[123.93496124800004,12.844696703000068],[123.93495625000003,12.844709698000031],[123.93494125600012,12.844727567000064],[123.9349295940001,12.844734065000068],[123.93491293300008,12.844734066000058],[123.93490460200007,12.844732442000065],[123.93489793800006,12.844730818000073],[123.93488460900005,12.844724320000068],[123.93485961700003,12.844709702000046],[123.93485461900002,12.844703204000041],[123.93482296200011,12.844673966000073],[123.93479463800008,12.844662596000035],[123.93476964700005,12.844662597000024],[123.93476131600005,12.844664221000073],[123.93475631800004,12.844667470000047],[123.93474132300003,12.84467234400006],[123.93473465900001,12.84467234400006],[123.93472966100001,12.844669096000075],[123.93472466200001,12.84466259800007],[123.93471299900011,12.844634984000038],[123.93470300100012,12.844617116000052],[123.93469966900011,12.84460249600005],[123.93469966800001,12.844573257000036],[123.93469800100002,12.844558637000034],[123.93469133700012,12.844545642000071],[123.93468633800001,12.844540769000048],[123.93467967400011,12.844539145000056],[123.93465468200009,12.844537522000053],[123.93464468500008,12.844527775000074],[123.93463968700007,12.844519654000067],[123.93463802100007,12.84451153200007],[123.93463968600008,12.844503410000073],[123.93464301800009,12.844496912000068],[123.93465967900011,12.844483916000058],[123.93466467700011,12.844477418000054],[123.93466634300012,12.844470921000038],[123.93466467700011,12.844464423000034],[123.93465967800012,12.844459550000067],[123.9346463490001,12.844453053000052],[123.93463801900009,12.84445142900006],[123.93463302000009,12.844448180000029],[123.93462802200008,12.84444168300007],[123.93462802100009,12.844431936000035],[123.9346313530001,12.844415692000041],[123.93463801700011,12.844402697000021],[123.93464634700001,12.84439132600005],[123.93465967600002,12.844383203000064],[123.93466300700004,12.844370208000043],[123.93466300700004,12.844362086000046],[123.93465634200004,12.844349091000026],[123.93462968400002,12.844324726000025],[123.93462302000012,12.844316604000028],[123.93462135300001,12.844308482000031],[123.93462635100002,12.844285741000022],[123.93463134900003,12.844277618000035],[123.93464967500006,12.844262998000033],[123.93465467300007,12.844256501000075],[123.93465467300007,12.84425000300007],[123.93464467600006,12.844228886000053],[123.93462968000006,12.844207769000036],[123.93462301600005,12.844193150000024],[123.93461301800005,12.844147667000072],[123.93461301700006,12.844139545000075],[123.93460968500005,12.84413304800006],[123.93459635600004,12.844128175000037],[123.93458969200003,12.844131424000068],[123.93458136200002,12.844144419000031],[123.93457469800001,12.844160664000071],[123.93456470300009,12.844202898000049],[123.93455470700007,12.844228889000021],[123.93454637700006,12.844240260000049],[123.93451472200002,12.844259754000063],[123.93450306000011,12.844269500000053],[123.9344930630001,12.84428087200007],[123.93448639900009,12.844293867000033],[123.93448306800008,12.84430198900003],[123.93448473500007,12.844357219000074],[123.93447265100008,12.844372142000054],[123.93446432100006,12.844378640000059],[123.93442766800001,12.844417627000041],[123.93441600600011,12.844443617000024],[123.9344160070001,12.844450115000029],[123.93441267500009,12.844456613000034],[123.93441100900009,12.844464735000031],[123.93438435300004,12.844500473000039],[123.93436269400001,12.844516717000033],[123.93435603000012,12.844519966000064],[123.93434936500012,12.844518342000072],[123.93432604000009,12.844506972000033],[123.93430604600007,12.844484231000024],[123.93429604900007,12.844474485000035],[123.93428938400007,12.844471236000061],[123.93427772200005,12.844480983000039],[123.93426106100003,12.844480983000039],[123.93424606600001,12.844474486000024],[123.93424273400001,12.844467989000066],[123.93423773500001,12.844446872000049],[123.93423107000001,12.844433876000039],[123.93421940700011,12.84442413000005],[123.9342060780001,12.844417633000035],[123.93419774800009,12.844419258000073],[123.93419108400008,12.844422507000047],[123.93419108400008,12.844437126000059],[123.93419275000008,12.844443624000064],[123.93419774900008,12.844456619000027],[123.93420274700009,12.844463117000032],[123.93420941200009,12.844477736000044],[123.93421274500008,12.844492356000046],[123.93420275000005,12.844529717000057],[123.93419442000004,12.844545961000051],[123.93417276100001,12.844565455000065],[123.93416109900011,12.844578451000075],[123.93413444200007,12.844597944000043],[123.93412111400005,12.844614188000037],[123.93409779000001,12.844651550000037],[123.93409112600011,12.84465642400005],[123.93406446800009,12.844669420000059],[123.93404780800006,12.84468079100003],[123.93402781600003,12.844705158000068],[123.93401948500002,12.844718153000031],[123.93399449500009,12.844745769000042],[123.93398949700008,12.844750642000065],[123.93398283300007,12.844752266000057],[123.93397450200007,12.844752267000047],[123.93396117300006,12.844749018000073],[123.93395450900005,12.844745770000031],[123.93394451200004,12.844736024000042],[123.93392618400003,12.844710034000059],[123.93391285500002,12.844703536000054],[123.93387453500009,12.844705162000025],[123.93386787000009,12.844701913000051],[123.93385787400007,12.844692167000062],[123.93384954300006,12.844680796000034],[123.93384287800006,12.844675923000068],[123.93382954900005,12.844672675000027],[123.93381622100003,12.844674300000065],[123.93378789700012,12.844688920000067],[123.9337812330001,12.844690545000049],[123.93377456900009,12.844688920000067],[123.93376790400009,12.844682423000052],[123.9337645710001,12.844666179000058],[123.93375790700009,12.84465480800003],[123.93375124200008,12.844648311000071],[123.93374457800007,12.844645062000041],[123.93372791600007,12.844641814000056],[123.93370292500003,12.844643439000038],[123.93369126200002,12.844636942000022],[123.93368626400002,12.844630444000074],[123.93367460100001,12.844620698000028],[123.93364324100003,12.844619075000026],[123.93363491100001,12.844633694000038],[123.93363324500001,12.844640192000043],[123.9336165850001,12.844664559000023],[123.93359825800007,12.844674306000059],[123.93358826200006,12.844674306000059],[123.93357659900005,12.844667809000043],[123.93356660200004,12.844654814000023],[123.93355493900003,12.844633697000063],[123.93354994000003,12.844630448000032],[123.93354161000002,12.84462882400004],[123.93353494500002,12.844630449000022],[123.93351495200011,12.844640196000057],[123.93349495900009,12.844640196000057],[123.93348496300007,12.844638572000065],[123.93347829800007,12.844635323000034],[123.93346663500006,12.844625577000045],[123.93345830500004,12.844612582000025],[123.93343997600005,12.844542733000026],[123.93343664300005,12.844536236000067],[123.93342331400004,12.84452811400007],[123.93339665700012,12.844523242000037],[123.9333733310001,12.844523242000037],[123.93335667000008,12.844523243000026],[123.93333334500005,12.844528117000038],[123.93332001700003,12.844537864000074],[123.9332916940001,12.844576850000067],[123.93328003200008,12.844583348000072],[123.93327170100008,12.844584973000053],[123.93322005300001,12.844584974000043],[123.93321338800001,12.84458335000005],[123.93320005900011,12.844576852000046],[123.93319506100011,12.844568731000038],[123.93319006200011,12.844558984000059],[123.93318506300011,12.844531370000027],[123.93317673200011,12.844516750000025],[123.93314840800008,12.844492385000024],[123.93314174400007,12.84448913600005],[123.93313174700006,12.84448913600005],[123.93311008800003,12.844502132000059],[123.93308676300001,12.844511879000038],[123.93307176900009,12.844511880000027],[123.93306510400009,12.844510255000046],[123.93305844000008,12.844505382000023],[123.93305177500008,12.844497261000072],[123.93304844300008,12.844489139000075],[123.93304177800007,12.844481017000021],[123.93303511300007,12.844458275000022],[123.93302511600007,12.844443656000067],[123.93301178700005,12.844437159000051],[123.93296347000012,12.84442578900007],[123.93293348100008,12.844425790000059],[123.93292681600008,12.844427414000052],[123.93292015200007,12.844430663000026],[123.93291682000006,12.844435536000049],[123.93292015300005,12.844442034000053],[123.93293181500007,12.844455029000073],[123.93294347800008,12.84446315100007],[123.93295847400009,12.844479394000075],[123.9329668040001,12.844485892000023],[123.93298679800012,12.844497262000061],[123.93299846100001,12.844510257000024],[123.93302678500004,12.844549242000028],[123.93304178100004,12.844581730000073],[123.93304344700005,12.84458985200007],[123.93304178100004,12.844604471000025],[123.93303845000003,12.844619091000027],[123.93303012000001,12.844640209000033],[123.93302012400011,12.844658077000076],[123.93301179300011,12.844666199000073],[123.93298680300006,12.844701937000025],[123.93297347500004,12.844714932000045],[123.93294515200012,12.844734426000059],[123.93290849800007,12.844750671000043],[123.93289350300006,12.844755544000066],[123.93288850500005,12.844755544000066],[123.93287351000004,12.84476204200007],[123.93286018200001,12.844765292000034],[123.93285185100001,12.844770165000057],[123.93282686000009,12.844779912000035],[123.93281353100008,12.844776663000061],[123.93279187200005,12.844758796000065],[123.93278520700005,12.844755547000034],[123.93277687700004,12.84475229800006],[123.93276688000003,12.844752299000049],[123.93275188600012,12.844760421000046],[123.93273022700009,12.844779914000071],[123.93270856800007,12.844788037000058],[123.93270023800005,12.844788037000058],[123.93269357300005,12.844786413000065],[123.93268191000004,12.844779915000061],[123.93265192000001,12.844737682000073],[123.93264358900001,12.84473280900005],[123.9326252620001,12.844734433000042],[123.93261859800009,12.844737682000073],[123.93258194400005,12.844765298000027],[123.93256028600001,12.844788040000026],[123.93254529100011,12.844809158000032],[123.93252863100008,12.844838397000046],[123.93252196800006,12.844866012000068],[123.93252696600007,12.844879007000031],[123.93253696300008,12.844887129000028],[123.93254529400008,12.844892002000051],[123.93255195800009,12.844893626000044],[123.93256861900011,12.844893626000044],[123.93257528300012,12.844896875000074],[123.93258028200012,12.844903372000033],[123.93258194800001,12.844909870000038],[123.93258194800001,12.84492448900005],[123.93258028200012,12.844930987000055],[123.93257695000011,12.844935860000021],[123.9325719520001,12.844940733000044],[123.93255862400008,12.844943983000064],[123.93255195900008,12.844942358000026],[123.93253529800006,12.844942359000072],[123.93252863400005,12.844945608000046],[123.93252363600004,12.844950481000069],[123.93252030400004,12.844956979000074],[123.93251697200003,12.844971598000029],[123.93251697200003,12.844979720000026],[123.93254029800005,12.844994339000039],[123.93255362700006,12.844997588000069],[123.93257195400008,12.844997587000023],[123.93257861800009,12.845000836000054],[123.93258361700009,12.845007333000069],[123.9325902810001,12.845030075000068],[123.93259194800009,12.845044694000023],[123.93258695000009,12.845057690000033],[123.93258195200008,12.845064187000048],[123.93257195600006,12.845073934000027],[123.93256029300005,12.845082056000024],[123.93255362900004,12.845083681000062],[123.93253696800002,12.845083681000062],[123.93252863700002,12.84508205700007],[123.9324986470001,12.845067438000058],[123.93248365200009,12.845057692000069],[123.93247698700009,12.845043073000056],[123.93247032200009,12.844992716000036],[123.93246532300009,12.844973224000057],[123.93246199100008,12.844966726000052],[123.93245366000008,12.844966726000052],[123.93244699600007,12.844969975000026],[123.93242866900005,12.844984595000028],[123.93241200900002,12.845007337000027],[123.93238368600009,12.845051197000032],[123.93237369000008,12.84506256800006],[123.93235536300006,12.845077188000062],[123.93232370800001,12.845098306000068],[123.93230871300011,12.845117799000036],[123.93230538100011,12.845125921000033],[123.93229871700009,12.845153536000055],[123.93229871800008,12.845176277000064],[123.93230038400009,12.845190897000066],[123.93230538300008,12.845203892000029],[123.93231038200008,12.845212014000026],[123.9323353740001,12.845242877000032],[123.93235036900012,12.845265618000042],[123.93235203500001,12.845270491000065],[123.93235203600011,12.845286735000059],[123.9323470380001,12.845291609000071],[123.93233370900009,12.845299731000068],[123.93232038000008,12.845302980000042],[123.93229705500005,12.845298108000065],[123.93228372600004,12.845289986000068],[123.93227872700004,12.845285113000045],[123.93227372800004,12.845265620000077],[123.93227372800004,12.845251000000076],[123.93227039600004,12.845238005000056],[123.93225706600003,12.845212015000072],[123.93225373400003,12.845200644000045],[123.93225040200002,12.84519739600006],[123.93223707300001,12.845192523000037],[123.93221874500011,12.845192523000037],[123.93220708300009,12.845197397000049],[123.93219542000008,12.845207143000039],[123.93218209200006,12.845233134000068],[123.93217542800005,12.845260749000033],[123.93217376300004,12.845296486000052],[123.93216876500003,12.845315979000077],[123.93215377100012,12.845333848000053],[123.93214877200012,12.845337097000026],[123.9321387760001,12.845348468000054],[123.93212211500008,12.845369585000071],[123.93211878300008,12.845376083000076],[123.93211211900007,12.845390703000021],[123.93210878700006,12.845403698000041],[123.93210878700006,12.845411820000038],[123.93210545500006,12.845419942000035],[123.93210212300005,12.845436186000029],[123.93210212400004,12.845449181000049],[123.93210045800004,12.845457304000035],[123.93210045800004,12.845476796000071],[123.93210545700003,12.845515782000064],[123.93210879000003,12.845528777000027],[123.93212211900004,12.845561265000072],[123.93213045000005,12.845574260000035],[123.93213711400006,12.845579133000058],[123.93214544500006,12.845582382000032],[123.93215710800007,12.845584006000024],[123.93216210600008,12.845588879000047],[123.93216710500008,12.845605123000041],[123.93216710500008,12.84561486900003],[123.93216044100006,12.84564086000006],[123.93216044100006,12.845647357000075],[123.93214265100005,12.845680246000029],[123.93213765300004,12.845701364000035],[123.93213765300004,12.845715983000048],[123.93213265500003,12.845738725000047],[123.93213099000002,12.845779335000032],[123.93212932400002,12.845784209000044],[123.93213099000002,12.845793955000033],[123.93213265700001,12.845842687000072],[123.93213432300001,12.845847561000028],[123.93213765600001,12.845880049000073],[123.93215598500001,12.845940151000036],[123.93215598500001,12.845959644000061],[123.9321443230001,12.846006752000051],[123.9321443230001,12.846013250000055],[123.9321526550001,12.846047362000036],[123.93215098900009,12.84607660100005],[123.93213932700007,12.846099343000049],[123.93213099700006,12.846110714000076],[123.93212100000005,12.846120461000055],[123.93211267000004,12.846125334000021],[123.93209101000002,12.846128583000052],[123.93208434600001,12.846133457000064],[123.9320726840001,12.846152950000032],[123.9320726840001,12.846161072000029],[123.93206602000009,12.846174067000049],[123.93206268800009,12.846178941000062],[123.93205435700008,12.846183814000028],[123.93203936200007,12.846187063000059],[123.93201603700004,12.846183815000074],[123.93200104200002,12.846183815000074],[123.93197105200011,12.846191938000061],[123.93194272900007,12.846216304000052],[123.93191940400004,12.846250417000022],[123.93191274000003,12.846253666000052],[123.93190107700002,12.846263413000031],[123.93188774900011,12.846266662000062],[123.93187941800011,12.846266662000062],[123.93185775900008,12.846261789000039],[123.93185109400008,12.846256916000073],[123.93184276400007,12.846256917000062],[123.93180277800002,12.846266664000041],[123.93179278100001,12.846273162000045],[123.93178944900001,12.846279659000061],[123.93178611700012,12.846294279000062],[123.93178611700012,12.846302401000059],[123.93178945000011,12.846310523000056],[123.93179611400001,12.846317020000072],[123.93181277500003,12.846326766000061],[123.93182610400004,12.846330015000035],[123.93183610100004,12.846328390000053],[123.93184609700006,12.846325141000023],[123.93186109200008,12.846313770000052],[123.93186942300008,12.846310521000021],[123.9318827510001,12.846315394000044],[123.9318877500001,12.846320267000067],[123.93189108200011,12.846326765000072],[123.9318910830001,12.846343009000066],[123.93189941300011,12.846356004000029],[123.93190607800011,12.846360877000052],[123.93191440800001,12.846364125000036],[123.93192273900002,12.846364125000036],[123.93192940300003,12.84635925200007],[123.93194439800004,12.846339759000045],[123.93195106200005,12.846336510000071],[123.93195939300006,12.846336510000071],[123.93197272200007,12.846339758000056],[123.93197938600008,12.846344631000022],[123.93198271800009,12.846351129000027],[123.93198271900008,12.846360875000073],[123.93197772100007,12.846380368000041],[123.93196605800006,12.846398237000074],[123.93195273000003,12.846404734000032],[123.93193940100002,12.846407984000052],[123.93193273700001,12.846412857000075],[123.93192773800001,12.846417730000042],[123.93192274000012,12.846430726000051],[123.9319127440001,12.846443721000071],[123.93189441700008,12.846458341000073],[123.93188775300007,12.846461590000047],[123.93187442400006,12.846463214000039],[123.93186776000005,12.846458341000073],[123.93186276100005,12.846445346000053],[123.93185609700004,12.846442098000068],[123.93184943200004,12.846446971000034],[123.93184610000003,12.846451844000057],[123.93184443400003,12.846464839000078],[123.93184110200002,12.846471337000025],[123.93182610800011,12.846518445000072],[123.93181278000009,12.84653793800004],[123.93180111800007,12.846559055000057],[123.93179612000006,12.846578548000025],[123.93179445400006,12.846599666000031],[123.93178945600005,12.846619158000067],[123.93177279600002,12.846653271000037],[123.93176779800001,12.846659769000041],[123.93175946800011,12.846679262000066],[123.9317528040001,12.846705252000049],[123.9317528040001,12.846719872000051],[123.9317544700001,12.846727994000048],[123.9317611350001,12.846740989000068],[123.9317678000001,12.846762106000028],[123.93176946700009,12.846783223000045],[123.9317661340001,12.84678972100005],[123.93176113600009,12.846794594000073],[123.93174780800007,12.846801092000021],[123.93173114600006,12.846801092000021],[123.93171115300004,12.84678972200004],[123.93170448900003,12.846788098000047],[123.93168949400001,12.846791347000021],[123.93168282900001,12.846796220000044],[123.93167783100012,12.846801093000067],[123.93167449900011,12.846814089000077],[123.93167616700009,12.846875816000022],[123.93167116900008,12.846896933000039],[123.93166283800008,12.846908304000067],[123.93164951000006,12.846916426000064],[123.93163951300005,12.846916426000064],[123.93161618800002,12.846906680000075],[123.93161118900002,12.846908305000056],[123.93160452500001,12.846913178000023],[123.93159786100011,12.846926174000032],[123.93159619500011,12.846934296000029],[123.93159619500011,12.846950540000023],[123.9315978620001,12.846965159000035],[123.93160619300011,12.846996023000031],[123.93161619000011,12.847017140000048],[123.93162452100012,12.847030135000068],[123.93164451400003,12.847055596000075],[123.93164951300002,12.847078338000074],[123.93164618100002,12.847089708000055],[123.93163951700001,12.847102704000065],[123.9316245230001,12.847120573000041],[123.93161619200009,12.847140066000065],[123.93161119500007,12.847172554000053],[123.93161119500007,12.847195295000063],[123.93160952900007,12.847201793000067],[123.93161119500007,12.847208291000072],[123.93161119600006,12.847222910000028],[123.93160953000006,12.847229408000032],[123.93160953000006,12.847242403000052],[123.93161452900006,12.84726352000007],[123.93162785800007,12.847289510000053],[123.93164951800009,12.847313876000044],[123.93165285000009,12.847321998000041],[123.93166118100009,12.847334993000061],[123.93166618000009,12.847354486000029],[123.93166618000009,12.847377227000038],[123.93166451400009,12.847383725000043],[123.93165951600008,12.847390222000058],[123.93165118600007,12.847395096000071],[123.93163785700006,12.847398345000045],[123.93162952700004,12.847398345000045],[123.93161453100004,12.847391848000029],[123.93160953300003,12.847386975000063],[123.93160286800003,12.847383726000032],[123.93159620400002,12.847385350000025],[123.93159287200001,12.847391848000029],[123.93158787400012,12.847411341000054],[123.9315845430001,12.847443829000042],[123.93158954100011,12.847463322000067],[123.93159620600011,12.84747631700003],[123.93161120100001,12.847494185000073],[123.93161120100001,12.84750230700007],[123.93160287100011,12.847515302000033],[123.9315962070001,12.847520176000046],[123.93158287800009,12.847521800000038],[123.93157621400007,12.847525049000069],[123.93156288500006,12.847541293000063],[123.93156288600005,12.847564035000062],[123.93156788400006,12.847585152000022],[123.93156955100005,12.847601396000073],[123.93156788500005,12.84760951800007],[123.93156788500005,12.847632260000069],[123.93156455300004,12.847648504000063],[123.93156455400003,12.847674494000046],[123.93157121900003,12.847715104000031],[123.93158121600004,12.847742718000063],[123.93158288300003,12.847755713000026],[123.93158621500004,12.847760587000039],[123.93159121400004,12.847765460000062],[123.93159954400005,12.847763835000023],[123.93161287300006,12.847755713000026],[123.93162120300008,12.847755713000026],[123.93163619900008,12.847770332000039],[123.93164619600009,12.847783327000059],[123.93164952800009,12.847789825000064],[123.9316545260001,12.84779469800003],[123.9316611910001,12.84780769300005],[123.93167118800011,12.84784180500003],[123.93167618700011,12.847866171000021],[123.93167618700011,12.847872668000036],[123.93168785100011,12.847892161000061],[123.93169951400012,12.847918151000044],[123.93171617600001,12.847973380000042],[123.93172450800012,12.848013990000027],[123.93173450500001,12.848041605000049],[123.93174117000001,12.848054600000069],[123.93174450200002,12.848059473000035],[123.93178615600004,12.848093584000026],[123.93179448600006,12.848103331000061],[123.93179282100004,12.848126072000071],[123.93178948900004,12.848137443000041],[123.93177782600003,12.848155312000074],[123.93177782700002,12.848189424000054],[123.93177949300002,12.848197546000051],[123.93178615800002,12.848202419000074],[123.93180115300004,12.848205668000048],[123.93181781400006,12.848205667000059],[123.93182447900006,12.848204043000067],[123.93183281000006,12.848215414000038],[123.93183614200007,12.848239780000029],[123.93183614300006,12.848252775000049],[123.93183114500005,12.848275517000047],[123.93182114900003,12.848295010000072],[123.93180282200001,12.848319376000063],[123.93179282600011,12.848338869000031],[123.9317911600001,12.848345367000036],[123.93179782400011,12.848358362000056],[123.93182614900002,12.848382727000057],[123.93185614000004,12.848411140000053],[123.93185947200004,12.848416013000076],[123.93186780300005,12.848420886000042],[123.93188446400006,12.848435506000044],[123.93190445800008,12.848448501000064],[123.93195610900011,12.84848911000006],[123.93203608300007,12.848542713000029],[123.93204441400007,12.84854596200006],[123.93206774000009,12.848563830000046],[123.93207273900009,12.848570327000061],[123.9320844020001,12.848580073000051],[123.93210273000011,12.848606063000034],[123.93210939400001,12.848619059000043],[123.93213272100002,12.848646673000076],[123.93213771900002,12.848651546000042],[123.93215104800004,12.848654794000026],[123.93215771300004,12.848658043000057],[123.93217104200005,12.848675911000043],[123.93218270500006,12.848695404000068],[123.93219270200007,12.84870677400005],[123.93220769800007,12.848711647000073],[123.93222602500009,12.848710022000034],[123.93225101700011,12.848710022000034],[123.93225768100001,12.848711646000027],[123.93227101100001,12.848721392000073],[123.93228100800002,12.848732763000044],[123.93228600600003,12.848736011000028],[123.93230100200003,12.848755504000053],[123.93233932300006,12.848791240000025],[123.93235098700006,12.848809108000069],[123.93235765200006,12.848846469000023],[123.93235598600006,12.848880582000049],[123.93235765300005,12.848898450000036],[123.93235765400004,12.848926065000057],[123.93235099000003,12.84895205600003],[123.93233599500002,12.848971549000055],[123.93232266600012,12.848981295000044],[123.93230267300009,12.848989418000031],[123.93226935000007,12.848997541000074],[123.93224769100004,12.849000790000048],[123.93216938300009,12.848999167000045],[123.93216105200008,12.849000792000027],[123.93213939300006,12.849005666000039],[123.93211106900003,12.84903003200003],[123.93209107600001,12.849036530000035],[123.9320660840001,12.849038155000073],[123.93204942300008,12.849036531000024],[123.93203609400007,12.849031658000058],[123.93198111100003,12.849026786000024],[123.93195445400011,12.849026787000071],[123.93191779900008,12.849036534000049],[123.93188114400004,12.849030037000034],[123.93186614900003,12.849023540000076],[123.93184948800001,12.849012170000037],[123.93184282300001,12.849010545000056],[123.93183449200001,12.849005672000033],[123.93180283600009,12.849000800000056],[123.93177951000007,12.849000800000056],[123.93177118000006,12.849002425000037],[123.93175785100004,12.849005674000068],[123.93174452200003,12.849012172000073],[123.93173119300002,12.849015421000047],[123.93171453200011,12.849015421000047],[123.93166288200007,12.849007300000039],[123.93163122600004,12.849007301000029],[123.93159790400011,12.84901055000006],[123.9315829090001,12.849010551000049],[123.93156291500009,12.849015424000072],[123.93150793400002,12.849041416000034],[123.93148794100011,12.849057660000028],[123.93147794400011,12.849069031000056],[123.93146794800009,12.849095022000029],[123.93145795200007,12.849138880000055],[123.93144795600006,12.849158373000023],[123.93143462700004,12.849179491000029],[123.93140797100011,12.849233096000034],[123.9313963080001,12.849250965000067],[123.93138631200009,12.849262336000038],[123.93137298300007,12.849270458000035],[123.93136798500007,12.84927695600004],[123.93135798800006,12.849294824000026],[123.93135632200006,12.849301322000031],[123.93135465600005,12.849309444000028],[123.93135632200006,12.849314317000051],[123.93135632300005,12.849343556000065],[123.93135798900005,12.849351678000062],[123.93137131900005,12.849367922000056],[123.93137465100006,12.849380917000076],[123.93137298500005,12.849405283000067],[123.93137131900005,12.849410156000033],[123.93136632100004,12.849416654000038],[123.93134299600001,12.84943452300007],[123.93133799800012,12.849447518000034],[123.93133799800012,12.849462138000035],[123.93135965800002,12.849484879000045],[123.93136798900002,12.849505996000062],[123.93136798900002,12.849522240000056],[123.93136465700002,12.849536860000057],[123.93136465800001,12.849543357000073],[123.93136132500001,12.849549855000078],[123.93135799300001,12.849562850000041],[123.93135466100011,12.849569348000045],[123.93133966700009,12.849587217000021],[123.93132967000008,12.849596963000067],[123.93130134600005,12.849618081000074],[123.93128135300003,12.849640823000072],[123.93127468900002,12.849653818000036],[123.93127469000001,12.849684682000031],[123.93127968800002,12.849707423000041],[123.93127553000011,12.849743965000073],[123.93126579900002,12.849769268000045],[123.93125768900006,12.849780338000073],[123.93125282300002,12.849783501000047],[123.93121876100008,12.849791409000034],[123.93121227300003,12.849794572000064],[123.9312074070001,12.849799317000077],[123.93118469900003,12.849829364000072],[123.93118145500011,12.849837272000059],[123.9311668580001,12.849859412000058],[123.9311538820001,12.849886297000069],[123.93114739500004,12.84991001800006],[123.93114739600003,12.849940065000055],[123.9311587520001,12.849989089000076],[123.93116361900002,12.850022299000045],[123.93116199800011,12.85004127600007],[123.93115226700002,12.850088719000041],[123.93115226800012,12.850112440000032],[123.93116037900006,12.850153556000066],[123.93115875800004,12.85018202200007],[123.93114253900001,12.85021839500007],[123.93111821000002,12.850265838000041],[123.93111172200008,12.850275327000077],[123.93111010000007,12.850283234000074],[123.93109550300005,12.850314863000051],[123.9310873930001,12.850340166000024],[123.93108739400009,12.85034965400007],[123.93108415000006,12.850362306000022],[123.93108577300006,12.850378120000073],[123.93108577400005,12.850423981000063],[123.93108415200004,12.85043188800006],[123.93108415300003,12.850447702000054],[123.9310679350001,12.850528355000051],[123.93106631400008,12.850564727000062],[123.9310695580001,12.850578960000064],[123.93107929100006,12.850591611000027],[123.9310841570001,12.85059635500005],[123.93109713400008,12.850604262000047],[123.93110200000001,12.850610587000062],[123.9311003790001,12.850643797000032],[123.93109875700009,12.850650123000037],[123.93108578200008,12.850675426000066],[123.93106307400001,12.850707055000044],[123.93105658600007,12.850719706000064],[123.93104361100006,12.850751335000041],[123.9310355020001,12.85077663800007],[123.93103225800007,12.850795615000038],[123.93103550300009,12.850827243000026],[123.93102252900007,12.850898408000035],[123.93102090700006,12.850918966000052],[123.93101766400002,12.850925292000056],[123.93100793200006,12.850960083000075],[123.93100468900002,12.850980642000025],[123.93100468900002,12.850996456000075],[123.93100144500011,12.851002782000023],[123.93099658000006,12.851021759000048],[123.93099009200012,12.851034411000057],[123.9309900930001,12.851058132000048],[123.93100071800006,12.851096425000037],[123.93099909600005,12.851096425000037],[123.93099909700004,12.851139123000053],[123.93099098800008,12.851167589000056],[123.93097476800006,12.851196056000049],[123.93095854800004,12.851210289000051],[123.93091961900006,12.851216616000045],[123.93090502000007,12.851222942000049],[123.93087095800001,12.851243502000045],[123.93081743100004,12.851259317000029],[123.93077525800004,12.851278296000032],[123.9307541710001,12.851284622000037],[123.93074119500011,12.851290948000042],[123.93070713200007,12.851303601000041],[123.93066496000006,12.851314672000058],[123.9306406290001,12.851325743000075],[123.93063414100004,12.851327324000067],[123.93060656700004,12.851343139000051],[123.93059034600003,12.851349465000055],[123.93055466200008,12.851368443000069],[123.93053195300001,12.851376351000056],[123.9305011350001,12.851384259000042],[123.9304719380001,12.851396911000052],[123.93044923000002,12.851403238000046],[123.93042165500003,12.851414308000074],[123.93041192300007,12.851415890000055],[123.93040543500001,12.851419053000029],[123.93039245800003,12.85142221600006],[123.93037623800001,12.851430124000046],[123.93036326200001,12.851439613000025],[123.93035190800003,12.851455427000076],[123.93034704200011,12.851468078000039],[123.93035028700001,12.851493381000068],[123.93035028800011,12.85150761400007],[123.93034704400009,12.851518684000041],[123.93034380000006,12.851525010000046],[123.93033893400002,12.851529754000069],[123.93032433600001,12.851537661000066],[123.93031136000002,12.851547150000044],[123.93030162800005,12.851566128000059],[123.93029676300011,12.851594593000073],[123.93029676300011,12.851618314000063],[123.93029514200009,12.851632547000065],[123.93028541000001,12.851657850000038],[123.93027567800004,12.851670502000047],[123.93025945800002,12.851683153000067],[123.93023999400009,12.851689480000061],[123.93022539500009,12.851691061000054],[123.93021404100011,12.851694225000074],[123.93019457700007,12.851706876000037],[123.9301848450001,12.85172427200007],[123.93018322300009,12.851730598000074],[123.93019133400003,12.851751156000034],[123.93018971200001,12.851757482000039],[123.93018484600009,12.851763808000044],[123.93017835800003,12.851768552000067],[123.93017024800008,12.851773297000022],[123.93015564900008,12.851773297000022],[123.93013294100001,12.851776460000053],[123.93010698800003,12.851789112000063],[123.93006157200011,12.851822323000022],[123.93002102100002,12.851841301000036],[123.93000155700008,12.851846046000048],[123.92998209200005,12.851857116000076],[123.92997236000008,12.851869768000029],[123.92997236100007,12.851882419000049],[123.92998209300004,12.851893489000076],[123.92999020400009,12.85190614000004],[123.92999020400009,12.851914047000037],[123.92998209400002,12.851926699000046],[123.92997236200006,12.851934606000043],[123.92995938600006,12.851937769000074],[123.92993667700011,12.851937770000063],[123.92993018900006,12.851939351000055],[123.92991234600004,12.851950422000073],[123.9299058580001,12.851961492000044],[123.92990585900009,12.851974143000064],[123.92991072500001,12.851989957000058],[123.92991072600012,12.852010516000064],[123.92990586000008,12.852029493000032],[123.92990099400004,12.852042144000052],[123.92989612800011,12.852048470000057],[123.9298815300001,12.852062703000058],[123.92987017600001,12.852070610000055],[123.92981016100009,12.852097496000056],[123.92978096400009,12.852121218000036],[123.92976798800009,12.852127544000041],[123.92974690100004,12.852133870000046],[123.92973554700006,12.852141778000032],[123.9297258150001,12.852156011000034],[123.92972094900006,12.852174988000058],[123.92971284000009,12.852195546000075],[123.92968688800011,12.852241408000054],[123.92968526600009,12.852246153000067],[123.92968364400008,12.852269874000058],[123.92968040100004,12.85228410700006],[123.92967229100009,12.852306247000058],[123.92966742500005,12.852314154000055],[123.92965931500009,12.852342620000059],[123.92965931500009,12.852350527000056],[123.92965607200006,12.852364760000057],[123.92965348500002,12.852388252000026],[123.92966159500008,12.85240722900005],[123.92966159500008,12.852415136000047],[123.92965348600001,12.852459416000045],[123.92964699900006,12.85251476600007],[123.92964213400012,12.852536906000068],[123.92964213400012,12.852544813000065],[123.92963564700005,12.852582767000058],[123.92963564900003,12.852665001000048],[123.92963240500001,12.85267923400005],[123.92962429500005,12.852693467000051],[123.92961942900001,12.852696630000025],[123.92961294100007,12.852699793000056],[123.92958536600008,12.852699794000046],[123.92956427900003,12.852704539000058],[123.92954805900001,12.852721935000034],[123.92954643700011,12.852728260000049],[123.9295464380001,12.852772540000046],[123.92954319400008,12.852789936000022],[123.92954319500006,12.852799424000068],[123.92953832900002,12.852819983000074],[123.92953021900007,12.852834216000076],[123.92951724300008,12.85285003000007],[123.92951075500002,12.852856356000075],[123.92949777900003,12.852864263000072],[123.9294929130001,12.852870589000077],[123.92948642400006,12.852875333000043],[123.92946858200003,12.852900636000072],[123.92945236300011,12.852929102000076],[123.92944587500006,12.852948079000043],[123.92943938700012,12.852974964000055],[123.92943938700012,12.852982871000052],[123.92943127800004,12.853014499000039],[123.92941992400006,12.853039802000069],[123.92941668000003,12.853052454000021],[123.92940857000008,12.853066686000034],[123.92939883800011,12.853077757000051],[123.92937937400006,12.853091990000053],[123.92937450800002,12.853093571000045],[123.92934206700011,12.853115712000033],[123.9293274690001,12.853131526000027],[123.92931935900003,12.853153666000026],[123.92931936000002,12.853167899000027],[123.92932260500004,12.853193202000057],[123.92931936100001,12.853221667000071],[123.92930638600001,12.853256459000022],[123.92928854400009,12.853291250000041],[123.92928367800005,12.853299157000038],[123.92926583600001,12.853319716000044],[123.92924961500012,12.853333949000046],[123.92922366300002,12.853351345000021],[123.92921393100005,12.853362416000039],[123.92920906500001,12.853375067000059],[123.92920744300011,12.85338930000006],[123.92919933300004,12.853409858000077],[123.92919122300009,12.85342251000003],[123.92917500300007,12.853454139000064],[123.92917013700003,12.853460464000023],[123.92915067300009,12.853479442000037],[123.92914742900007,12.853485768000041],[123.92912958700003,12.853501582000035],[123.92911012200011,12.853512652000063],[123.9290955240001,12.853515816000026],[123.92907605900007,12.853509490000022],[123.92906308200008,12.853503165000063],[123.92905497200002,12.853490514000043],[123.92905172700011,12.853474700000049],[123.92905172700011,12.853450979000058],[123.92905659200005,12.853424094000047],[123.92905659200005,12.853414606000058],[123.92903874800004,12.853352931000074],[123.92902739300007,12.853332373000057],[123.92901928300012,12.85332130300003],[123.92901441600009,12.853316559000064],[123.92896413200003,12.853284932000065],[123.92893169000001,12.853267537000022],[123.92891547000011,12.853267537000022],[123.92890249300001,12.853273863000027],[123.92888951700002,12.853277026000058],[123.92887329600001,12.853277027000047],[123.92886680800007,12.853273864000073],[123.92885707500011,12.853262794000045],[123.92884572000003,12.853234329000031],[123.92884409800001,12.853224841000042],[123.92884571900004,12.853197957000077],[123.92884734100005,12.853191631000072],[123.9288538290001,12.853180561000045],[123.92888302600011,12.853147350000029],[123.92888951400005,12.853142606000063],[123.92890249000004,12.853123629000038],[123.92890897800009,12.853101489000039],[123.92890411000008,12.85305562800005],[123.92889924400004,12.853036651000025],[123.92888788900007,12.853008186000068],[123.92888302200004,12.853005023000037],[123.92887004600004,12.853006605000076],[123.92884604400001,12.853004939000073],[123.92883631100005,12.852993869000045],[123.92882008900006,12.852944845000025],[123.92880224600003,12.852916380000067],[123.92879737900012,12.852914799000075],[123.92878926900005,12.852919543000041],[123.92877791500007,12.852929032000077],[123.92877304900003,12.852935358000025],[123.9287681830001,12.852938521000056],[123.92876169400006,12.852940102000048],[123.92875358400011,12.852938521000056],[123.92873574100008,12.852924289000043],[123.92869194400009,12.852857870000037],[123.92866923400004,12.852829405000023],[123.92865787900007,12.852819916000044],[123.92863679200002,12.852807265000024],[123.92860597200001,12.852780382000049],[123.92856704200005,12.852729777000036],[123.92856379700004,12.852721870000039],[123.92854919800004,12.852702893000071],[123.92853135500002,12.852690242000051],[123.92848107100008,12.852671266000073],[123.92846647200008,12.852661778000027],[123.92845187300009,12.852641220000066],[123.92845025100007,12.852636476000043],[123.92844700700005,12.852622243000042],[123.92844700600006,12.852600103000043],[123.92844376200003,12.852592196000046],[123.92843565100009,12.852579545000026],[123.92842429700011,12.852570057000037],[123.92840321000006,12.85256215000004],[123.92837076900003,12.852560569000048],[123.92836265800008,12.852557407000063],[123.92832859500004,12.852530523000041],[123.92831399600004,12.852524198000026],[123.92829453100001,12.852513128000055],[123.9282328920001,12.852494153000066],[123.92819720700004,12.852478339000072],[123.92817774200012,12.852465688000052],[123.92815827700008,12.852445130000035],[123.92814854400001,12.852432479000072],[123.92813394600012,12.852419828000052],[123.92808528400008,12.85239610800005],[123.9280577080001,12.852385038000023],[123.92803986600006,12.852380294000056],[123.92802040100003,12.852370806000067],[123.92801391300009,12.852366062000044],[123.92800904600006,12.852359737000029],[123.92799931400009,12.85233759700003],[123.92799444700006,12.852321783000036],[123.92798471500009,12.852310713000065],[123.92797660400004,12.852305969000042],[123.92796525000006,12.852302806000068],[123.92794416300001,12.852301225000076],[123.92793280900003,12.852298063000035],[123.92792794200011,12.85229173700003],[123.92791983200004,12.85225852800005],[123.92791658700003,12.852252202000045],[123.9279117210001,12.852247458000022],[123.92788576800001,12.852241133000064],[123.92787117000012,12.852241133000064],[123.92785494900011,12.852237970000033],[123.92784359500001,12.852228482000044],[123.9278387280001,12.852215831000024],[123.9278387280001,12.852201598000022],[123.92784197200001,12.852185784000028],[123.92784034900001,12.852147830000035],[123.92785819000005,12.852086683000039],[123.92786143400008,12.852070869000045],[123.92786143400008,12.852055055000051],[123.92785332300002,12.852028171000029],[123.92784034600004,12.852007612000023],[123.9278192590001,12.851988635000055],[123.92781114900004,12.851974403000042],[123.92780466000011,12.851958589000049],[123.92780303800009,12.851950682000052],[123.92780303800009,12.851931705000027],[123.92780628200001,12.85192379700004],[123.92782574600005,12.851896913000076],[123.92783061200009,12.851882680000074],[123.9278306110001,12.851866866000023],[123.92782412300005,12.851836819000027],[123.92782087800003,12.851830493000023],[123.92781763400001,12.851817842000059],[123.92781276800008,12.851809935000063],[123.92780790100005,12.851797284000043],[123.92779654700007,12.851781470000049],[123.92779168000004,12.851770400000021],[123.92778194700008,12.85172295700005],[123.92777870300006,12.851715050000053],[123.92777870300006,12.851707143000056],[123.92777545900003,12.851691329000062],[123.92777545800004,12.851666027000022],[123.92777708000006,12.851661282000066],[123.92777708000006,12.851653375000069],[123.9277819460001,12.851635979000037],[123.92778194500011,12.851613840000027],[123.92777707900007,12.851594863000059],[123.92777059000002,12.851579049000065],[123.92776734600011,12.851563235000071],[123.92777221200004,12.851539513000034],[123.92777545600006,12.851531606000037],[123.92778681000004,12.851512629000069],[123.92780465200008,12.851488907000032],[123.92781276200003,12.851466767000034],[123.92781438400004,12.851458860000037],[123.92780789500011,12.851446209000073],[123.92780789500011,12.851430395000023],[123.92781276100004,12.851406674000032],[123.92781600400008,12.851400348000027],[123.92782249200002,12.851373464000062],[123.92782411400003,12.851351324000063],[123.92782573600005,12.85134658000004],[123.92782573600005,12.851332347000039],[123.92783222300011,12.851302300000043],[123.92783222300011,12.851280160000044],[123.92782897900008,12.851273835000029],[123.92781924600001,12.851262765000058],[123.92781275800007,12.851250114000038],[123.9278143790001,12.851213741000038],[123.92781113500007,12.851199508000036],[123.92780789000005,12.851193183000078],[123.92778842600001,12.851183695000032],[123.92778031500006,12.85118211300005],[123.9277705830001,12.851174207000042],[123.92776733900007,12.851159974000041],[123.9277705830001,12.851147322000031],[123.92777058200011,12.851131508000037],[123.92776733800008,12.851112531000069],[123.92776247200004,12.851104624000072],[123.9277543610001,12.851093555000034],[123.92774787300004,12.851088810000022],[123.92772192000007,12.85107774100004],[123.92770245500003,12.851072997000074],[123.92768947900004,12.851061927000046],[123.92767001400011,12.851038207000045],[123.92767001400011,12.851030299000058],[123.92767325800003,12.851023974000043],[123.92769272200007,12.851012903000026],[123.92770732000008,12.85100815900006],[123.92771867500005,12.851006577000021],[123.92773165100004,12.851009740000052],[123.92776247000006,12.851009739000062],[123.92777544600006,12.85100815800007],[123.92778193400011,12.851006576000032],[123.92779328800009,12.850998669000035],[123.92779815400002,12.85099234300003],[123.92780626400008,12.850967041000047],[123.92780139700005,12.850932249000039],[123.92778193200002,12.850895877000028],[123.92777220000005,12.850883226000064],[123.92776571100001,12.850878482000041],[123.92775597900004,12.850867412000071],[123.92775111300011,12.850853179000069],[123.92775111200001,12.850837365000075],[123.92775760000006,12.850808900000061],[123.92776571000002,12.850796248000051],[123.92777057600006,12.850791504000028],[123.92778355200005,12.850785178000024],[123.92780950500003,12.850780433000068],[123.92781754800001,12.850762832000044],[123.92781268200008,12.850754925000047],[123.92779646100007,12.85073753000006],[123.92774779900003,12.850707484000054],[123.92772509000008,12.850699577000057],[123.92771698000001,12.850693251000052],[123.92770887000006,12.850683763000063],[123.92769427100006,12.850656879000041],[123.92767642800004,12.850633158000051],[123.9276699400001,12.850628414000028],[123.92765371900009,12.850622088000023],[123.92763587700006,12.850618926000038],[123.92762776600011,12.850612600000034],[123.92762290000007,12.850603112000044],[123.92761803400003,12.850588879000043],[123.92761803300004,12.850579391000053],[123.92761803300004,12.850571483000067],[123.92762289900008,12.850552506000042],[123.92763263100005,12.850541436000071],[123.92765533900001,12.850522459000047],[123.92766020500005,12.85051455200005],[123.92766507100009,12.850492412000051],[123.92766182700007,12.850473435000026],[123.92765371600001,12.85043231800006],[123.92764073900003,12.850395945000059],[123.92761802900009,12.850353248000033],[123.92760829700001,12.850343759000054],[123.92759856500004,12.850331108000034],[123.92759207600011,12.850316875000033],[123.92758721000007,12.850310550000074],[123.92758072200002,12.850294736000023],[123.92758072100003,12.850282084000071],[123.92758558700007,12.850269433000051],[123.92758558700007,12.850253619000057],[123.92757585400011,12.850207758000067],[123.9275742320001,12.85018720000005],[123.92757098700008,12.850180874000046],[123.92756612100004,12.850176130000023],[123.92754827900001,12.850165060000052],[123.92754665600012,12.850158735000036],[123.92754665600012,12.850133432000064],[123.9275450340001,12.850127106000059],[123.92753530100003,12.850114455000039],[123.92752881300009,12.850109711000073],[123.92750286000012,12.850098642000034],[123.92748826200011,12.850097060000053],[123.92746068700001,12.850090735000038],[123.92744771100001,12.850090735000038],[123.92742824600009,12.850093899000058],[123.92741202600007,12.850093899000058],[123.92739094000001,12.850098643000024],[123.92738445100008,12.85009864400007],[123.92737147500009,12.850101807000044],[123.92736498700003,12.850104969000029],[123.92730497200012,12.850119203000077],[123.92729686200005,12.850119203000077],[123.92721900400011,12.850131856000075],[123.92720116100008,12.850131856000075],[123.92717683100011,12.850122368000029],[123.92716385400001,12.85011288000004],[123.92714925500002,12.850097066000046],[123.92715087700003,12.85007650700004],[123.92715736500008,12.850063856000077],[123.92716709700005,12.850051204000067],[123.92719305000003,12.850032227000042],[123.92723197800001,12.850013250000075],[123.92726604100005,12.84999427200006],[123.92729361500005,12.849984783000025],[123.92730821400005,12.849981620000051],[123.92732443400007,12.849981620000051],[123.92733254400002,12.849980038000069],[123.92736822900008,12.849986363000028],[123.92738120500007,12.849983200000054],[123.92738769400012,12.849978456000031],[123.92739256000004,12.849970549000034],[123.92739580300008,12.849956316000032],[123.92739580300008,12.849935758000072],[123.92739255900005,12.849913618000073],[123.92739418100007,12.849907292000069],[123.92739580200009,12.849902548000045],[123.92740391200005,12.849891478000075],[123.92741851100004,12.849874082000042],[123.92743148600005,12.849847198000077],[123.92746230300008,12.849745987000063],[123.92746068100007,12.849722266000072],[123.92745094800011,12.849703289000047],[123.92744608200007,12.849689056000045],[123.92744770400009,12.84967166000007],[123.92745419200003,12.849654265000026],[123.92751582700009,12.849572030000047],[123.92751744900011,12.849565704000042],[123.92752555800007,12.849506431000066],[123.92751258100009,12.84946373300005],[123.92751582500011,12.84944001100007],[123.92752555700008,12.849425778000068],[123.92754826500004,12.849408382000036],[123.92755475300009,12.849405219000062],[123.92757746200004,12.849405219000062],[123.92759206000005,12.849402056000031],[123.92759692600009,12.849397312000065],[123.92759854800011,12.84939098600006],[123.92759692600009,12.849372009000035],[123.92760017000012,12.84936568300003],[123.92760503600005,12.849360939000064],[123.92761314600011,12.849359357000026],[123.92762774400001,12.849359357000026],[123.92763423200006,12.849360938000075],[123.9276407210001,12.849365682000041],[123.92764396500002,12.849370427000053],[123.92765045300007,12.849373589000038],[123.92766018500004,12.849372008000046],[123.92766667300009,12.849368845000072],[123.92767153900002,12.849360938000075],[123.92767316100003,12.849353030000032],[123.92766991600001,12.849327728000048],[123.92766180600006,12.849304007000057],[123.92765694000002,12.849296100000061],[123.9276520730001,12.849277123000036],[123.9276520730001,12.849269216000039],[123.92765531700002,12.849253401000055],[123.92766342700008,12.849228098000026],[123.92765531600003,12.849209122000048],[123.92764071700003,12.849191726000072],[123.92758556700005,12.849139540000067],[123.92756772500002,12.849125308000055],[123.92754988200011,12.849115820000065],[123.92754015000003,12.849101587000064],[123.92753852800001,12.849092099000075],[123.92754014900004,12.849077866000073],[123.92754501500008,12.849069959000076],[123.92755150300002,12.849065214000063],[123.92756934600004,12.849063633000071],[123.92758070000002,12.849066795000056],[123.92758718800008,12.849071539000022],[123.92760178700007,12.849077865000027],[123.92761476300007,12.849081027000068],[123.92762287300002,12.849081027000068],[123.92765693600006,12.849071538000032],[123.92766504600002,12.849065212000028],[123.92767153400007,12.849052561000065],[123.92767153300008,12.849032003000048],[123.92766504500003,12.849001956000052],[123.92766342200002,12.848986142000058],[123.92765531200007,12.848962421000067],[123.92764233500009,12.848948188000065],[123.92762287100004,12.848935537000045],[123.92760827200004,12.848930793000022],[123.92756934300007,12.848924468000064],[123.92756123300001,12.848921305000033],[123.92755312300005,12.848911817000044],[123.92754987900003,12.848905491000039],[123.92754825700001,12.848897584000042],[123.92754825600002,12.848878607000074],[123.92755636600009,12.848845397000048],[123.92756285400003,12.848831165000036],[123.92757745200004,12.848807443000055],[123.92758718300001,12.84878846600003],[123.92758880500003,12.848782140000026],[123.92758880500003,12.84876790800007],[123.9275839390001,12.848748931000046],[123.92758718200002,12.848736279000036],[123.92759204800007,12.848729954000021],[123.92759853600012,12.848714139000037],[123.92759853600012,12.848685674000023],[123.92759529200009,12.848679348000076],[123.92759042500006,12.848674604000053],[123.92758393700001,12.848674604000053],[123.92756933900012,12.848679349000065],[123.92755636300001,12.848679349000065],[123.92754663100004,12.848666698000045],[123.92754500800004,12.848652465000043],[123.92755960600005,12.848628744000052],[123.92758393600002,12.848603441000023],[123.92760015600004,12.848593952000044],[123.9276228650001,12.848595533000037],[123.92763746300011,12.848592370000063],[123.92764395100005,12.84858762500005],[123.92764881700009,12.848571811000056],[123.9276488160001,12.848557578000054],[123.9276624580001,12.848523401000023],[123.92765136900005,12.848511047000045],[123.9276355290001,12.848500236000064],[123.9276307770001,12.848494059000075],[123.92762602500011,12.848466261000056],[123.92762602500011,12.848456995000049],[123.92762285600008,12.848444640000025],[123.92761652000002,12.848430741000072],[123.92761018400006,12.848426109000059],[123.92760543200006,12.848419931000024],[123.92760226400003,12.848412210000049],[123.9276038480001,12.848399855000025],[123.92760859900011,12.84838441100004],[123.9276228550001,12.848362790000067],[123.92762602300002,12.848355069000036],[123.92762602300002,12.848341170000026],[123.92761651800004,12.84832263800007],[123.92760701400005,12.848311828000021],[123.92760067800009,12.848307195000075],[123.92758167000011,12.848297929000069],[123.92757533400004,12.848293296000065],[123.92753573400012,12.848284031000048],[123.92749930200011,12.848271677000071],[123.92749138200008,12.848267044000067],[123.9274723740001,12.848251601000072],[123.92745970100009,12.848234613000045],[123.92743752500007,12.848191372000031],[123.92743118900012,12.848175929000035],[123.9274185160001,12.848155853000037],[123.92740426000012,12.848121878000029],[123.9273963390001,12.848087902000032],[123.92739475500002,12.848070915000051],[123.92738841900007,12.848038484000028],[123.92738683400012,12.848024585000076],[123.92738683400012,12.847990610000068],[123.92737891400009,12.847972078000055],[123.92737099300007,12.847959723000031],[123.92736148900008,12.847950457000024],[123.92732822500011,12.847939648000022],[123.92731396900001,12.847930382000072],[123.92729971300002,12.847918027000048],[123.92729496100003,12.847905673000071],[123.92729654400011,12.847874786000034],[123.92729337600008,12.847868609000045],[123.92728704000001,12.847865520000028],[123.92726644800007,12.847862432000056],[123.92725536000012,12.84785316600005],[123.92724268800009,12.847825368000031],[123.92724268800009,12.847820735000028],[123.92723952000006,12.847814558000039],[123.92723476800006,12.847809925000035],[123.92722526300008,12.847791393000023],[123.92722051100009,12.847771317000024],[123.92721892600002,12.84771881000006],[123.92722684600005,12.84768020100006],[123.92723318100002,12.847661669000047],[123.92723793300001,12.847655492000058],[123.92724110100005,12.847643137000034],[123.92723951700009,12.84763541500007],[123.92723634900005,12.847629238000025],[123.92723159700006,12.847624605000021],[123.9272252610001,12.847621516000061],[123.92719674900002,12.847616884000047],[123.92717932500011,12.847610707000058],[123.92717140500008,12.847606074000055],[123.92716823600006,12.847595264000063],[123.92717298800005,12.847582909000039],[123.92718090800008,12.847572098000057],[123.92719041200007,12.847572098000057],[123.92721258800009,12.847581364000064],[123.92722050800012,12.847582908000049],[123.92722684400007,12.847582908000049],[123.92723318000003,12.847578275000046],[123.92723318000003,12.847561287000076],[123.92723001100001,12.84755511000003],[123.92720308300011,12.847533490000046],[123.92716981900003,12.847512663000032],[123.92716665100011,12.847498764000022],[123.92716823500007,12.847484865000069],[123.92717615400011,12.847460156000068],[123.92719041000009,12.84742618000007],[123.92720308100002,12.847412281000061],[123.92722525700003,12.847393749000048],[123.9272315930001,12.847384483000042],[123.9272315930001,12.847370584000032],[123.92722367200008,12.847359773000051],[123.92721733600001,12.84734278600007],[123.92722208800001,12.847319621000054],[123.92723317600007,12.847305722000044],[123.92723792700008,12.847302633000027],[123.92726643900005,12.847291822000045],[123.92727594300004,12.847281012000053],[123.92727911100008,12.847271745000057],[123.92728227800001,12.847257846000048],[123.92728227800001,12.847219238000037],[123.92728069300006,12.847197617000063],[123.92727118900007,12.847172908000061],[123.92727118900007,12.84716518700003],[123.9272743570001,12.847152832000063],[123.92728227600003,12.847142021000025],[123.9272886120001,12.847137388000021],[123.92730128400001,12.847134299000061],[123.92730603600012,12.847131211000033],[123.92731554000011,12.847120400000051],[123.92731554000011,12.847106501000042],[123.92731237200007,12.847100324000053],[123.92731237100008,12.847084881000058],[123.92731870700004,12.847070982000048],[123.92733296200004,12.84705090500006],[123.9273488020001,12.847038550000036],[123.92736305800008,12.847024651000027],[123.92737572900012,12.847007663000056],[123.92738206500007,12.846993764000047],[123.92739315300003,12.846976776000076],[123.92739632000007,12.846959788000049],[123.92739632000007,12.846944345000054],[123.92739948800011,12.846930446000044],[123.92740265600003,12.846924268000066],[123.92741532700006,12.846911914000032],[123.92742483100005,12.846907280000039],[123.92743591900012,12.846898014000033],[123.92743908700004,12.846891837000044],[123.92744067100011,12.846885659000066],[123.92744067000001,12.846871760000056],[123.92743433400005,12.846857861000046],[123.92743116600002,12.846843962000037],[123.92743116600002,12.846834697000077],[123.9274375010001,12.846817709000049],[123.9274375010001,12.84680381000004],[123.9274327490001,12.846791455000073],[123.92742958100007,12.846785278000027],[123.92741690900004,12.846777556000063],[123.92741057300009,12.846779101000038],[123.92738681300011,12.846791456000062],[123.92737414200008,12.846800722000069],[123.92735355000002,12.846809988000075],[123.9273456300001,12.846809988000075],[123.92730603000007,12.846800723000058],[123.92729969400011,12.846802267000044],[123.92728068700001,12.84681153400004],[123.92724425600011,12.846845510000037],[123.92723633600008,12.846856320000029],[123.92722524800001,12.846862497000075],[123.92721099200003,12.846865586000035],[123.92717931200002,12.846859409000047],[123.92716980800003,12.846847055000069],[123.92716677200008,12.846812511000053],[123.92716835500005,12.846806334000064],[123.92716835500005,12.846795523000026],[123.92716518700001,12.846781624000073],[123.9271572670001,12.846769270000038],[123.92712558700009,12.846738384000048],[123.9271208350001,12.84673220600007],[123.92711925000003,12.846726029000024],[123.92711766600007,12.84671830700006],[123.92712083400011,12.846712130000071],[123.9271255860001,12.846705952000036],[123.92714142600005,12.846692053000027],[123.92714617700005,12.846678154000074],[123.92714300900002,12.846667344000025],[123.92712400100004,12.846641090000048],[123.92711449700005,12.846630280000056],[123.92709707300003,12.846617926000022],[123.92709073700007,12.846616381000047],[123.92707806500005,12.846624103000067],[123.92707172900009,12.846625648000042],[123.92705430600006,12.846625648000042],[123.92703529800008,12.846619471000054],[123.92703054600008,12.846611749000033],[123.92702737700006,12.846599395000055],[123.92702737700006,12.846585496000046],[123.92703054500009,12.846580863000042],[123.92703688100005,12.84657622900005],[123.92704004900008,12.846570052000061],[123.92703529700009,12.846563875000072],[123.92703054500009,12.846559242000069],[123.92700361700008,12.846546888000034],[123.92697352100004,12.846542255000031],[123.92695926500005,12.846536078000042],[123.92694976100006,12.84652526800005],[123.92694025700007,12.846509824000066],[123.92693550500007,12.846497470000031],[123.92691966500001,12.846480482000061],[123.92689590500004,12.84647276100003],[123.92688164900005,12.846461951000038],[123.92687214500006,12.846451141000045],[123.92686422500003,12.846438786000022],[123.92685947300004,12.84643569800005],[123.9268341290001,12.846426432000044],[123.92682779300003,12.846420255000055],[123.92682145700007,12.846409444000074],[123.92681828900004,12.846401723000042],[123.92681987300011,12.846390912000061],[123.92682304100003,12.846384735000072],[123.92683254400004,12.846375469000066],[123.92686264000008,12.846372380000048],[123.92686897600004,12.84636929100003],[123.92687214400007,12.846364658000027],[123.92687214400007,12.846356936000063],[123.92686422300005,12.846343037000054],[123.92686263900009,12.846329139000034],[123.92686897500005,12.846318328000052],[123.92688639900007,12.846304429000043],[123.92689431800011,12.846287441000072],[123.92689431800011,12.846265820000042],[123.92688798200004,12.846239567000055],[123.92688798100005,12.846224124000059],[123.92688956500001,12.846219491000056],[123.92688956500001,12.84621022500005],[123.92689431700001,12.846197870000026],[123.92689431700001,12.846182426000041],[123.92688639700009,12.846162350000043],[123.92687847700006,12.846153084000036],[123.92685788500012,12.846143819000076],[123.92684521300009,12.846145363000062],[123.92683729300006,12.846143819000076],[123.92682462100004,12.846133009000027],[123.92681828500008,12.84612065400006],[123.92680244500002,12.846103667000023],[123.92679135700007,12.846097490000034],[123.92678343700004,12.846095945000059],[123.92677710100008,12.846095945000059],[123.9267580930001,12.846102123000037],[123.92673116600008,12.846117567000022],[123.92671057500002,12.846139188000052],[123.9266979030001,12.846145365000041],[123.92669315100011,12.846146910000073],[123.92667572700009,12.846145365000041],[123.92665988700003,12.846136100000024],[123.92664879900008,12.846125290000032],[123.92663929500009,12.846109846000047],[123.92663612700005,12.846094403000052],[123.92663612700005,12.846077415000025],[123.9266392940001,12.84606197200003],[123.9266392940001,12.846054250000066],[123.92663612600006,12.846041896000031],[123.92662662200007,12.84603108500005],[123.92661395000005,12.846023364000075],[123.92659969400006,12.846018731000072],[123.92657593500007,12.846015643000044],[123.92656009500001,12.846007921000023],[123.9265474230001,12.845995567000045],[123.92653475100008,12.845970858000044],[123.92652524700009,12.845958503000077],[123.9265157430001,12.84594923700007],[123.92650307100007,12.845939971000064],[123.92648723100001,12.845938427000021],[123.9264745590001,12.845941516000039],[123.92645555100012,12.84594923800006],[123.92643496000005,12.845961593000027],[123.92639377600005,12.845956960000024],[123.92637318400011,12.845946150000032],[123.92635576000009,12.845926074000033],[123.92635417600002,12.845918352000069],[123.92635417600002,12.845902909000074],[123.92636526300009,12.845875111000055],[123.92638268700011,12.845851946000039],[123.92638585500004,12.845839591000072],[123.92638585400005,12.845830325000065],[123.92638110200005,12.84581488200007],[123.9263700140001,12.845800983000061],[123.9263652620001,12.845797894000043],[123.92635100600012,12.845796350000057],[123.92630982300011,12.845804072000021],[123.92630190300008,12.845804072000021],[123.92629398300005,12.845800983000061],[123.92628764700009,12.845796350000057],[123.92627339100011,12.845776274000059],[123.92626388700012,12.845767008000053],[123.92625913500001,12.845765464000067],[123.92624963100002,12.845765464000067],[123.92622903900008,12.84577009700007],[123.92619260800006,12.84578708500004],[123.92616884800009,12.845782453000027],[123.92614825600003,12.845767009000042],[123.92614192000008,12.845763921000071],[123.92613400000005,12.845763921000071],[123.92612132800002,12.845771643000035],[123.92610073700007,12.845788631000062],[123.92608964900012,12.845793264000065],[123.92605480100008,12.845794808000051],[123.92604212900005,12.845791720000022],[123.92602313500004,12.845785206000073],[123.92601679900008,12.845779028000038],[123.92600729500009,12.845763585000043],[123.92600571100002,12.845755863000022],[123.92600887800006,12.845741964000069],[123.92601679800009,12.845721888000071],[123.92601679800009,12.845706445000076],[123.92601521400002,12.845697179000069],[123.92601046200002,12.845686368000031],[123.92600571000003,12.845681735000028],[123.92599779000011,12.845678647000057],[123.92598195000005,12.845680191000042],[123.92596927800003,12.845687913000063],[123.9259661100001,12.845694090000052],[123.92596769500005,12.845738876000041],[123.92596452700002,12.845749686000033],[123.92595027200002,12.845768219000036],[123.92593601600004,12.845772852000039],[123.92591700800006,12.845768219000036],[123.92590433600003,12.845762042000047],[123.92589800000007,12.845757409000043],[123.92588374400009,12.845741966000048],[123.92587899200009,12.845732700000042],[123.92587899200009,12.845723434000035],[123.92587582400006,12.845709535000026],[123.92587265600002,12.845701813000062],[123.92586315200003,12.84569100300007],[123.92584414400005,12.845678648000046],[123.92583622400002,12.845675560000075],[123.92582830400011,12.845675560000075],[123.92581246400005,12.845672471000057],[123.92579662500009,12.845663205000051],[123.92579028900002,12.845657028000062],[123.92578078400004,12.845629230000043],[123.92578078400004,12.845613787000048],[123.92578395200007,12.845599888000038],[123.92578236800011,12.845582900000068],[123.92577761600012,12.845570546000033],[123.92576494400009,12.845555102000048],[123.9257601920001,12.845552014000077],[123.92575385600003,12.845550469000045],[123.92573326400009,12.845558191000066],[123.92572851300008,12.845564369000044],[123.92572059300005,12.845584445000043],[123.92571584100006,12.845590622000032],[123.9257095050001,12.845595256000024],[123.9257047530001,12.84560143300007],[123.92569841700004,12.845602977000055],[123.92569208200007,12.84560143300007],[123.92568574600011,12.845596800000067],[123.92567782600008,12.845582901000057],[123.9256730730001,12.845561281000073],[123.9256683210001,12.845555103000038],[123.92565089800007,12.84554274900006],[123.92564931400011,12.845527305000076],[123.92565089700008,12.84552112800003],[123.92565564900008,12.845514951000041],[123.92565881700011,12.845507229000077],[123.92565881700011,12.845488697000064],[123.92565248100004,12.84547634200004],[123.92564614500009,12.845471710000027],[123.9256366410001,12.845473254000069],[123.92560337800012,12.845490242000039],[123.92558912200002,12.845493331000057],[123.92556853000008,12.845491787000071],[123.92555585900004,12.845487154000068],[123.92554952300009,12.845480976000033],[123.92554793900001,12.845462444000077],[123.92555585800005,12.845430013000055],[123.92556061000005,12.845417659000077],[123.92556061000005,12.845409937000056],[123.92555585800005,12.845394494000061],[123.9255495220001,12.845382139000037],[123.92552417800005,12.845363607000024],[123.92550041800007,12.845357430000035],[123.92548774600004,12.845348164000029],[123.92546557100002,12.845315734000053],[123.9254212190001,12.845260138000071],[123.92540537900004,12.84523542900007],[123.92539904300008,12.845207631000051],[123.92539587500005,12.84519990900003],[123.92539270600003,12.845172111000068],[123.92539270600003,12.845139680000045],[123.92538637000007,12.845108794000055],[123.92538320200003,12.845101072000034],[123.92536261000009,12.845071730000029],[123.92533568200008,12.845025400000054],[123.92532934600001,12.845011501000045],[123.9253214260001,12.844985247000068],[123.92531984200002,12.844962082000052],[123.92531350500008,12.844921929000066],[123.92531350500008,12.84487096600003],[123.92531033700004,12.844855523000035],[123.92530083300005,12.84484008000004],[123.92528816100003,12.844827725000073],[123.92528182500007,12.84482309200007],[123.92526756900008,12.844821548000027],[123.92525014500006,12.844832358000076],[123.92524539400006,12.844836991000022],[123.92524222600002,12.844843169000058],[123.92524222600002,12.844857068000067],[123.92524856200009,12.844881777000069],[123.92525489800005,12.844894132000036],[123.92526281800008,12.844921930000055],[123.92526440200004,12.844935829000065],[123.92526915400003,12.844948183000042],[123.92527073800011,12.844960538000066],[123.92528341100001,12.845003779000024],[123.9253024190001,12.845054742000059],[123.92530875500006,12.845082540000021],[123.92531350700006,12.845125782000025],[123.92531825900005,12.845145858000024],[123.92532617900008,12.845162846000051],[123.92532618000007,12.845178289000046],[123.92531126600011,12.845217345000037],[123.92530651400011,12.845234333000064],[123.92530809800007,12.845240510000053],[123.92532710600005,12.84526676400003],[123.92532869000001,12.84528066300004],[123.92531285100006,12.845311550000076],[123.9253065150001,12.845330082000032],[123.92530176300011,12.845336260000067],[123.92529542700004,12.845334716000025],[123.92527800300002,12.845323905000043],[123.92526850000002,12.845336260000067],[123.92526216400006,12.845360970000058],[123.9252558280001,12.845373324000036],[123.92524632400011,12.845382590000042],[123.92522731700001,12.845390312000063],[123.92519405300004,12.845398034000027],[123.92518771700009,12.845398034000027],[123.9251639580001,12.845387224000035],[123.92515287000003,12.845376414000043],[123.92514811800004,12.845368692000022],[123.92513544600001,12.84531927300003],[123.92513227800009,12.845313096000041],[123.92511010200008,12.845306919000052],[123.92510218200005,12.84529610800007],[123.92509584600009,12.845293020000042],[123.92508317400006,12.845294564000028],[123.92507050200004,12.845300742000063],[123.92504674300005,12.845319274000076],[123.92502298400007,12.845345528000053],[123.92500714400012,12.845359427000062],[123.92499288800002,12.845365604000051],[123.92498021600011,12.845364060000065],[123.92496596100011,12.845367149000026],[123.92495328900009,12.845374871000047],[123.92494695300002,12.845385681000039],[123.9249437850001,12.845399580000048],[123.9249390330001,12.845405758000027],[123.92492794500004,12.845415024000033],[123.92492161000007,12.845418112000061],[123.92490577000001,12.845418113000051],[123.92488042600007,12.845424290000039],[123.92487409000012,12.845427379000057],[123.92484399500006,12.845450544000073],[123.92481390000012,12.845469076000029],[123.92477113200005,12.845503052000026],[123.92475529300009,12.845524673000057],[123.92474895700002,12.845537027000034],[123.92474420500002,12.845554015000062],[123.92474420500002,12.845571003000032],[123.9247457890001,12.845575636000035],[123.92476321300001,12.845592623000073],[123.92479489300001,12.845635865000077],[123.92480281300004,12.845649764000029],[123.92481073300007,12.845669840000028],[123.92481706900003,12.845689916000026],[123.9248186530001,12.84570227100005],[123.92481706900003,12.845725436000066],[123.9248139020001,12.845740879000061],[123.92480756600003,12.845756323000046],[123.92480738300003,12.845779695000033],[123.9248057850001,12.845787484000027],[123.92479300200011,12.845820199000059],[123.92477862100009,12.845838894000053],[123.9247658380001,12.845845125000039],[123.92475784900012,12.845843567000031],[123.92475305500011,12.845840452000061],[123.92474826200009,12.845834220000029],[123.92474027300011,12.845806178000032],[123.92473388100007,12.845792157000062],[123.92472589200008,12.845784368000068],[123.92471470700002,12.845767231000025],[123.92470512000011,12.845759442000031],[123.9247003270001,12.845753211000044],[123.92468434800003,12.845745421000061],[123.9246651740001,12.845743863000052],[123.92464120600005,12.845754768000063],[123.92463641200004,12.845762557000057],[123.92463161800003,12.845775020000076],[123.92463002000011,12.845795273000022],[123.92463800900009,12.845838893000064],[123.92466197800002,12.845881339000073],[123.92466197700003,12.845931191000034],[123.92465558600009,12.845960791000039],[123.9246555850001,12.845968580000033],[123.92465239000001,12.845974812000065],[123.92464440000003,12.846002853000073],[123.92463481300001,12.846049590000064],[123.92463001900001,12.846062053000026],[123.92462522500011,12.846082305000039],[123.92461084400009,12.84611502000007],[123.92456929900004,12.846182009000074],[123.92453574400008,12.846217840000065],[123.92451816700009,12.846247439000024],[123.92449579700008,12.846303522000028],[123.92448620900007,12.846348701000068],[123.92448620900007,12.84635804800007],[123.9244830130001,12.846373626000059],[123.92447822000008,12.846386089000077],[123.92446863200007,12.846398552000039],[123.92444306600009,12.846417247000034],[123.92443827300008,12.846423478000077],[123.92442389200005,12.846435941000038],[123.92441590200008,12.846448404000057],[123.92441430500003,12.846456193000051],[123.92441590200008,12.846470214000021],[123.92442069600008,12.846488908000026],[123.92441909800004,12.846501371000045],[123.92441270600011,12.846518508000031],[123.92439992300001,12.846532529000058],[123.92437755300011,12.846549665000055],[123.92435358500006,12.846562128000073],[123.92433441000003,12.846576149000043],[123.92432322500008,12.846587054000054],[123.92431204000002,12.846601074000034],[123.92430724600001,12.84660419000005],[123.92429286600009,12.846624442000063],[123.92428487600012,12.846638463000033],[123.92428327800008,12.846646252000028],[123.92428487600012,12.846702336000021],[123.92427848400007,12.846716356000059],[123.92427369000006,12.846722588000034],[123.92426250500012,12.846730377000029],[123.92425611400006,12.846731935000037],[123.92424173300003,12.846741282000039],[123.92422895000004,12.846758419000025],[123.92421776500009,12.846780229000046],[123.92420977500001,12.846789576000049],[123.92419699200002,12.846797365000043],[123.92417462200001,12.846802039000067],[123.92416663300003,12.846805154000037],[123.92415225200011,12.846816059000048],[123.9241426640001,12.846834754000042],[123.9241426640001,12.846865911000066],[123.92414586000007,12.846893953000063],[123.92415225100001,12.846914205000076],[123.92416183800003,12.846926668000037],[123.92416822900009,12.846931342000062],[123.92418101200008,12.846934458000021],[123.9241953930001,12.846940689000064],[123.92420178500004,12.846945363000032],[123.92420338200009,12.846953152000026],[123.92420338200009,12.846968731000061],[123.92420178400005,12.846976520000055],[123.92420178400005,12.846998330000076],[123.92418236000003,12.847035707000032],[123.92417117500008,12.847049728000059],[123.92415839200009,12.847069980000072],[123.92415519600002,12.847077770000055],[123.92414401100007,12.847118274000024],[123.92414401000008,12.847171242000059],[123.9241408150001,12.847177474000034],[123.92413761900002,12.847189937000053],[123.92412164000007,12.84721797800006],[123.92411045400002,12.847230441000022],[123.92407370300009,12.847255367000059],[123.92403215800005,12.847274061000064],[123.9240209730001,12.847283408000067],[123.92400978800003,12.847300545000053],[123.92398741700003,12.84732858600006],[123.9239682430001,12.847344165000038],[123.92395865600008,12.847355070000049],[123.92394747000003,12.847364417000051],[123.92391071900011,12.847392459000048],[123.92389793600012,12.847400248000042],[123.92389314200011,12.847406479000028],[123.92388675100005,12.84742828900005],[123.92388355500009,12.847432963000074],[123.92388035900001,12.847446984000044],[123.92387396700008,12.847459447000062],[123.92385639100007,12.847484373000043],[123.92383242200003,12.847509298000034],[123.92382762900002,12.847518645000036],[123.92380685600006,12.847546687000033],[123.9237908770001,12.847577844000057],[123.92378927900006,12.847593423000035],[123.92379407200008,12.847607444000062],[123.92379407200008,12.847632370000042],[123.92379247400004,12.847637043000077],[123.92378448500006,12.847641717000045],[123.92376051700012,12.847646390000023],[123.92375412500007,12.847649506000039],[123.92374134200008,12.847660411000049],[123.92373814600012,12.847666642000036],[123.92373654800008,12.847679105000054],[123.92374453800005,12.847700916000065],[123.92374453700006,12.847714936000045],[123.92374293900002,12.847721168000021],[123.92373495000004,12.847732073000032],[123.92371258000003,12.847749209000028],[123.92368701300006,12.847764788000063],[123.9236486640001,12.84778192400006],[123.92363907700008,12.84778503900003],[123.92362949000005,12.84778503900003],[123.9236135110001,12.847788155000046],[123.92359753200003,12.847794386000032],[123.92357036800001,12.847814638000045],[123.92355438900006,12.847838006000075],[123.92354799700001,12.847853585000053],[123.92354639900009,12.847866048000071],[123.92354639900009,12.847900321000054],[123.9235511920001,12.847926805000043],[123.92354799600002,12.847939268000061],[123.92353840900012,12.847948615000064],[123.92350804900002,12.847965751000061],[123.92348727700005,12.847979772000031],[123.92348088500012,12.847979772000031],[123.92346970000006,12.847968867000077],[123.92346650400009,12.847962635000044],[123.92346171100007,12.847948614000074],[123.92345212400005,12.847903436000024],[123.92344573300011,12.847889415000054],[123.92342091400008,12.847866827000075],[123.92335060700009,12.847876174000021],[123.92331066000008,12.847896426000034],[123.92329468100002,12.847907331000044],[123.92328829000007,12.847913562000031],[123.92327870200006,12.847932256000036],[123.92327071200009,12.847957182000073],[123.9232579290001,12.848025729000028],[123.92324514500001,12.848050654000076],[123.92324035200011,12.848064675000046],[123.9232355580001,12.848070907000022],[123.92322437300004,12.848080254000024],[123.92319081700009,12.848092716000053],[123.92317483800002,12.848091158000045],[123.92316365300007,12.848081811000043],[123.9231604580001,12.848075580000057],[123.92315566400009,12.848042864000035],[123.92315246900012,12.848038190000068],[123.92314447900003,12.848035075000041],[123.92313808800009,12.848035075000041],[123.92312850100006,12.84803663200006],[123.92311092400007,12.848042864000035],[123.92310133700005,12.848049095000022],[123.92309174900004,12.848060000000032],[123.92308855300007,12.848066231000075],[123.92307577000008,12.848074021000059],[123.92304381300005,12.848086483000031],[123.92302304000009,12.848089599000048],[123.92301185500003,12.84809894600005],[123.92300226700002,12.848111409000069],[123.92299587600007,12.848123872000031],[123.92299268000011,12.848133219000033],[123.92299108200007,12.848145682000052],[123.92299108200007,12.848165934000065],[123.92298469000002,12.848186186000021],[123.92297989600002,12.848192418000053],[123.92297670000005,12.848200207000048],[123.92296711300003,12.848211112000058],[123.92295273200011,12.848220459000061],[123.92293835100008,12.848225132000039],[123.9229303620001,12.848225132000039],[123.92291118700007,12.848229806000063],[123.92288402300005,12.848239153000065],[123.9228680440001,12.84824694200006],[123.92282969500002,12.848279657000035],[123.92278016000012,12.848334181000041],[123.92271624400007,12.84838403200007],[123.9227082540001,12.848393379000072],[123.92269067700011,12.848404284000026],[123.92264913200006,12.848422978000031],[123.92262196800004,12.848438557000065],[123.92260279300001,12.848454135000054],[123.92259160800006,12.848466598000073],[123.92258521600002,12.848488408000037],[123.92257882400008,12.848535144000039],[123.92257243200004,12.848553838000043],[123.92255805000002,12.848586554000065],[123.92254526700003,12.848606806000078],[123.92252928800008,12.848645752000039],[123.92252449400007,12.848675352000043],[123.92252449300008,12.848700278000024],[123.92252768800006,12.848732993000056],[123.92252449200009,12.84875168800005],[123.92251810000005,12.848771940000063],[123.92250371900002,12.848787518000051],[123.92249732800008,12.848790634000068],[123.92244459700009,12.848804654000048],[123.92243341200003,12.848810886000024],[123.92240933200003,12.848830313000065],[123.92238855900007,12.848842775000037],[123.92231026200011,12.848872374000052],[123.92228469600002,12.848884837000071],[123.92227351100007,12.848892626000065],[123.92226392300006,12.848901973000068],[123.92224794400011,12.848922225000024],[123.92222876900007,12.848967403000074],[123.92221758300002,12.849009465000051],[123.92221278900001,12.849015697000027],[123.92220959300005,12.849023486000021],[123.92220479900004,12.849028160000046],[123.92216165600007,12.849049969000077],[123.92214088300011,12.849062432000039],[123.92212011100003,12.849070221000034],[123.92208335900011,12.849088915000038],[123.9220561950001,12.849098262000041],[123.92202416400005,12.849116779000042],[123.92172225500008,12.84929780300007],[123.92157643100006,12.849393335000059],[123.92133746200011,12.849536338000064],[123.92131535100009,12.849544631000072],[123.92128643700005,12.849564532000045],[123.92126772900008,12.849579458000051],[123.92124902000012,12.849589409000032],[123.92117758600011,12.849644136000052],[123.9211452720001,12.849672329000043],[123.9210738380001,12.849720424000054],[123.92103301900011,12.84975359200007],[123.9210092080001,12.849776810000037],[123.9209922010001,12.849796710000021],[123.92097859400008,12.849808319000033],[123.92093267400003,12.849861387000033],[123.92090376200008,12.849906163000071],[123.92089695900006,12.849924404000035],[123.92089525900008,12.849937671000077],[123.9209003630001,12.849962545000039],[123.92090546700001,12.849975811000036],[123.92090546800011,12.849990735000063],[123.92089696500011,12.850017268000045],[123.92088676100002,12.850038827000049],[123.92088336000006,12.850053752000065],[123.92088506200002,12.850067018000061],[123.92089356800011,12.850100183000052],[123.92089867200002,12.850111791000074],[123.92090207500007,12.850131690000069],[123.92090555700008,12.850161238000055],[123.92090726000004,12.850196062000066],[123.92092086900004,12.850229226000067],[123.92093277600009,12.850245809000057],[123.92094638500009,12.85027068200003],[123.92095148900012,12.850295556000049],[123.92094979000001,12.850317114000063],[123.92095149200009,12.850333696000064],[123.92096169900003,12.850370178000048],[123.92097360700006,12.850391735000073],[123.92098551400011,12.850409975000048],[123.92099912200001,12.850426557000048],[123.9210008230001,12.850431532000073],[123.92101443200011,12.850453089000041],[123.92103994900003,12.850512786000024],[123.92106716600006,12.850547608000056],[123.92114201000004,12.850623885000061],[123.92115902000012,12.850650416000065],[123.92116922800005,12.850685240000075],[123.92116922800005,12.850691873000073],[123.92117433300007,12.850718405000066],[123.92118964400004,12.850769811000077],[123.92119815100011,12.850809610000056],[123.92120325500002,12.850822876000052],[123.92122196700006,12.850857699000073],[123.92123897800002,12.850882572000046],[123.92124684800001,12.850922326000045],[123.92124684900011,12.850935592000042],[123.92125195400001,12.850980366000044],[123.92125195600011,12.851006898000037],[123.92125536000003,12.851038406000043],[123.92125706400009,12.851081521000026],[123.92126727200002,12.851119661000041],[123.92128428300009,12.851162775000034],[123.92129449100003,12.851199257000076],[123.92131320300007,12.851235738000071],[123.92133021500001,12.851277194000033],[123.92133702100011,12.851312018000044],[123.92133872400007,12.851336892000063],[123.92133702500007,12.851363425000045],[123.92132682300007,12.851424782000038],[123.92132342400009,12.851466239000047],[123.92132002300002,12.851479506000032],[123.92131832400003,12.851504380000051],[123.92130472100007,12.85156408000006],[123.92129451700009,12.851582321000024],[123.92128771400007,12.851590613000042],[123.92125709900006,12.851620464000064],[123.92122818700011,12.851656948000027],[123.92120267500002,12.851685141000075],[123.92118906900009,12.851705041000059],[123.9211482500001,12.851748159000067],[123.92113294400008,12.851768059000051],[123.92112273900011,12.85178464300003],[123.9211142370001,12.851811176000069],[123.9211142370001,12.851822784000035],[123.92111594000005,12.851842684000076],[123.92111934200011,12.851854292000041],[123.92112274600004,12.85187916600006],[123.92112274800002,12.851915648000045],[123.92111934800005,12.851942181000027],[123.92110914400007,12.851988628000072],[123.92109043700009,12.852026770000066],[123.92108363500006,12.85204667000005],[123.9210632270001,12.852093103000072],[123.92105132200004,12.852113003000056],[123.9210394160001,12.852126270000042],[123.92102030800004,12.852157811000041],[123.92101350500002,12.852166103000059],[123.92099309500009,12.852184345000069],[123.92097608800009,12.852207562000046],[123.92097098600004,12.852224146000026],[123.92096418500012,12.852260628000067],[123.92096078400004,12.852268920000029],[123.9209403750001,12.852303745000029],[123.92092847000004,12.852318670000045],[123.9209080600001,12.852336913000045],[123.92087064200007,12.852365106000036],[123.92084683100006,12.852388323000071],[123.92081451500007,12.852408225000033],[123.92076859100007,12.852421494000055],[123.92074988200011,12.852431445000036],[123.92073287300002,12.852441395000028],[123.92070396000008,12.852466271000026],[123.92069375500012,12.852476222000064],[123.92068014900008,12.852499439000042],[123.92067504900001,12.852545871000075],[123.92067164900004,12.852562454000065],[123.92066314500005,12.852575721000051],[123.92064783800004,12.852588988000036],[123.9206274280001,12.85261054700004],[123.92059851500005,12.852633764000075],[123.92054238700007,12.852666933000023],[123.92052197700002,12.85268351700006],[123.92049476500006,12.852711710000051],[123.92047435500001,12.85272829400003],[123.92045734700002,12.852739903000042],[123.92042332900007,12.852754829000048],[123.92037060300004,12.852769757000033],[123.92033998700003,12.852781367000034],[123.92031107300011,12.852794635000066],[123.92025324400004,12.852826146000041],[123.92014609000012,12.852862634000076],[123.92010526900003,12.852880878000065],[123.92006274800008,12.852905754000062],[123.92005764600003,12.85291072900003],[123.92005084200002,12.852914046000024],[123.92003553500001,12.852925655000035],[123.92001852700002,12.852940581000041],[123.91999131400007,12.852972090000037],[123.91993178700011,12.853050033000045],[123.91990967700008,12.853073250000023],[123.91989607000005,12.853083201000061],[123.91987055700008,12.853098127000067],[123.91983483900003,12.853116370000066],[123.91981783000006,12.853123004000054],[123.91980762500009,12.853124663000074],[123.9197991210001,12.853127980000068],[123.91974639300008,12.853137933000028],[123.91969536600004,12.853141253000047],[123.91967495500012,12.853141254000036],[123.91966645000002,12.853137938000032],[123.91965964700012,12.853132963000064],[123.91965454300009,12.853126331000055],[123.91964433600003,12.853099799000063],[123.91963753100003,12.853066633000026],[123.91962562300012,12.853038443000059],[123.91962052000008,12.853030152000031],[123.91960180900003,12.85301357000003],[123.91955588300004,12.852985382000043],[123.91954397600011,12.852980407000075],[123.91952696600003,12.852967142000068],[123.9194776380001,12.85293563700003],[123.91946403000009,12.852930663000052],[123.91945382500012,12.852929006000068],[123.91944191800008,12.852924032000033],[123.91942490800011,12.852912424000067],[123.91940703700004,12.85289750000004],[123.91938662600012,12.852884235000033],[123.91936961700003,12.852885894000053],[123.91934750500002,12.852884237000069],[123.9193270940001,12.85287760500006],[123.91932199100006,12.852870972000062],[123.9193202890001,12.852864339000064],[123.91932028700012,12.852817907000031],[123.91931178000004,12.852783083000077],[123.9193083780001,12.852776451000068],[123.91929646900007,12.852725044000067],[123.91929476700011,12.852711778000071],[123.91928626100002,12.852681930000074],[123.91927265100003,12.852645448000033],[123.91926584700002,12.852633840000067],[123.91924713600008,12.852610625000068],[123.91924033100008,12.852595701000041],[123.91923863000011,12.852587410000069],[123.91923522800005,12.852582435000045],[123.91923522800005,12.85257911900004],[123.9192250210001,12.852560878000077],[123.91920631000005,12.852540980000072],[123.91919610500008,12.852536006000037],[123.91918589900001,12.852534348000063],[123.91915528400011,12.852545957000075],[123.91914677900002,12.852545958000064],[123.91913827400003,12.85254264200006],[123.91912806800008,12.852531034000037],[123.91911786200001,12.852516110000067],[123.91910765500006,12.852492895000069],[123.91909234600007,12.852464705000045],[123.91906342900006,12.85242988300007],[123.9190617270001,12.852424908000046],[123.91902940800003,12.852385111000046],[123.91900049100002,12.852345314000047],[123.91894945900003,12.852259086000061],[123.91892054100003,12.852202706000071],[123.91890012800002,12.852177832000052],[123.91886100600004,12.852136178000023],[123.91883719100008,12.852104672000053],[123.91882698500001,12.852088090000052],[123.91879976700011,12.852026735000038],[123.91878956100004,12.852011811000068],[123.9187708500001,12.851991912000074],[123.91876404600009,12.851980305000041],[123.91875383900003,12.851958748000072],[123.91874023000003,12.851922266000031],[123.91873002400007,12.851907342000061],[123.91871981800011,12.851897393000058],[123.9186977060001,12.851880811000058],[123.91868920100001,12.851877495000053],[123.91867389200002,12.851865888000077],[123.91865007800004,12.851841015000048],[123.91863987200009,12.851822774000027],[123.91863136600011,12.851802875000033],[123.91862626300008,12.851789609000036],[123.91861945800008,12.851763077000044],[123.91860755100004,12.851754786000072],[123.91859394400001,12.851754787000061],[123.91858714000011,12.851753129000031],[123.91857863600001,12.851748155000053],[123.91857013100002,12.851741522000054],[123.91854461500009,12.851706699000033],[123.9185293060001,12.85168016800003],[123.91851229500003,12.851643686000045],[123.91850208700009,12.851602230000026],[123.91850038500002,12.851575697000044],[123.91849358000002,12.851554140000076],[123.91847997200011,12.851530924000031],[123.91847316800011,12.851524291000032],[123.91846466300001,12.851519317000054],[123.91845785900011,12.851517659000024],[123.91844085000002,12.851520976000074],[123.91835750900009,12.851559121000037],[123.91832519200011,12.85156575600007],[123.91828437000004,12.851564100000076],[123.9182418470001,12.851552494000032],[123.91818571700003,12.851552496000068],[123.91816360600001,12.851555814000051],[123.91812108300007,12.851554158000056],[123.91808026100011,12.851559135000059],[123.91806874200006,12.851572801000032],[123.91805235100003,12.851582979000057],[123.91800168400005,12.851606248000053],[123.91797933400005,12.851623694000068],[123.91796145700005,12.85164549700005],[123.91794656500008,12.851677471000073],[123.91793911500008,12.851683286000025],[123.91793017400005,12.851687649000041],[123.91790930800005,12.851689110000052],[123.91786906000004,12.851674593000041],[123.91783030800002,12.851673154000025],[123.91777665400002,12.851680440000052],[123.91776323700003,12.851674632000027],[123.91775429000006,12.851663010000038],[123.91775130700012,12.851655746000063],[123.91775130200006,12.851644121000049],[123.91776618400002,12.851585991000036],[123.91777362900007,12.851565644000061],[123.91777660200012,12.851545299000065],[123.91777808300003,12.851520596000057],[123.91778254200005,12.851488626000048],[123.91778401800002,12.851450844000055],[123.91778699400004,12.851437765000071],[123.91778997200004,12.851431951000052],[123.91780040100002,12.851420322000024],[123.91781232200003,12.851414505000037],[123.9178272260001,12.851411594000069],[123.91784213200003,12.851415948000067],[123.91785256800006,12.851423209000075],[123.91786747500009,12.851429016000054],[123.91787492700007,12.851429014000075],[123.91789429900007,12.851418835000061],[123.91791515900002,12.851402843000074],[123.91792112000007,12.851399934000028],[123.91793006300009,12.85139993100006],[123.91794496900002,12.851404285000058],[123.91795540500004,12.851411547000055],[123.91796733100011,12.851417355000024],[123.91800907000004,12.851433324000027],[123.91801801300005,12.851433320000069],[123.91803589600011,12.851428955000074],[123.91806421500007,12.851428944000077],[123.91808805800008,12.851417310000045],[123.91810444700002,12.851401320000036],[123.91811189500004,12.851389692000055],[123.91810442600001,12.851347555000075],[123.91809099500006,12.851303966000046],[123.91808800500007,12.851280717000066],[123.91808799900002,12.85126473300005],[123.91809544800003,12.851256011000032],[123.91811780000012,12.851244378000047],[123.91814014500005,12.851213854000036],[123.91815653300011,12.851194958000065],[123.91817142600007,12.851165890000061],[123.91818185500006,12.851154261000033],[123.91819675500005,12.851144084000055],[123.9182161220001,12.851120826000056],[123.91822506000005,12.851106292000054],[123.91823101500006,12.851088852000032],[123.91824439000004,12.850990035000052],[123.91825034600004,12.85097259500003],[123.91826821500001,12.850931901000024],[123.91827416900003,12.850910102000057],[123.91827416600006,12.850904289000027],[123.91826820000006,12.850892667000039],[123.91826222800012,12.850865059000057],[123.91826222000009,12.85084471600004],[123.91826370700005,12.850835996000058],[123.91827263700009,12.85080402400007],[123.91827263000005,12.850785134000034],[123.91826665700012,12.850757526000052],[123.91826665500002,12.850751714000069],[123.91826367100009,12.850742996000065],[123.91827260500008,12.850720662000072],[123.91827557700003,12.850697411000056],[123.91828004500007,12.850688691000073],[123.91829643400001,12.850674153000057],[123.91830090000008,12.850661074000072],[123.91830238700004,12.850650901000051],[123.91829939600007,12.850624746000051],[123.91829938500007,12.850598590000061],[123.91830533300003,12.850560807000022],[123.9183097990001,12.850547727000048],[123.91831128500007,12.850537554000027],[123.91832021800008,12.850512848000051],[123.91832468700011,12.85050558100005],[123.91833213500001,12.85049540600005],[123.91833958600012,12.850491044000023],[123.91834554500008,12.850485229000071],[123.91836490500009,12.850444535000065],[123.91837234900004,12.850422735000052],[123.91837383400002,12.850406750000047],[123.91837233400008,12.850383501000067],[123.91836934800006,12.850370424000062],[123.91836933200011,12.850328283000067],[123.9183708170001,12.850313752000034],[123.9183946390001,12.850251259000061],[123.91839910200008,12.850229460000037],[123.91839760000005,12.850197492000063],[123.91839012900004,12.850149542000054],[123.91839012100002,12.850129198000047],[123.91838712800006,12.850098684000045],[123.91837965900004,12.850056546000076],[123.91835131300002,12.849983900000041],[123.9183378890001,12.849959202000036],[123.91831552000008,12.849927242000035],[123.91829315400003,12.849902547000056],[123.91826630600008,12.849851697000076],[123.91826183300009,12.849847340000053],[123.91824543500002,12.849838627000054],[123.91823798000007,12.849832817000049],[123.91823052400002,12.849822648000043],[123.91822455900001,12.849813932000075],[123.9182111340001,12.849784874000022],[123.91820814800008,12.849773250000055],[123.91820515600011,12.849744189000035],[123.91820214000006,12.84965264300007],[123.91819915300005,12.849638113000026],[123.91819319000001,12.84963375500007],[123.91818722700009,12.849632305000057],[123.91817679100006,12.849623590000022],[123.91815823900004,12.849595793000049],[123.91814481900008,12.849579813000048],[123.91813735900007,12.849560926000038],[123.91813586400008,12.849547848000043],[123.91813288000003,12.849540584000067],[123.9181313790001,12.849514428000077],[123.91813583800001,12.849482457000022],[123.9181522130001,12.849430139000049],[123.91815220900003,12.849421420000056],[123.91814624100004,12.849405438000076],[123.91814176700007,12.849398174000044],[123.91812834900009,12.849388007000073],[123.9181015150001,12.849372033000066],[123.9180821330001,12.849356056000033],[123.91807020400006,12.849341529000071],[123.91803441000002,12.849280511000075],[123.91801800700011,12.849260173000062],[123.91801502300007,12.849252909000029],[123.91799265500003,12.849223854000059],[123.91797177500007,12.849188987000048],[123.91795536800009,12.849157024000021],[123.91794940400007,12.849149761000035],[123.91791660600006,12.849129429000072],[123.9178823200001,12.849113458000033],[123.91784505100009,12.84909312800005],[123.91781821300003,12.84906843400006],[123.91780181400009,12.84905681500004],[123.91778690800004,12.849052462000031],[123.91776156900005,12.849048111000059],[123.91774815500003,12.849048116000063],[123.91774070400004,12.849051025000051],[123.91772878000006,12.849051030000055],[123.91771983600006,12.84904812700006],[123.91769896400001,12.849032150000028],[123.91769299300006,12.849007449000055],[123.9176929680001,12.848943512000062],[123.91768848700008,12.848917357000062],[123.91768102600008,12.848895563000042],[123.91767058900007,12.848885395000025],[123.91764226700002,12.848875234000047],[123.91763332200003,12.848869424000043],[123.9176124490001,12.848853448000057],[123.91758561100005,12.848825848000047],[123.91756026600001,12.848808420000069],[123.91752151300011,12.848804075000032],[123.91749468100011,12.848792460000027],[123.91747232200009,12.848786655000026],[123.91746188900004,12.848786659000041],[123.91744400500011,12.848791025000025],[123.91742314200008,12.848799751000058],[123.91740973200001,12.848808475000055],[123.91740079400006,12.848820103000037],[123.91739632800011,12.848834636000049],[123.91739635100009,12.848895667000022],[123.91739486800009,12.848913105000065],[123.91738594000003,12.848952343000065],[123.91737551400001,12.848969784000076],[123.91736210500005,12.848982867000075],[123.91734869400011,12.848991591000072],[123.91734124300001,12.84899450000006],[123.91732335900008,12.848997412000074],[123.91730845400002,12.848997418000067],[123.91725777200008,12.848979999000051],[123.91721454900005,12.848980015000052],[123.91718921100005,12.848977117000061],[123.91717430500012,12.848972764000052],[123.91715343400006,12.84896259900006],[123.91713554100011,12.848942262000037],[123.91712211800007,12.848919017000071],[123.9171176430001,12.848908847000075],[123.91711465600008,12.84889286300006],[123.91711315800001,12.848872520000043],[123.91711166500011,12.84886670800006],[123.91710719100001,12.848860897000066],[123.91708930200002,12.848850732000074],[123.91705054600004,12.848839121000026],[123.91702222600009,12.84883622500007],[123.91697900300005,12.848836241000072],[123.91696410000009,12.848839152000039],[123.91692684500003,12.848856603000058],[123.91688660400007,12.848859524000034],[123.91685977600002,12.848859534000042],[123.91680463300008,12.848871179000071],[123.91678078500001,12.848868281000023],[123.91673755500005,12.848850859000038],[123.9167256290001,12.848845051000069],[123.91671370100005,12.848834883000052],[123.91670177500009,12.848827622000044],[123.9166838860001,12.848818910000034],[123.91667643300002,12.848817459000031],[123.91666451200001,12.848823276000076],[123.91665706200001,12.848830544000066],[123.91666343800011,12.848870048000038],[123.91665152700011,12.848903474000053],[123.91663812100012,12.848925276000045],[123.91663365800002,12.848947074000023],[123.91663665900012,12.84899938600006],[123.91663070700008,12.849025544000028],[123.9166247600001,12.849064780000049],[123.91662776300006,12.849122904000069],[123.91661735000002,12.849175220000063],[123.91661438000006,12.849202831000071],[123.91661887500004,12.849265313000046],[123.91661889000011,12.849304548000077],[123.91661740100005,12.849307454000041],[123.91661740500001,12.849319079000054],[123.91661294200003,12.849340878000021],[123.91660997100007,12.849367035000057],[123.91660550600011,12.849383021000051],[123.91660253400005,12.849407725000049],[123.91659806900009,12.849423711000043],[123.91659509700003,12.849446962000059],[123.91657425300002,12.849506548000022],[123.91656979000004,12.849528346000056],[123.91656682100006,12.849557410000045],[123.91656980700009,12.849571940000033],[123.9165713110001,12.849608267000065],[123.91656684800012,12.84962861200006],[123.91655940400005,12.849651865000055],[123.91655195700002,12.849664946000075],[123.91652812100006,12.849694017000047],[123.91651620900006,12.849724537000043],[123.9165058000001,12.84978847800005],[123.91650580400005,12.849797197000044],[123.91649836000011,12.849818996000067],[123.91648793400009,12.84983789100005],[123.91648496200003,12.849861142000066],[123.91648496700009,12.849874220000061],[123.91648645900011,12.849878579000062],[123.91648646500005,12.849896016000059],[123.91649094500008,12.849917812000058],[123.91649095100001,12.849933796000073],[123.91648648600005,12.849949782000067],[123.91647755200006,12.849971582000023],[123.91645967600004,12.849997745000053],[123.91643584500002,12.850041347000058],[123.91641202300002,12.850105294000059],[123.91638802900002,12.850153272000057],[123.91636419000008,12.850175078000063],[123.9163448270001,12.850211413000068],[123.91632844800006,12.850252106000028],[123.91630610600009,12.85029280200007],[123.91628972500007,12.850329136000028],[123.9162837670001,12.850337856000067],[123.91626738400009,12.850371284000062],[123.91624206000006,12.850406168000063],[123.91621524100003,12.850430881000023],[123.91619438000009,12.850445420000028],[123.91617798900006,12.850454144000025],[123.91615712700002,12.850467230000049],[123.91615265700011,12.85047159100003],[123.91614222600003,12.850475954000046],[123.91611689500007,12.850494854000033],[123.91609156300001,12.850509394000028],[123.91599022700007,12.850547212000038],[123.91592614800004,12.850576297000032],[123.91587696900001,12.850590846000046],[123.9158605770001,12.85059811800005],[123.91584418800005,12.850615561000041],[123.91582333500003,12.850648990000025],[123.91581290900001,12.850669338000046],[123.91580546500006,12.850689684000031],[123.91580249000003,12.850705670000025],[123.91580249700007,12.85072456000006],[123.91580548500008,12.850743450000039],[123.91580549900004,12.85077977800006],[123.91580253100005,12.850816107000071],[123.91579955300006,12.850821920000044],[123.91579211200008,12.85085243900005],[123.9157801990001,12.850880052000036],[123.91577871100003,12.850887319000037],[123.91577871700008,12.850903303000052],[123.91578170300011,12.85091783300004],[123.91578468800003,12.850926551000043],[123.91579512700002,12.850942531000044],[123.91579596200006,12.85097545800005],[123.91580044000011,12.850992894000058],[123.91580193800007,12.851011784000036],[123.91579747300011,12.85103067600005],[123.91579747900005,12.851045207000027],[123.91578855000012,12.851082992000045],[123.91577813800006,12.851138214000059],[123.91577815500011,12.851183261000074],[123.91578115000004,12.851219588000049],[123.91577817400002,12.851232667000033],[123.91577818500002,12.851263183000071],[123.91578415600009,12.851286430000073],[123.91579161400011,12.851302412000052],[123.91581845900009,12.851347449000059],[123.9158348630001,12.851369240000054],[123.91585425200003,12.851405561000036],[123.91586916900008,12.851438978000033],[123.91587066500006,12.851453508000077],[123.91587514200012,12.851468038000064],[123.91587813400008,12.851497099000028],[123.91587814000002,12.851513084000032],[123.91586771600009,12.851537790000066],[123.91584537500012,12.851579939000032],[123.91581560800012,12.851688934000038],[123.91579774000002,12.851736893000066],[123.91578881400005,12.851781943000049],[123.91578882100009,12.851797928000053],[123.91578287200002,12.851832805000072],[123.91577394100011,12.851863324000021],[123.91575904400008,12.85188512600007],[123.91574861400011,12.85189239500005],[123.91573669500008,12.851904024000021],[123.91573222500006,12.851909839000029],[123.91572775800012,12.851921465000032],[123.91572925700007,12.851943262000077],[123.91573373100005,12.851950526000053],[123.91573970100001,12.851970867000034],[123.91575760300009,12.852014455000074],[123.91576506600006,12.852043515000048],[123.91576507100001,12.852056593000043],[123.91576061100011,12.85208711000007],[123.91577999800006,12.852114713000049],[123.91578149000009,12.852120525000032],[123.91577255200002,12.852132153000071],[123.91576063100001,12.852137970000058],[123.91575169200007,12.852148145000058],[123.91575318500009,12.852155410000023],[123.91575169800001,12.852165582000055],[123.91576203800003,12.852190407000023],[123.9157709860001,12.852204935000032],[123.91577546000008,12.852210745000036],[123.91579335100005,12.852225270000076],[123.91580080900007,12.852241252000056],[123.9158112560001,12.852276123000024],[123.91581126200003,12.852292108000029],[123.91580828600001,12.852306640000052],[123.91580530800002,12.852313907000052],[123.9158008390001,12.852319721000072],[123.91579786600005,12.852341519000049],[123.91579786900002,12.852348784000071],[123.91580383600001,12.852363313000069],[123.91579937000006,12.852376393000043],[123.91579788400009,12.852389472000027],[123.91580385400005,12.852409813000065],[123.9158038600001,12.85242579800007],[123.91579046200002,12.852470849000042],[123.91577854500008,12.852486838000061],[123.91577407400007,12.85248974600006],[123.91575917600005,12.852505736000069],[123.9157502380001,12.852518817000032],[123.91574576700009,12.852521725000031],[123.9157383160001,12.852523181000038],[123.91573086300002,12.852521730000035],[123.91572340900007,12.852517373000069],[123.91572042600001,12.852511562000075],[123.91572190600004,12.852483952000057],[123.91571743300005,12.852479594000044],[123.91571147000002,12.852478143000042],[123.91570401900003,12.85248105200003],[123.9156876290001,12.852494136000075],[123.91566676200011,12.852492691000066],[123.91565334900008,12.852497055000072],[123.91564291900011,12.852505777000033],[123.91563845200005,12.852518857000064],[123.91563399200004,12.852546468000071],[123.91563101300005,12.852552281000044],[123.9156250530001,12.852558096000053],[123.91558184100006,12.852588627000046],[123.91555055200001,12.852616248000061],[123.91552074700007,12.852629336000064],[123.91550435700003,12.852643874000023],[123.91549839800007,12.852651141000024],[123.91548499300006,12.852674396000054],[123.91547605400001,12.852684571000054],[123.91547307400003,12.852687478000064],[123.91545817200006,12.852694749000023],[123.91544774200008,12.85270347200003],[123.91544476600006,12.852716551000071],[123.91544924000004,12.852723815000047],[123.91545967600007,12.852731077000044],[123.91546713000002,12.852733980000039],[123.91547011200009,12.852738339000041],[123.9154477730001,12.852786300000048],[123.91543736300002,12.852845882000054],[123.91542694000009,12.852874948000022],[123.9154269600001,12.852925807000076],[123.91542398600006,12.852944699000034],[123.91541505100008,12.852966499000047],[123.91540313300004,12.852981034000038],[123.9153986660001,12.852994114000069],[123.91539867500001,12.853015911000057],[123.91541509300009,12.853078390000064],[123.91542405500002,12.853127793000056],[123.91542704900007,12.853161214000068],[123.9154300350001,12.853175744000055],[123.91543153500004,12.853201900000045],[123.91542486700007,12.853239945000041],[123.91541690700001,12.853255481000076],[123.91541558100005,12.853261953000072],[123.91540098400003,12.853282670000056],[123.91537842000002,12.853300800000056],[123.91535984000006,12.85332151700004],[123.91535586000009,12.853329285000029],[123.91534657000011,12.853339644000073],[123.91530673900002,12.853342247000057],[123.91529877400001,12.853344839000044],[123.91528019100008,12.85335649600006],[123.91527488200006,12.853361675000031],[123.91525762400011,12.853369448000024],[123.9152310720001,12.853373341000065],[123.91520983000009,12.853378526000029],[123.91519522800002,12.85338370900007],[123.91518062600005,12.853391481000074],[123.91515938300006,12.853392783000061],[123.91513150000003,12.85339020400005],[123.91512619000002,12.853392795000047],[123.91510229900007,12.853412220000052],[123.91509433400006,12.853416106000054],[123.91501734000008,12.853451083000039],[123.91498282400005,12.853461451000044],[123.91496291100009,12.853469225000026],[123.91492707200007,12.853493832000026],[123.91490982100004,12.853515843000025],[123.91490849500008,12.853521021000063],[123.91490186100009,12.853532674000064],[123.91490054200005,12.853555974000074],[123.91489789100001,12.853568919000054],[123.91488461900008,12.853581868000049],[123.91487134800002,12.853598700000077],[123.91486604500005,12.853619413000047],[123.91486604900001,12.853631063000023],[123.91486207800006,12.853663425000036],[123.91485279800008,12.853698378000047],[123.91485148800007,12.85374627300007],[123.91484751000007,12.853760513000054],[123.91483822300006,12.853778639000041],[123.91482893300008,12.853788997000038],[123.91481831700003,12.853804534000062],[123.91481433800004,12.85381489100007],[123.91481170100008,12.853865375000055],[123.91480374300011,12.853886089000071],[123.91479446100004,12.853919748000067],[123.91478782700005,12.853930106000064],[123.91478517600001,12.85394175700003],[123.91478518300005,12.853961173000073],[123.91478784200001,12.853971528000045],[123.91480511900011,12.854016827000066],[123.91480742200008,12.854062712000029],[123.91480477000005,12.854073069000037],[123.91480078800009,12.85407695300006],[123.91479813700005,12.854087310000068],[123.91479018900009,12.854137796000032],[123.91477958400003,12.854181810000057],[123.9147703000001,12.854207702000053],[123.91476499300006,12.854218060000051],[123.91474376400004,12.854256900000053],[123.91473580100001,12.854267259000039],[123.91469201400002,12.854341057000056],[123.91468272800012,12.854360477000057],[123.9146681310001,12.854382487000066],[123.91464955000004,12.854400616000021],[123.91464291500006,12.854410974000075],[123.91464291800003,12.85441744600007],[123.91464690500004,12.854427800000053],[123.91464824000002,12.854448511000044],[123.91464426100003,12.854458868000052],[123.91464028000007,12.854464047000022],[123.91462966100005,12.854471817000046],[123.9146070920001,12.854478297000071],[123.91458983600012,12.854488659000026],[123.91456859600009,12.854497727000023],[123.91453009500003,12.854505508000045],[123.91452346000005,12.854514571000038],[123.91452479200007,12.854526220000025],[123.91452610100009,12.854529280000065],[123.91453143700005,12.854541751000056],[123.91453143900003,12.854548223000052],[123.91452347900008,12.854563760000076],[123.91450224200003,12.854581889000031],[123.91448764500001,12.854602605000025],[123.91446907400007,12.854649211000037],[123.91446642400001,12.854662157000064],[123.91446510800006,12.854693223000027],[123.91445847500006,12.854710053000076],[123.91442264400007,12.854755371000067],[123.91441999100005,12.854761844000052],[123.9144186740001,12.854790322000042],[123.9144279950001,12.854862807000075],[123.91442667300009,12.854879636000021],[123.9144226950001,12.854891287000044],[123.91441076500007,12.854944363000072],[123.91440015400008,12.854974139000035],[123.91438953800002,12.854988381000055],[123.91436963000001,12.855009099000029],[123.9143669770001,12.855014278000056],[123.91436565100003,12.855019456000036],[123.91436565800007,12.855038873000069],[123.91436831800002,12.855050522000056],[123.91436832200009,12.855062172000032],[123.91436567900007,12.855094533000056],[123.9143537440001,12.855134665000037],[123.91435374800005,12.855145021000055],[123.91434712200009,12.855179973000077],[123.91434049200006,12.855200686000046],[123.91433120200008,12.855212340000037],[123.91432589200008,12.855214930000045],[123.91432057800012,12.855205871000067],[123.91431659400007,12.855203284000027],[123.91431128200009,12.855201991000058],[123.91429136700003,12.855201998000041],[123.91428605700003,12.855204589000039],[123.91427676600006,12.855213653000021],[123.91427411300003,12.855220126000063],[123.91426349400001,12.855227897000077],[123.91422499400005,12.855238266000072],[123.91420773600009,12.855244744000061],[123.91416658600008,12.85526935300004],[123.9141347310001,12.855296548000069],[123.91412278400003,12.855301730000065],[123.91410419700003,12.855304325000077],[123.91408427900001,12.855299155000068],[123.91407232600011,12.855290098000069],[123.91405240200004,12.855268099000057],[123.91404177800007,12.855260336000072],[123.91400846300007,12.855242400000066],[123.91398721900009,12.855241113000034],[123.91396996100002,12.855246297000065],[123.91396597900007,12.855250181000031],[123.91396731400005,12.855268303000059],[123.91396598800009,12.855274776000044],[123.91395404400009,12.855289019000054],[123.91394740700002,12.855292904000066],[123.91394342400008,12.855292906000045],[123.91393412700006,12.855286437000075],[123.91393279700003,12.855279965000022],[123.91393810400007,12.855269608000071],[123.91393943000003,12.85526313500003],[123.91393411400009,12.855251487000032],[123.91392481700007,12.855242429000043],[123.91391286500004,12.855235961000062],[123.91388498200001,12.855233382000051],[123.91385975600008,12.855234685000028],[123.91384515200002,12.85523727900005],[123.9138079810001,12.855250237000064],[123.91379204800012,12.855250242000068],[123.91377345900003,12.855246366000074],[123.91375221500004,12.855245079000042],[123.91374557500001,12.855242492000059],[123.91373495000005,12.855233435000059],[123.91372698000009,12.855223082000066],[123.91372166500003,12.855211434000068],[123.9137123700001,12.85520755400006],[123.9137044040001,12.855208851000043],[123.91368980400011,12.855221801000027],[123.91368449300012,12.855223097000021],[123.91366988700008,12.855219219000048],[123.9136645750001,12.855215337000061],[123.9136552760001,12.855203691000042],[123.91365128900009,12.85519333700006],[123.9136459770001,12.855188161000058],[123.91364066500012,12.855185574000075],[123.91363535400001,12.855185576000054],[123.91362075100005,12.855190759000038],[123.91360747500005,12.855193352000072],[123.91358623100007,12.85519206500004],[123.91356631000008,12.855177833000027],[123.91354505600009,12.855149363000066],[123.91352646400003,12.855137720000073],[123.9135145140001,12.855135135000069],[123.91349858100011,12.855135141000062],[123.9134746850001,12.855142916000034],[123.91344813600006,12.855157164000047],[123.91343619000008,12.855166229000076],[123.91342955200003,12.855168820000074],[123.91340831000002,12.855171417000065],[123.91335785700005,12.855171434000056],[123.91333661500005,12.855175325000062],[123.91332068500003,12.855183097000065],[123.9133074130001,12.855197340000075],[123.91327953700011,12.855212883000036],[123.91327422800009,12.855218063000052],[123.91326494000009,12.855232305000072],[123.91325830700009,12.85524784100005],[123.91325034400006,12.855258199000048],[123.9132437080001,12.855263379000064],[123.91322910600002,12.855271151000068],[123.91319724100003,12.855272456000023],[123.91319060300009,12.855275047000077],[123.91317733200003,12.855291880000038],[123.91314945600004,12.855306128000052],[123.91313751000007,12.855316488000028],[123.91312822000009,12.85532814100003],[123.91312556900004,12.855338497000048],[123.91312955700005,12.855352735000054],[123.91313753000009,12.855370854000057],[123.91314684000008,12.855413567000028],[123.91314950500009,12.855439455000067],[123.91314951700008,12.855473110000048],[123.91314421300001,12.85549252800007],[123.91312430900007,12.855523602000062],[123.9130977640001,12.855548205000048],[123.91308050600003,12.855554684000026],[123.91305262500009,12.855557282000063],[123.91304067800002,12.855563759000063],[123.91302210200001,12.855597420000038],[123.9130114830001,12.855605191000052],[123.91298891500003,12.855614260000038],[123.91296960900002,12.855628016000026],[123.91289525900004,12.855633219000026],[123.91288065600008,12.855637108000053],[123.91286605500011,12.855647468000029],[123.91284084400002,12.855691488000048],[123.91283155400004,12.855701847000034],[123.91281828000001,12.855710912000063],[123.91281164400004,12.855717387000027],[123.9127957180001,12.855736809000064],[123.91278776200011,12.855762700000071],[123.91278777600007,12.855801533000033],[123.91278380400001,12.855831307000074],[123.91277319200003,12.855858493000028],[123.91275992200008,12.855879209000022],[123.91275195900005,12.855888273000062],[123.91274001300008,12.855897338000034],[123.91270682700008,12.855915472000049],[123.91269488400008,12.855933598000036],[123.91269621600009,12.855945247000022],[123.91271082900005,12.855967247000024],[123.91272278700001,12.855991838000023],[123.91272677800009,12.856012547000034],[123.91273209300005,12.856024195000032],[123.91273608300003,12.856043610000029],[123.91273476000003,12.856055261000051],[123.91273210600002,12.856060439000032],[123.91270423200001,12.856081160000031],[123.91268697500004,12.856090227000038],[123.91266838800004,12.856092822000051],[123.91263519500001,12.856094128000052],[123.91261130000009,12.856103198000028],[123.91260333600007,12.856110967000063],[123.9125993560001,12.856117440000048],[123.91257547500004,12.856166637000058],[123.91257149300009,12.856171816000028],[123.91255291000004,12.856184767000059],[123.91254760100003,12.856189947000075],[123.9125422940001,12.856199010000068],[123.91254096900002,12.856206777000068],[123.91254363500002,12.856236548000027],[123.91254629400009,12.856246902000066],[123.91254497000011,12.856257258000028],[123.91254630500009,12.856276674000071],[123.91254100100002,12.856296093000026],[123.91253171500011,12.856316807000042],[123.91252508400009,12.856338815000072],[123.91252111400001,12.856375060000062],[123.91252113000007,12.856417777000047],[123.91251185100009,12.856459202000053],[123.91251185600004,12.856472147000034],[123.91251717400007,12.856491561000041],[123.91252248900003,12.856504504000043],[123.91252913900007,12.856534274000069],[123.91252596800007,12.85656939100005],[123.91252598400001,12.856612108000036],[123.91252864500007,12.856627640000056],[123.91253927600008,12.85665352500007],[123.91255654800011,12.856683291000024],[123.91256319200011,12.85670011600007],[123.91256187700003,12.856735066000056],[123.91255126800002,12.856770020000056],[123.91254994600001,12.856784259000051],[123.91255260700007,12.856801086000075],[123.91255925000007,12.856812733000027],[123.9125605800001,12.856817910000075],[123.9125619130001,12.856833443000028],[123.91255793400001,12.85684509400005],[123.91254731700008,12.856856748000041],[123.91252873800011,12.856882643000063],[123.91251680500011,12.856926658000077],[123.9125075180001,12.856946078000021],[123.91249822800012,12.856959025000037],[123.91248230100007,12.856971975000022],[123.9124557560001,12.856997873000068],[123.9124199150001,12.85701989100005],[123.91239071300004,12.857041906000063],[123.91235752600005,12.857058746000064],[123.91232035600001,12.85707429200005],[123.91230044400004,12.857084654000062],[123.91226858100003,12.857091137000054]]],[[[123.94273420100001,12.848263216000078],[123.94273529800012,12.848287953000067],[123.94271754900001,12.848315355000068],[123.94270460700011,12.848321664000025],[123.94269651800005,12.848323242000049],[123.94268681100004,12.848321665000071],[123.94268034000004,12.848318511000059],[123.94266254400009,12.848304316000053],[123.94265769000003,12.848298007000039],[123.94265121800004,12.848285389000068],[123.94264478900004,12.848261887000035],[123.94273420100001,12.848263216000078]]],[[[123.92100004800011,12.856091160000062],[123.92098260200009,12.856108173000052],[123.92092708900009,12.856146835000061],[123.92090488400004,12.856165393000026],[123.92087474900006,12.856180858000073],[123.92085730200006,12.85618704500007],[123.92083351100007,12.856207149000056],[123.92080496200003,12.856244264000054],[123.92078751600002,12.856255090000047],[123.92077641300011,12.856258183000023],[123.92076372400004,12.856258184000069],[123.92073675900008,12.856253547000051],[123.92071138000006,12.856242725000072],[123.9206669670001,12.856228809000072],[123.92063524200012,12.856214893000072],[123.92062731100009,12.856207162000032],[123.92062255300004,12.856199430000061],[123.92061620600009,12.856182421000028],[123.92061620600009,12.856163864000052],[123.92062096300003,12.85613139000003],[123.9206193760001,12.856114379000076],[123.92061620300001,12.856103555000061],[123.92060827100011,12.856089638000071],[123.92060034000008,12.856083453000053],[123.92053689200009,12.856044797000038],[123.92050834100007,12.856037067000045],[123.9204845480001,12.856038615000045],[123.92044965400009,12.856047895000074],[123.92040841500011,12.856063362000043],[123.92039889800003,12.856063362000043],[123.92039255300006,12.856060270000057],[123.92038620800008,12.856055631000061],[123.92038303600009,12.856049446000043],[123.92037986200012,12.856032436000021],[123.92038144500009,12.855970580000076],[123.92037985700006,12.855947385000036],[123.92037351100009,12.855919551000056],[123.92035606000002,12.855866974000037],[123.92034019100004,12.855746357000044],[123.92033860200002,12.855709244000025],[123.92034018300001,12.855621101000054],[123.92033859500009,12.855593267000074],[123.92033700800005,12.855588626000042],[123.92033700700006,12.855570070000056],[123.92033383400008,12.855553061000023],[123.92032431500002,12.855540690000055],[123.92031638500009,12.855536051000058],[123.92028307600003,12.855528321000065],[123.92027514500012,12.855520589000037],[123.92026879800005,12.855511311000043],[123.92026245400007,12.855497394000054],[123.92025928100009,12.855483477000064],[123.92027038200001,12.855457188000059],[123.92028148300005,12.855441723000069],[123.92028782800003,12.855435537000062],[123.92031479200011,12.855418526000051],[123.9203592020001,12.855384502000049],[123.92038458000002,12.855387594000035],[123.92040044300006,12.855401510000036],[123.92041630500012,12.855420066000022],[123.9204337540001,12.855435529000033],[123.92047023600003,12.855447898000023],[123.92049561500005,12.85545253600003],[123.92051147600012,12.855457174000037],[123.92052099300008,12.855461814000023],[123.92053685600001,12.855472636000059],[123.92056223500003,12.855498923000027],[123.92057651200003,12.855506654000067],[123.92059078700004,12.855509747000042],[123.92060189000006,12.855509747000042],[123.92061299300008,12.855509745000063],[123.92063044000008,12.855506651000042],[123.92064471500009,12.855498920000059],[123.92066850600008,12.855480361000048],[123.92068119500004,12.855474174000051],[123.9207033990001,12.855467987000054],[123.92071291700006,12.855467987000054],[123.92072243400003,12.855469533000075],[123.92073829600008,12.855475717000047],[123.92077319200007,12.855495818000065],[123.92079381300005,12.855509734000066],[123.9208445700001,12.855537566000066],[123.92085884700009,12.855543751000027],[123.92087470800004,12.855545296000059],[123.9208905700001,12.85554529500007],[123.92092070600006,12.855542201000048],[123.92096194500004,12.855534466000051],[123.92099049400008,12.855520547000026],[123.92101428600006,12.855512814000065],[123.92102697500002,12.855505081000047],[123.92109359200003,12.855491160000042],[123.92111421100003,12.855483427000024],[123.92113958900006,12.85548033200007],[123.92117131200007,12.855486516000042],[123.92121255100005,12.855498885000031],[123.9212458610001,12.85550352100006],[123.92127599900004,12.855512798000063],[123.92129661900003,12.855522075000067],[123.92131565400007,12.855535991000067],[123.92132358400011,12.855546815000025],[123.92133310300005,12.855570010000065],[123.92133469100008,12.855591660000073],[123.92132835000007,12.855638051000028],[123.92133152300005,12.85565506100005],[123.92133628200008,12.855662793000022],[123.9213505570001,12.855667431000029],[123.92136959100003,12.85566743000004],[123.92137910800011,12.855665883000029],[123.92140289800011,12.855658150000068],[123.92142510400004,12.855661241000064],[123.92144572600012,12.855678250000039],[123.92146793400002,12.85570608300003],[123.92147903800003,12.855716907000044],[123.92149648500003,12.855729277000023],[123.92150441700005,12.855732369000066],[123.92152503700004,12.855738553000037],[123.9215408980001,12.855738552000048],[123.92155676000004,12.855735459000073],[123.92157262100011,12.855727726000055],[123.92158055000004,12.855716901000051],[123.92159006600002,12.85568597200006],[123.92159640900002,12.85567050800006],[123.92160116600007,12.855665869000063],[123.92160751200004,12.855664322000052],[123.92161385600002,12.855664322000052],[123.92162813200002,12.85566896000006],[123.92164399400008,12.855679783000028],[123.92165351200003,12.855693700000074],[123.92166461500005,12.855715350000025],[123.92167254700007,12.85572617300005],[123.92168047900009,12.855732358000068],[123.92168682400006,12.855733904000033],[123.9216979250001,12.855730812000047],[123.92172013100003,12.855707614000039],[123.92172647400002,12.855702974000053],[123.92174233600008,12.855699880000031],[123.92175978400007,12.855704518000039],[123.92177881900011,12.85571998100005],[123.92178675100001,12.85573389800004],[123.92178675100001,12.855744722000054],[123.92178199400007,12.855754002000026],[123.92177564800011,12.855760187000044],[123.9217550300001,12.855769466000027],[123.92173916800004,12.855780292000077],[123.92172965400005,12.855797303000031],[123.92172806800011,12.855808128000035],[123.92172807000009,12.85583441600005],[123.92173917500008,12.855857612000023],[123.9217502780001,12.855869981000069],[123.92176455400011,12.855877712000051],[123.92177248500002,12.855879258000073],[123.92182165500003,12.855865339000047],[123.9218375160001,12.855863790000058],[123.92187558400008,12.855863788000022],[123.92189779000012,12.855866879000075],[123.92190889300002,12.855869971000061],[123.9219184100001,12.855869971000061],[123.92194061600003,12.855876156000022],[123.92195330600009,12.855882340000051],[123.92196123800011,12.85589471000003],[123.92196282400005,12.855911720000051],[123.92195489500011,12.855925638000031],[123.92192634600008,12.85595038200006],[123.92190572800007,12.855972033000057],[123.9218930400001,12.855992138000033],[123.9218866970001,12.856010694000076],[123.9218835260001,12.856026158000077],[123.92188352700009,12.856050900000071],[123.92188194200003,12.856061724000028],[123.92188194700009,12.856145229000049],[123.92188036200002,12.856152961000078],[123.92188036300001,12.856166879000057],[123.92187877600009,12.856171518000053],[123.92187243300009,12.856183889000022],[123.92186767500004,12.856190076000075],[123.92186133000007,12.856194715000072],[123.9218486420001,12.856194716000061],[123.92183595200004,12.856197809000037],[123.92181216100005,12.856197812000062],[123.92177092000009,12.856185442000026],[123.92175505800003,12.856183897000051],[123.92172809400006,12.856188537000037],[123.92169002800006,12.856202457000052],[123.9216456150001,12.856214831000045],[123.92161389400007,12.856219472000078],[123.92157741200003,12.856219474000056],[123.92155996400004,12.856213290000028],[123.9215441020001,12.85620246600007],[123.92149651500006,12.856157624000048],[123.92148382500011,12.856148347000044],[123.92146954900011,12.856134430000054],[123.9214584450001,12.856120513000064],[123.92145527200012,12.856111235000071],[123.92144892700003,12.856100411000057],[123.92143465000004,12.856086494000067],[123.92140927100002,12.856074125000077],[123.92136644400011,12.856063304000031],[123.92131885900005,12.856047842000066],[123.92130458400004,12.85604475100007],[123.92127286100003,12.856041660000074],[123.9212538270001,12.856037022000066],[123.92123320700011,12.856026198000052],[123.92122527600009,12.856020013000034],[123.92120941200005,12.855993727000055],[123.92120306700008,12.855987541000047],[123.92119513700004,12.855984448000072],[123.92118086100004,12.85598290300004],[123.92116182800009,12.855985997000062],[123.92113803500001,12.855998369000076],[123.92109838500005,12.856033938000053],[123.92100004800011,12.856091160000062]]]]},"properties":{"objectid":39959,"gthcode":"8010562100260000","globalid":"{90FD711C-F0E5-4164-B2AF-E2343EDC39C0}","st_area(shape)":0.00039711035686329548,"reg_name":"Region V (Bicol Region)","prov_name":"Sorsogon","city_name":"Juban","brgy_name":"Tinago","reg_code":"050000000","prov_code":"056200000","city_code":"056210000","brgy_code":"056210026","psgc_10d":"0506210026","geographic_level":"Bgy","old_names":"","class":"Municipality","income_class":"","urban_rural2015":"R","bgypop2015":822,"bgypop2020":916,"bgyarea_sqkm":4.7689433800000005,"gida":"Yes","gida_yr":"2023","st_perimeter(shape)":0.16589990288372128,"created_user":null,"created_date":null,"last_edited_user":"ADMIN2","last_edited_date":1748789467000}},{"type":"Feature","id":40628,"geometry":{"type":"MultiPolygon","coordinates":[[[[123.99022974500008,12.864772076000065],[123.99019187300007,12.864772076000065],[123.99015894100012,12.864764050000076],[123.99014576900004,12.864756023000041],[123.99011777700002,12.864730340000051],[123.99009204800007,12.864715284000056],[123.99009040200008,12.864708863000033],[123.99008546200002,12.864704047000032],[123.99006405600005,12.864673548000042],[123.99005911600011,12.864670337000064],[123.99005253000007,12.864662311000075],[123.99004429700005,12.864649469000028],[123.99003441700006,12.864623785000049],[123.99002947800011,12.864617364000026],[123.99002453800006,12.864612548000025],[123.99000971800001,12.864606127000059],[123.98999819200003,12.864596496000047],[123.98998831300003,12.864586864000046],[123.98997514000007,12.864567601000033],[123.98985984800004,12.864602484000045],[123.98891752800012,12.863906637000071],[123.98917651900001,12.862442733000023],[123.98961950800003,12.860550858000067],[123.98990949900008,12.859134952000034],[123.99004648800008,12.857101088000036],[123.99001000800001,12.855681821000076],[123.99010983400001,12.854529280000065],[123.99018833600007,12.853622944000051],[123.99038287600001,12.85051031200004],[123.99084315100004,12.848764488000029],[123.99007306200008,12.848422678000077],[123.99008084200011,12.848403086000076],[123.99038066300011,12.847643919000063],[123.9907418790001,12.846802779000029],[123.9942665320001,12.848341568000023],[123.99449769700004,12.847767918000045],[123.99491192700009,12.846639802000027],[123.99496480800008,12.846102184000074],[123.9955705970001,12.844657915000028],[123.99745440900006,12.845254844000067],[124.00407591600003,12.846266035000042],[124.00334681600009,12.848007775000042],[124.00257721000003,12.849992548000046],[124.00184996300004,12.851705907000053],[124.00132832500003,12.852796037000076],[124.00092000400002,12.853568403000054],[124.00041700300005,12.854529280000065],[124.00015845900009,12.855023173000063],[123.99944247300004,12.857278025000028],[123.99852949100011,12.860254830000031],[123.99770523900008,12.861763717000031],[123.99770421400001,12.861721791000036],[123.99747252400005,12.861705891000042],[123.9974757870001,12.861732933000042],[123.99748068300005,12.86175361100004],[123.99748068300005,12.861766337000063],[123.99747578800009,12.861772700000074],[123.99745620900001,12.86178542600004],[123.99744315700002,12.861804514000028],[123.9974415260001,12.861818830000061],[123.99744478900004,12.861831556000027],[123.99744642100006,12.861860188000037],[123.9974350010001,12.861884048000036],[123.99742194800001,12.861899955000069],[123.99739421100003,12.861917453000046],[123.99736647400005,12.861938133000024],[123.99735015800002,12.861942905000035],[123.9973338420001,12.861944496000035],[123.9973044730001,12.861944497000025],[123.99729794700011,12.861942907000071],[123.99728489400002,12.861934954000048],[123.9972751040001,12.861914275000061],[123.99727510300011,12.861896778000073],[123.99727836600005,12.86188405300004],[123.99729631300011,12.861864964000063],[123.99729957600005,12.861858601000051],[123.99730120800007,12.861852239000029],[123.99729957600005,12.861844285000075],[123.99729631300011,12.861837923000053],[123.99727673300004,12.861822016000076],[123.9972441000001,12.861815655000044],[123.99722778400007,12.861814065000033],[123.99721146800005,12.861809293000022],[123.99718699400012,12.861793387000034],[123.99716578200002,12.861769527000035],[123.99715925600003,12.861766346000024],[123.99707931000012,12.861901555000031],[123.9970858370001,12.861906327000042],[123.99709236300009,12.861907918000043],[123.99710541600007,12.861917461000075],[123.99711357500007,12.861927005000041],[123.99712499700001,12.861958818000062],[123.99714947100006,12.861981087000061],[123.99714947200005,12.861996994000037],[123.99714784000003,12.862003356000059],[123.99713968300011,12.862022445000036],[123.99712173600005,12.862043124000024],[123.9970891050001,12.862097207000033],[123.99707278900007,12.862127430000044],[123.99706626300008,12.862132203000044],[123.99705810500006,12.862143337000077],[123.99705810600005,12.862162425000065],[123.99704342200005,12.862187876000064],[123.99702058000003,12.862221281000075],[123.99699937000003,12.862246732000074],[123.99697163400003,12.862273774000073],[123.9969324760001,12.862300816000072],[123.9968965810001,12.862316724000038],[123.99686394900004,12.86232467800005],[123.99683621200006,12.862324679000039],[123.99682805400005,12.86232627000004],[123.99682152700007,12.862329451000051],[123.99681010600011,12.862342177000073],[123.99680847500008,12.862358083000061],[123.9968101070001,12.862364446000072],[123.9968101070001,12.862377171000048],[123.99679542300009,12.862397850000036],[123.99677421300009,12.862423301000035],[123.99676116100011,12.862442390000069],[123.99674186700008,12.862483937000036],[123.99672718300008,12.862490300000047],[123.9967141300001,12.862490300000047],[123.99669291800001,12.862495073000048],[123.99667823400011,12.862495073000048],[123.9966700760001,12.862498255000048],[123.99666681200006,12.862503027000059],[123.99666844500007,12.862530068000069],[123.99667007700009,12.862534840000023],[123.99666844500007,12.862542794000035],[123.99666518200002,12.862549157000046],[123.99664070800009,12.862582561000067],[123.99661786600007,12.862596878000033],[123.99660807600003,12.862596878000033],[123.99658686500004,12.862592107000069],[123.99655912600008,12.862577791000035],[123.99654770500001,12.862566657000059],[123.99654770400002,12.862550750000025],[123.9965525990001,12.86253961500006],[123.99655749400006,12.862533252000048],[123.99657054700003,12.862523708000026],[123.99657870500005,12.86251098300005],[123.99657707300003,12.862495076000073],[123.99657054600004,12.862487123000051],[123.99656401900006,12.86248394100005],[123.99655423000002,12.86248394200004],[123.99654607100001,12.862487123000051],[123.99652812400006,12.862498258000073],[123.99651180700005,12.862498259000063],[123.99649875400007,12.862491896000051],[123.99648896400004,12.862482353000075],[123.99648243800004,12.862469627000053],[123.99648243700005,12.862455311000076],[123.99648733200002,12.862440995000043],[123.99649712100006,12.862425088000066],[123.99649712100006,12.862417135000044],[123.99639922300003,12.862393277000024],[123.99638127600008,12.862417138000069],[123.99636985500001,12.862425091000034],[123.99631927400003,12.862418730000059],[123.99631111600002,12.862421912000059],[123.99629806300004,12.862433047000025],[123.99629316900007,12.862439409000046],[123.99628501100005,12.862455316000023],[123.99628011600009,12.862460088000034],[123.99625401000003,12.862469633000046],[123.99623279900004,12.862464861000035],[123.99619690300005,12.862444184000026],[123.99618385000008,12.862439412000072],[123.99612348100004,12.862439413000061],[123.99608595400002,12.862448958000073],[123.99607126900003,12.862448958000073],[123.99605658500002,12.862452140000073],[123.99604842700012,12.862452140000073],[123.99604190000002,12.862456912000027],[123.99603863700008,12.862466457000039],[123.9960402690001,12.862474410000061],[123.99604910100004,12.862485335000031],[123.99605562800002,12.86251078600003],[123.99605889100008,12.862517148000052],[123.99606215500012,12.86253941800004],[123.99605726000004,12.862552143000073],[123.99604747100011,12.862566460000039],[123.99603441800002,12.86257282300005],[123.99602626000001,12.86257282300005],[123.99601157600011,12.862580776000073],[123.99598057600008,12.862609409000072],[123.99597731300003,12.862615772000026],[123.99597241800006,12.862636451000071],[123.99597241900005,12.86265872000007],[123.99597568200011,12.862671446000036],[123.99598220900009,12.862684171000069],[123.99598384100011,12.862704850000057],[123.99598057800006,12.862717575000033],[123.99596752500008,12.862744617000033],[123.99595284200007,12.862800290000052],[123.99595447500008,12.862846420000039],[123.99595284300005,12.862862327000073],[123.99593979100007,12.862881415000061],[123.99592347500004,12.862895731000037],[123.99590715900001,12.862905276000049],[123.99587779000001,12.862916411000072],[123.99585984300006,12.862929137000037],[123.99585331700007,12.862937090000059],[123.99584189600012,12.862964132000059],[123.99583863300006,12.862980038000046],[123.99583863400005,12.863010261000056],[123.99583210700007,12.863022986000033],[123.99582231800002,12.863030940000044],[123.99581416000001,12.863034121000055],[123.99579947500001,12.863029350000033],[123.99579458100004,12.863030941000034],[123.99577989700003,12.863064345000055],[123.99577826500001,12.863078661000031],[123.99577500200007,12.863086614000053],[123.9957701080001,12.863092977000065],[123.99576521300003,12.863096158000076],[123.99575216000005,12.863099340000076],[123.99573910700008,12.863094568000065],[123.99572931700004,12.863088206000043],[123.99572279100005,12.863088206000043],[123.99571626500006,12.863092978000054],[123.99571463300003,12.863099341000066],[123.99571952800011,12.863112066000042],[123.99573747600004,12.863127972000029],[123.99574074000009,12.863134335000041],[123.99574237100001,12.863143879000063],[123.9957276880001,12.863175692000027],[123.99572116100001,12.863183646000039],[123.99570647700011,12.863194781000061],[123.99567547600009,12.863197963000061],[123.9956624240001,12.863201144000072],[123.99564610800007,12.863209098000027],[123.99564121300011,12.863213870000038],[123.99563468700001,12.863217051000049],[123.99561021300008,12.863247275000049],[123.99559552900007,12.86325363800006],[123.99556942300001,12.863256819000071],[123.99555637000003,12.863260001000071],[123.99554168600002,12.863258411000061],[123.99553352800001,12.86325522900006],[123.99552373800009,12.863245686000027],[123.99551884300001,12.863232960000062],[123.99551231600003,12.863229779000051],[123.99550742100007,12.863231370000051],[123.99549600000012,12.863239323000073],[123.9954878420001,12.863250458000039],[123.99548457900005,12.86325841200005],[123.99548131600011,12.863267956000072],[123.99548294800002,12.863291816000071],[123.99547642200002,12.863307722000059],[123.99544273200001,12.863331739000046],[123.99543457400011,12.863331739000046],[123.99542152100003,12.863326967000035],[123.99541499500003,12.863330148000045],[123.99540846800005,12.863334921000046],[123.99540031000004,12.863357190000045],[123.99538562600003,12.863366734000067],[123.99537420400009,12.863371507000068],[123.99536767800009,12.863371507000068],[123.99536278300002,12.863366735000056],[123.9953529930001,12.863352419000023],[123.99534972900005,12.863344466000058],[123.99534646600011,12.863341284000057],[123.99533504500005,12.863347647000069],[123.99533178100012,12.863354010000023],[123.99532688700003,12.863374689000068],[123.99532199200007,12.863381052000022],[123.99530730800006,12.863393777000056],[123.99529425500009,12.863398550000056],[123.99526978000006,12.863396959000056],[123.99525835800011,12.863392188000034],[123.99525346300004,12.863387416000023],[123.9952502000001,12.863381053000069],[123.99524530500003,12.863363556000024],[123.99524367300012,12.863349240000048],[123.9952355150001,12.863336515000071],[123.99522898800001,12.863333333000071],[123.99520288200006,12.86333333400006],[123.99517351300005,12.863341288000072],[123.99516209100011,12.863346060000026],[123.99515556500012,12.863352423000038],[123.99515230200006,12.86336037600006],[123.9951539330001,12.863368329000025],[123.99516698700006,12.86339059900007],[123.99516861900008,12.863400143000035],[123.99516535600003,12.863414459000069],[123.99515719800002,12.863425593000045],[123.99513761900005,12.863439910000068],[123.9951115130001,12.863449454000033],[123.9950968280001,12.863449455000023],[123.9950821430001,12.863446273000022],[123.99507561700011,12.863443092000068],[123.99506909000002,12.863436730000046],[123.99504787900003,12.863425595000024],[123.99502014100005,12.863417643000048],[123.99499240300008,12.863417643000048],[123.99496303400008,12.863422416000049],[123.99494345500011,12.863422416000049],[123.99491571700003,12.863417644000037],[123.99489287400002,12.863404919000061],[123.99488634700003,12.863390603000028],[123.99487818900002,12.863361972000064],[123.9948683990001,12.863357200000053],[123.99486187200011,12.863357200000053],[123.99484881900003,12.863360381000064],[123.99484229300003,12.863357200000053],[123.99483250300011,12.86334765600003],[123.99482597600002,12.863338112000065],[123.99482108100005,12.863322206000078],[123.99481129100002,12.863304709000033],[123.99479823800004,12.863306300000033],[123.99478844900011,12.863319025000067],[123.99478355400004,12.863322207000067],[123.99476886900004,12.863322207000067],[123.99475255300001,12.863311072000045],[123.99474113200006,12.863299938000068],[123.99473786800002,12.863293575000057],[123.99473786800002,12.863285622000035],[123.99473460500008,12.863271306000058],[123.99473134100003,12.863264943000047],[123.9947068670001,12.863253809000071],[123.99469381400002,12.86325062800006],[123.9946774980001,12.86325221900006],[123.99467097100012,12.863256991000071],[123.99466607700003,12.863264945000026],[123.99466444500001,12.863271307000048],[123.99466607700003,12.863290395000035],[123.99466444500001,12.863298349000047],[123.99466118200007,12.863307893000069],[123.99465465600008,12.863317437000035],[123.99464813000009,12.863320618000046],[123.99464486700003,12.863326981000057],[123.99461876100008,12.863352432000056],[123.99461549800003,12.863360385000021],[123.99459591900006,12.863385836000077],[123.99457797200012,12.863401743000054],[123.99456655000006,12.863404925000054],[123.9945551290001,12.863400153000043],[123.99453554900003,12.863384246000066],[123.99451433800004,12.863369931000022],[123.99449475900008,12.863361978000057],[123.99447844200006,12.863352434000035],[123.99445723100007,12.86334448100007],[123.99445070500008,12.863339709000059],[123.99443928300002,12.863326984000025],[123.99443602000008,12.863312668000049],[123.99443765100011,12.863306305000037],[123.99444091400005,12.863299943000072],[123.99444744100003,12.863295171000061],[123.99445396700003,12.863293580000061],[123.9944588620001,12.86328880800005],[123.99446212500004,12.863282445000038],[123.99446375700006,12.863274492000073],[123.9944588620001,12.863261766000051],[123.99445233500012,12.863256995000029],[123.99443601900009,12.863255404000029],[123.99442133400009,12.863249042000064],[123.99439686000005,12.863249042000064],[123.99439033400006,12.863247452000053],[123.99437728100008,12.863242680000042],[123.99435933300003,12.863228364000065],[123.99433812200004,12.863218820000043],[123.9943267000001,12.863218821000032],[123.99431364700001,12.863222002000043],[123.99430875300004,12.863225183000054],[123.99430059500003,12.863239500000077],[123.99430059500003,12.863261769000076],[123.99429896400011,12.863271313000041],[123.99429080600009,12.863284038000074],[123.99428264800008,12.863287220000075],[123.99427285800004,12.863288811000075],[123.99425327900008,12.863287220000075],[123.99424675200009,12.863282448000064],[123.99424185700002,12.863276086000042],[123.99423859400008,12.863271314000031],[123.99424512000007,12.863241091000077],[123.99423696200006,12.863222003000033],[123.99423043500008,12.863218822000022],[123.99422390900008,12.863220413000022],[123.99421738300009,12.863225185000033],[123.99421738300009,12.863233138000055],[123.99422227800005,12.863247454000032],[123.99422227800005,12.863255407000054],[123.99420922500008,12.863269724000077],[123.9941961720001,12.863279268000042],[123.99419127800002,12.863285630000064],[123.99417333000008,12.863295175000076],[123.99416680400009,12.86329676500003],[123.9941455930001,12.863291994000065],[123.99411936500007,12.863272906000077],[123.99411610200002,12.863264953000055],[123.99411773300005,12.863244274000067],[123.99412099600011,12.863237911000056],[123.99413241700006,12.863229958000034],[123.99414057500007,12.863222004000022],[123.99414547000003,12.863207688000045],[123.99413894400004,12.863204507000034],[123.99411936400008,12.863199735000023],[123.99408999500008,12.863194964000058],[123.99407857300002,12.863185420000036],[123.9940687830001,12.863164741000048],[123.9940687830001,12.863153606000026],[123.99407694100012,12.863140881000049],[123.99409325700003,12.863126565000073],[123.99409652000008,12.863120202000061],[123.99408999400009,12.86311383900005],[123.99407041400002,12.863107477000028],[123.99406388800003,12.863102705000074],[123.99405736100005,12.863094752000052],[123.99405736100005,12.863078845000075],[123.9940606240001,12.863061348000031],[123.9940606240001,12.863053394000076],[123.99406388700004,12.863042260000043],[123.99407041300003,12.863029534000077],[123.99408346600001,12.863023171000066],[123.99409978200003,12.863018399000055],[123.99411446700003,12.863007264000032],[123.99411609800006,12.863002492000021],[123.99411446700003,12.862994539000056],[123.9941112030001,12.862988176000044],[123.9940818340001,12.862984995000033],[123.99407530700012,12.862981814000022],[123.99406878100001,12.862977042000068],[123.99406062300011,12.862965908000035],[123.99405572800003,12.862962726000035],[123.99405083300007,12.86295477300007],[123.99404104300004,12.862945229000047],[123.99403288500002,12.862942048000036],[123.99402472700001,12.862943639000036],[123.99401004200001,12.862953183000059],[123.99400514800004,12.86295954600007],[123.99400188400011,12.862967499000035],[123.99399699000003,12.862972271000046],[123.99398393700005,12.862992950000034],[123.99397904200009,12.862997722000046],[123.9939725160001,12.863000904000046],[123.99396272600006,12.863013629000022],[123.99396435800008,12.863026355000045],[123.99397414800001,12.863037489000021],[123.99400188600009,12.863059758000077],[123.99400841200008,12.863070893000042],[123.99401167500002,12.863080437000065],[123.99401167600001,12.863093162000041],[123.99400841300007,12.863121794000051],[123.99399699200001,12.863164742000038],[123.99399699200001,12.863179058000071],[123.99400025600005,12.86320450900007],[123.99400678300003,12.863233141000023],[123.99400678300003,12.863241094000045],[123.99400188800007,12.863261773000033],[123.99399046700012,12.863280861000021],[123.99398067700008,12.863291996000044],[123.99397251900007,12.863295177000055],[123.99396599300007,12.863295177000055],[123.99395946600009,12.863293587000044],[123.99391704400011,12.863293587000044],[123.99388278000004,12.863290406000033],[123.99386646400001,12.863290407000022],[123.99383709500012,12.863295179000033],[123.99383546400009,12.863296770000034],[123.99381262100007,12.863301542000045],[123.99379630500005,12.863298361000034],[123.99379141000009,12.863293589000023],[123.99378651500001,12.863280864000046],[123.99378977800006,12.863264957000069],[123.99379304100012,12.863258594000058],[123.99380772500001,12.863244278000025],[123.99380935700003,12.86323950600007],[123.99378977700007,12.863231553000048],[123.99378161900006,12.863220419000072],[123.99377835600001,12.863212465000061],[123.99377019800011,12.86321087500005],[123.99376040800007,12.863217237000072],[123.99375388200008,12.863231554000038],[123.99375388200008,12.863271320000024],[123.99375714600001,12.863301543000034],[123.99376041000005,12.863314268000067],[123.99376041000005,12.863322221000033],[123.9937636730001,12.863328584000044],[123.9937636730001,12.863341309000077],[123.99376204200007,12.863347672000032],[123.99374572600004,12.863365170000066],[123.99373919900006,12.863368351000076],[123.99372451500005,12.863366760000076],[123.9937049350001,12.863354035000043],[123.99369188200001,12.863342901000067],[123.99368698700005,12.863341310000067],[123.99368046100005,12.863342901000067],[123.99367230300004,12.863363580000055],[123.99366740800008,12.863368352000066],[123.99365925000006,12.863371533000077],[123.99364293400004,12.863369943000066],[123.99362988100006,12.863365171000055],[123.99361356500003,12.863365171000055],[123.99360377500011,12.863368353000055],[123.9935890910001,12.863376306000077],[123.99357603800001,12.863389032000043],[123.99354830100003,12.863425617000075],[123.9935385120001,12.86343357100003],[123.99353361700003,12.863439933000052],[123.99351077400001,12.863454250000075],[123.99349772200003,12.86346061200004],[123.99348466900005,12.86346538500004],[123.99347161600008,12.863466975000051],[123.99345366800003,12.863466976000041],[123.99343408900006,12.863462204000029],[123.99342593100005,12.863462204000029],[123.99341777300003,12.863457432000075],[123.99340961400003,12.863446297000053],[123.99340308800004,12.863433572000076],[123.99339819300008,12.863416075000032],[123.99339329800011,12.863408122000067],[123.99338677100002,12.863404940000066],[123.99337371800004,12.863404941000056],[123.99336719200005,12.863406531000066],[123.99335903400004,12.863411303000078],[123.99335413900008,12.863417666000032],[123.99333945500007,12.863449479000053],[123.99332477100006,12.86346856800003],[123.99330682300001,12.863482884000064],[123.9932839810001,12.863492428000029],[123.99326440100003,12.86349561000003],[123.99323340100011,12.863492429000075],[123.99320403200011,12.863479704000042],[123.99319097900002,12.863471750000031],[123.99318282100012,12.863470160000077],[123.99317629400002,12.863466979000066],[123.99315997800011,12.863474932000031],[123.99313357200003,12.863495611000076],[123.99311236100004,12.863495611000076],[123.99309767600005,12.863489249000054],[123.99308788600001,12.863476524000077],[123.99308951800003,12.863468570000066],[123.99309278100009,12.863462207000055],[123.99310583400006,12.863454254000033],[123.99311236100004,12.863447891000021],[123.99311236000005,12.863443119000067],[123.99310746600008,12.863436757000045],[123.99309930700008,12.863431985000034],[123.9930862540001,12.863431985000034],[123.99307972800011,12.863433576000034],[123.99307320200012,12.863438348000045],[123.99306830700004,12.863444710000067],[123.9930650440001,12.863452664000022],[123.99305199100002,12.863468571000055],[123.99303893800004,12.863473343000067],[123.99301446300001,12.863468571000055],[123.99299325200002,12.863459027000033],[123.99296714600007,12.863457437000022],[123.99294919900001,12.863459028000022],[123.99292961900005,12.863463800000034],[123.99288719700007,12.863478116000067],[123.99287251300007,12.863479707000067],[123.99285782800007,12.863478116000067],[123.99285293300011,12.863473344000056],[123.99284967000006,12.863466982000034],[123.99284803800003,12.863459028000022],[123.99284803800003,12.863446303000046],[123.99284640700012,12.863438350000024],[123.99284314300007,12.86343198700007],[123.99283661700008,12.863427215000058],[123.99282193200008,12.863424034000047],[123.99279909000006,12.863422444000037],[123.99279256300008,12.863419262000036],[123.99278277300004,12.863401765000049],[123.9927795100001,12.863385858000072],[123.99278440500007,12.86337949600005],[123.99279093100006,12.86337790500005],[123.9928154050001,12.863379495000061],[123.99283335300004,12.86337631400005],[123.99284151100005,12.863371542000039],[123.99284966900007,12.863360407000073],[123.99285456400003,12.863346091000039],[123.99285619500006,12.863330184000063],[123.99285293200012,12.863317459000029],[123.99284640500002,12.863315869000076],[123.99283987900003,12.863317459000029],[123.99280561500007,12.863330185000052],[123.99276156200006,12.863363589000073],[123.99274850900008,12.863366771000074],[123.99274035100007,12.863366771000074],[123.99272240300002,12.863365180000073],[123.99270935000004,12.863361999000062],[123.99269792900009,12.863357227000051],[123.99268487600011,12.863347683000029],[123.99265713800003,12.863319052000065],[123.99264408500005,12.863311098000054],[123.99262450600008,12.863312689000054],[123.99261145300011,12.863317461000065],[123.9925967690001,12.863315871000054],[123.99257392600009,12.863296783000067],[123.99257392600009,12.863287239000044],[123.99258534700004,12.863268151000057],[123.99258534700004,12.863261788000045],[123.99256903000003,12.863234747000035],[123.99257066200005,12.863228384000024],[123.99258045200008,12.863209296000036],[123.99258045100009,12.86319498000006],[123.99257718800004,12.863188618000038],[123.99256739900011,12.863190209000038],[123.99256087200001,12.863194981000049],[123.99254618800001,12.863218841000048],[123.99253803000011,12.863223613000059],[123.99252334500011,12.863223613000059],[123.99250702900008,12.863217250000048],[123.99249887100007,12.863210888000026],[123.99249234400008,12.86319816300005],[123.99248908100003,12.863185437000027],[123.99249234400008,12.86316953100004],[123.99249723900004,12.863161577000028],[123.99251355500007,12.863147261000051],[123.99250866000011,12.863132945000075],[123.99250376500004,12.863128173000064],[123.99249887000008,12.86311544800003],[123.99249887000008,12.863107495000065],[123.99250213300002,12.863089997000031],[123.99252008100007,12.863064546000032],[123.99253639700009,12.863050230000056],[123.99255434400004,12.863015235000034],[123.99244339400002,12.86295479100005],[123.99243197300007,12.862959563000061],[123.99239771000009,12.862989786000071],[123.99237486700008,12.863004102000048],[123.99236181400011,12.86301523700007],[123.99235528800011,12.863018418000024],[123.99234060400011,12.863035916000058],[123.99233570900003,12.863048641000034],[123.99233244600009,12.863066139000068],[123.99232428800008,12.863088408000067],[123.99232063800002,12.863116017000038],[123.99229923300004,12.863170596000032],[123.9922942930001,12.863181833000056],[123.99228935300005,12.863188254000022],[123.99228770700006,12.863197886000023],[123.99228112000003,12.86321072800007],[123.99227618100008,12.863225176000071],[123.99226794800006,12.863236413000038],[123.9922646550001,12.863249255000028],[123.99223831000006,12.863289387000066],[123.99220537800011,12.863313466000022],[123.99217738600009,12.863324704000036],[123.99215598000001,12.86332791500007],[123.99213951400009,12.86332791500007],[123.99211646100002,12.863321494000047],[123.99209176200009,12.863311863000035],[123.99207529600005,12.863303837000046],[123.99207035600011,12.863299021000046],[123.99205883000002,12.863294206000035],[123.99203907100002,12.863276548000044],[123.99203083800012,12.863271732000044],[123.99200778500006,12.863262101000032],[123.99199296600011,12.863258891000044],[123.99198802600006,12.863255680000066],[123.99196662000008,12.863247654000077],[123.99194686100009,12.863233207000064],[123.99193204200003,12.863215550000064],[123.99192051500006,12.86320912900004],[123.99190734300009,12.86320431300004],[123.99188593700001,12.863199498000029],[123.99187276400005,12.863201103000051],[123.99185629800002,12.86320913000003],[123.99184641900001,12.863220367000054],[123.99183653900002,12.863228393000043],[123.99182336700005,12.863233209000043],[123.99180854800011,12.863229999000055],[123.99180525400004,12.863223578000031],[123.99179537400005,12.86318344600005],[123.99179208100009,12.863177025000027],[123.99177890800001,12.863172210000073],[123.99176244200009,12.863168999000038],[123.99175091600011,12.863164184000027],[123.99171469100008,12.863135290000059],[123.99169657900006,12.86312726400007],[123.9916652930001,12.86312244800007],[123.99163236200002,12.863122449000059],[123.99162577600009,12.863124054000025],[123.99158461100001,12.863143318000027],[123.99156485200001,12.863160976000074],[123.99154838700008,12.863181844000053],[123.99153850700009,12.863189871000031],[123.99153027400007,12.863193081000077],[123.9915171020001,12.863193082000066],[123.99150722200011,12.863196292000055],[123.99148911000009,12.863197898000067],[123.99147593700002,12.863204319000033],[123.99145288500006,12.863230003000069],[123.99142654100001,12.863263714000027],[123.99141995400009,12.863268530000028],[123.99141666100002,12.863273345000039],[123.99140184200007,12.863284582000063],[123.99138208300008,12.863295819000029],[123.99134915200011,12.863319899000032],[123.99132774700001,12.863342372000034],[123.99131622100003,12.863356820000035],[123.99129810900001,12.863384109000037],[123.99128658300003,12.863406583000028],[123.99127670400003,12.863432267000064],[123.99126188500009,12.863461162000021],[123.99125694500003,12.863467583000045],[123.99122566100004,12.863541425000051],[123.99122566100004,12.863544635000039],[123.99121578100005,12.86356710900003],[123.99121413500006,12.863575135000076],[123.99120590200005,12.863589583000021],[123.99118614400004,12.863612056000022],[123.99117487800004,12.863633940000057],[123.99116335200006,12.863666046000048],[123.99115347300005,12.863685309000061],[123.99112218800008,12.863757546000045],[123.99111889500011,12.863770389000024],[123.9911106620001,12.863791257000059],[123.99110572200004,12.863810520000072],[123.9911007820001,12.863821757000039],[123.99108925600001,12.863842626000064],[123.99108761000002,12.863849047000031],[123.99107937700012,12.863863494000043],[123.9910711440001,12.863882758000045],[123.99106785100003,12.863885968000034],[123.99106620400005,12.863892389000057],[123.99104644500005,12.863930916000072],[123.9910415060001,12.863945363000028],[123.99102668700004,12.863967837000075],[123.99102010000001,12.863982284000031],[123.99100857400003,12.864001548000033],[123.99100363500008,12.864006363000044],[123.99098387600009,12.864041679000024],[123.99097399600009,12.864070574000039],[123.99095588400007,12.864099469000053],[123.99093283200011,12.864126758000054],[123.99092130600002,12.864144416000045],[123.99087684800008,12.864194180000027],[123.99084062400004,12.864242338000054],[123.99081921800007,12.864264811000055],[123.99080110600005,12.864292101000046],[123.99078958000007,12.864324206000049],[123.99078793400008,12.864345074000028],[123.99078628700011,12.864349890000028],[123.99078628800009,12.864385206000065],[123.99078299500002,12.864393232000054],[123.99076817500008,12.864404469000021],[123.99072536400001,12.864425338000046],[123.99069078600007,12.864460653000037],[123.99068749300011,12.864467074000061],[123.99066773400011,12.864492759000029],[123.99066444100004,12.864500785000075],[123.99065620800002,12.864510417000076],[123.99065291500006,12.864516838000043],[123.99064632900001,12.864521653000054],[123.99059693200002,12.864576232000047],[123.99057717300002,12.864595496000049],[123.99053436200006,12.864629206000075],[123.99051460300007,12.864651680000065],[123.99049649100004,12.864669338000056],[123.99047014600001,12.864691811000057],[123.99046355900009,12.864701443000058],[123.99045368000009,12.864711075000059],[123.9904240410001,12.864730338000072],[123.99038946300004,12.864747996000062],[123.99035982500004,12.864759233000029],[123.99033841900007,12.86476404900003],[123.99031042700005,12.864765654000053],[123.99029725500009,12.86476886500003],[123.9902676160001,12.86476886500003],[123.99022974500008,12.864772076000065]]],[[[123.99718524200011,12.862860554000065],[123.99715928400008,12.862855953000064],[123.99713481000003,12.862840047000077],[123.99712991500007,12.862835275000066],[123.99712338800009,12.862822550000033],[123.99711686100011,12.862808234000056],[123.99711522900009,12.862800281000034],[123.99711522900009,12.862784374000057],[123.99712501700003,12.862746198000025],[123.99712338600011,12.86273824500006],[123.99712012200007,12.862731882000048],[123.99711359600008,12.862728701000037],[123.99710543800006,12.862727110000037],[123.99709075300007,12.862730292000037],[123.99708259500005,12.862730292000037],[123.99706954200008,12.862706433000028],[123.9970630140001,12.86265871300003],[123.99706790800008,12.862644397000054],[123.99707932900003,12.862625308000077],[123.9970907500001,12.862614173000054],[123.99711032900007,12.862601448000021],[123.99711848700008,12.862590313000055],[123.99713153900007,12.862580768000043],[123.99715111800003,12.862571224000021],[123.99719354000001,12.862564860000077],[123.99721638300002,12.862563269000077],[123.99724738300006,12.862571222000042],[123.99726043600003,12.862572812000053],[123.99726428300005,12.862570937000044],[123.99725950600009,12.862579681000057],[123.99718524200011,12.862860554000065]]],[[[123.99578946000008,12.863448040000037],[123.99579272300002,12.86346235600007],[123.99579598600008,12.863468718000036],[123.99580577500001,12.863479853000058],[123.99582046000012,12.863487806000023],[123.99583351400008,12.863503712000067],[123.99583514500011,12.863516437000044],[123.99583188300005,12.863532344000078],[123.99582209400012,12.863548251000054],[123.99581067300005,12.863557795000077],[123.99579598800005,12.863564158000031],[123.99578293400009,12.863565749000031],[123.99576661900005,12.863570522000032],[123.9957486720001,12.863580067000044],[123.99570788100004,12.863594383000077],[123.99567851300003,12.863589611000066],[123.99567198600005,12.863584840000044],[123.99566219600001,12.863570524000068],[123.99565893300007,12.863559389000045],[123.99566219500002,12.863543482000068],[123.9956736150001,12.863522803000023],[123.9956817740001,12.863516441000058],[123.99570788000005,12.863502124000036],[123.9957176690001,12.86349417100007],[123.99572419600008,12.863490990000059],[123.99572909000005,12.863478264000037],[123.99572909000005,12.86346394800006],[123.99571930000002,12.863452813000038],[123.99571114100002,12.863452813000038],[123.99569808900003,12.863448042000073],[123.99569482600009,12.863441679000061],[123.99569319400007,12.863433726000039],[123.99568829900011,12.863427363000028],[123.9956736150001,12.863428954000028],[123.9956589300001,12.863444862000051],[123.99565240400011,12.863448043000062],[123.99564261400008,12.863448043000062],[123.99563445500007,12.863444862000051],[123.99562793000007,12.863444862000051],[123.99561487700009,12.863436909000029],[123.9956001920001,12.863421003000042],[123.99559203300009,12.863406686000076],[123.99559040200006,12.863398734000043],[123.99559366500011,12.863384417000077],[123.99560182200003,12.863371692000044],[123.99560834900001,12.863366919000043],[123.9956214020001,12.863362147000032],[123.9956507710001,12.863363737000043],[123.99565892900011,12.863366918000054],[123.99567361300001,12.863368509000054],[123.99568992900004,12.863368508000065],[123.99569482400011,12.863365327000054],[123.99569971900007,12.863360556000032],[123.9957013500001,12.863347829000077],[123.99569319200009,12.863327151000021],[123.99569319200009,12.863317608000045],[123.99569808600006,12.863303291000022],[123.99570624400008,12.863293748000046],[123.99571766500003,12.863282612000035],[123.99575356000003,12.863257160000046],[123.99577640200005,12.863236481000058],[123.99579271800008,12.863218984000071],[123.99581066500002,12.863193533000072],[123.99583350700004,12.863172854000027],[123.99584656000002,12.863169673000073],[123.99586940200004,12.863171263000027],[123.99587756100004,12.863169671000037],[123.99588571900006,12.863166490000026],[123.9958955080001,12.86315535500006],[123.99589713800003,12.863141039000027],[123.99589061200004,12.863107636000052],[123.99589061200004,12.863099682000041],[123.99589387500009,12.863093319000029],[123.99590040100009,12.863088547000075],[123.9959085590001,12.863085367000053],[123.99592813900006,12.863085365000074],[123.99596240300002,12.863096499000051],[123.9959672980001,12.863090137000029],[123.99596892900001,12.863082183000074],[123.99596729700011,12.863074230000052],[123.99596077000001,12.863059914000075],[123.99596077000001,12.863053551000064],[123.99597871700007,12.863021738000043],[123.99598687500009,12.862994696000044],[123.99598687500009,12.862986743000022],[123.99597708400006,12.862956520000068],[123.99597708400006,12.862943795000035],[123.99598034600001,12.862935843000059],[123.99598361000005,12.862931070000059],[123.99599176800007,12.862926297000058],[123.99601787400002,12.862916754000025],[123.99602440000001,12.862916754000025],[123.99606029300003,12.862857897000026],[123.99606192500005,12.862851535000061],[123.99607497700003,12.862835628000028],[123.99608803100011,12.862830856000073],[123.99610271400002,12.862834038000074],[123.9961092420001,12.862837218000038],[123.99612229400009,12.862838808000049],[123.99613371600003,12.862829264000027],[123.99613371600003,12.862821311000062],[123.9961304520001,12.862808585000039],[123.99611576700011,12.862791089000041],[123.99610271300003,12.86278631700003],[123.99609618800002,12.86278631700003],[123.99608150300003,12.862792680000041],[123.99606681900002,12.862792680000041],[123.99605213400002,12.862787909000076],[123.99603255500006,12.862776774000054],[123.99602439700004,12.862760868000066],[123.99602439600005,12.862752914000055],[123.99603092200005,12.862737008000067],[123.99603418600009,12.862733826000067],[123.99604723800007,12.862729054000056],[123.99606192300007,12.862727463000056],[123.99607823800011,12.862733825000078],[123.99609292300011,12.862735416000021],[123.99609945000009,12.862732234000077],[123.99610434400006,12.862725872000055],[123.99610597500009,12.862719509000044],[123.99609781800007,12.862713146000033],[123.99608313300007,12.862711556000022],[123.99606192200008,12.862702013000046],[123.99605702700001,12.862695650000035],[123.99605376300008,12.862687696000023],[123.99605376200009,12.862673380000047],[123.99605702600002,12.862659065000059],[123.99606681600005,12.862651111000048],[123.99608149900007,12.862644748000037],[123.99609128900011,12.86263043200006],[123.99608965800007,12.862616117000073],[123.99608313100009,12.86260339100005],[123.99607986700005,12.862587484000073],[123.9960831300001,12.862568396000029],[123.99608639300004,12.862563624000074],[123.99609455000007,12.862558852000063],[123.99612065700001,12.862549307000052],[123.99614513100005,12.862549306000062],[123.99616471000002,12.862558850000028],[123.99617123600001,12.862560441000028],[123.9961924480001,12.862571575000061],[123.99620713200011,12.862574756000072],[123.99621529000001,12.862574756000072],[123.99622834200011,12.86256839300006],[123.99623323700007,12.862560440000038],[123.99624302700011,12.862552486000027],[123.99625118400002,12.862552485000037],[123.99626586900001,12.862557257000049],[123.9963017660001,12.862579526000047],[123.99631481900008,12.862581116000058],[123.99633439800004,12.862581116000058],[123.99635887200009,12.862576343000057],[123.99637355600009,12.862569980000046],[123.99638008200009,12.862569980000046],[123.99638660900007,12.862566799000035],[123.99640129400007,12.862566799000035],[123.99641434700004,12.862574751000068],[123.99642576800011,12.862590658000045],[123.9964322940001,12.862597020000067],[123.99643882100008,12.862600201000078],[123.99646982200011,12.862598610000077],[123.99647471700007,12.862603382000032],[123.9964845070001,12.862617698000065],[123.9964845070001,12.86262406000003],[123.99649103400009,12.862644739000075],[123.99649103400009,12.86265269200004],[123.99649429700003,12.862659054000062],[123.99649429800002,12.862667008000074],[123.99649103400009,12.862674961000039],[123.99648287700006,12.862686096000061],[123.99647471900005,12.862690868000072],[123.99646819200007,12.862694050000073],[123.99646166600007,12.862694050000073],[123.99643556000001,12.86268291600004],[123.99642087500001,12.862673372000074],[123.99639150600001,12.862641560000043],[123.9963751890001,12.862614519000033],[123.99636866200001,12.862608157000068],[123.99636213600002,12.862604975000067],[123.99634908300004,12.862606567000057],[123.99634418800008,12.862611338000022],[123.99634092500003,12.862617701000033],[123.99634092500003,12.862625654000055],[123.99632950500006,12.862652696000055],[123.9963246100001,12.862659058000077],[123.99629850500003,12.862676556000054],[123.99629361000007,12.862682919000065],[123.99628871600009,12.862698826000042],[123.99627892600006,12.86271950500003],[123.99626913700001,12.862729049000052],[123.99625445300001,12.862738593000074],[123.99624303200005,12.862741775000075],[123.99623324200002,12.862741775000075],[123.99621855700002,12.862746547000029],[123.99620876800009,12.862757682000051],[123.99620387400012,12.862771998000028],[123.99620387400012,12.862779952000039],[123.99620713600007,12.862792677000073],[123.99620877000007,12.862824490000037],[123.99621203200002,12.862830853000048],[123.99622834900003,12.862845168000035],[123.99623650700005,12.862857894000058],[123.99623650700005,12.862865847000023],[123.9962332450001,12.862873800000045],[123.99622671900011,12.862886526000068],[123.99621366600002,12.862905615000045],[123.99621040300008,12.862911977000067],[123.99620714000002,12.862926294000033],[123.99620224600005,12.862932656000055],[123.99619735100009,12.862946973000021],[123.99618429900011,12.862967652000066],[123.99615003500003,12.862980377000042],[123.99613535100002,12.862977196000031],[123.99612719300001,12.862977196000031],[123.99612066600002,12.862980377000042],[123.9961043510001,12.862997875000076],[123.99608966700009,12.863023326000075],[123.99609129800001,12.863039232000062],[123.99609945700001,12.86305991100005],[123.99612066800012,12.86308377000006],[123.99613372200008,12.863106039000058],[123.99613535300011,12.86311240200007],[123.99613045800004,12.863133081000058],[123.99611740700004,12.863153760000046],[123.99609293200001,12.863172848000033],[123.99607988100001,12.863179211000045],[123.99607335300004,12.863180802000045],[123.99605867000002,12.863179212000034],[123.99605214300004,12.863176030000034],[123.99603419500011,12.863158534000036],[123.99602114100003,12.863152171000024],[123.99601135100011,12.863152171000024],[123.99599503600007,12.863160125000036],[123.99598524700002,12.863171260000058],[123.99597545800009,12.863191939000046],[123.99597545800009,12.863207845000034],[123.99598198500007,12.863218980000056],[123.99601951200009,12.863234886000043],[123.99604072200009,12.863247611000077],[123.99605214500002,12.863260336000053],[123.99605540700009,12.863269880000075],[123.99605540900006,12.86327624200004],[123.99604398800011,12.863295330000028],[123.99602604000006,12.863308056000051],[123.99600646100009,12.863316010000062],[123.99600156600002,12.863322373000074],[123.99599340900011,12.863347823000026],[123.99599667300004,12.86336373000006],[123.99599504000003,12.863379637000037],[123.99599014700004,12.863387590000059],[123.99597872600009,12.863400316000025],[123.99596730300004,12.863409860000047],[123.99595914700001,12.863414632000058],[123.99594935700009,12.863417814000059],[123.99591509200002,12.863416224000048],[123.99590204000003,12.863413044000026],[123.99589388200002,12.863408271000026],[123.99588898700006,12.863401908000071],[123.99588735500004,12.863387592000038],[123.99589388100003,12.86337009600004],[123.9958987760001,12.863363732000039],[123.99591509200002,12.863344644000051],[123.99595425000007,12.863322374000063],[123.99596403900011,12.86330805800003],[123.99595914400004,12.863298513000075],[123.99593793300005,12.863287380000031],[123.99592651100011,12.863268292000043],[123.9959183520001,12.863265110000043],[123.99591019500008,12.863265111000032],[123.9958971420001,12.863269883000044],[123.99588572100004,12.863282609000066],[123.99587756300002,12.863296925000043],[123.99587756400001,12.863320785000042],[123.99587919600003,12.863327148000053],[123.99587430100007,12.863347827000041],[123.99586614200007,12.863358961000074],[123.9958547220001,12.863366914000039],[123.99583514300002,12.863376459000051],[123.99581882700011,12.863389185000074],[123.99579924800003,12.863411454000072],[123.99579435400005,12.863425770000049],[123.99578946000008,12.863448040000037]]],[[[123.99068072700004,12.864884553000024],[123.99068566700009,12.864890973000058],[123.99068895900007,12.864903816000037],[123.99068895900007,12.86491023800005],[123.99068731400007,12.864916658000027],[123.99067908100005,12.864927894000061],[123.99067249400002,12.864931105000039],[123.99066755500007,12.86493592100004],[123.99066755500007,12.864950368000052],[123.99067578800009,12.864961605000076],[123.99069060700003,12.864971236000031],[123.99069389900001,12.864976052000031],[123.99069554700009,12.864982473000055],[123.99068896100005,12.865012973000034],[123.99068566800008,12.865020999000023],[123.99068402100011,12.86504668300006],[123.99068566800008,12.865061130000072],[123.99069060800002,12.865075578000074],[123.99069225400001,12.865088420000063],[123.99070378100009,12.865107683000076],[123.99070378100009,12.865114104000043],[123.99069884100004,12.865128552000044],[123.99068896200004,12.865144605000069],[123.99067085000001,12.865167077000024],[123.99065767600007,12.865176709000025],[123.99065273600002,12.865183131000038],[123.99064285700001,12.865202393000061],[123.99064285700001,12.865218446000029],[123.99064615100008,12.865234498000063],[123.99064944500003,12.865239314000064],[123.99065109100002,12.865256972000054],[123.99064944500003,12.865263393000077],[123.99064121200001,12.865276236000057],[123.99063627200007,12.865281051000068],[123.99062310000011,12.865290682000023],[123.99060333900002,12.865295498000023],[123.9905951070001,12.865295498000023],[123.99054900200008,12.865279446000045],[123.99052101100006,12.865260184000022],[123.99050619100001,12.865245736000077],[123.99049301800005,12.865237710000031],[123.9904798450001,12.865223262000029],[123.99042221500008,12.865168684000025],[123.99039916200002,12.865136579000023],[123.99038928300001,12.865117316000067],[123.99035635000007,12.865088422000042],[123.99033659100007,12.865064344000075],[123.99033329800011,12.865057922000062],[123.99033165200001,12.865048291000051],[123.99033165100002,12.865029028000038],[123.99033000500003,12.865021001000059],[123.99032177200002,12.864998529000047],[123.99030859900006,12.864980870000068],[123.9902954260001,12.864974449000044],[123.99026908100006,12.864966423000055],[123.99025755500008,12.864958397000066],[123.99022462300002,12.864907029000051],[123.99022079100007,12.864897068000062],[123.99020980200009,12.864868503000025],[123.99020777400005,12.864859406000051],[123.99020157000007,12.864831582000022],[123.99020486200004,12.864815530000044],[123.99020980200009,12.864809109000078],[123.99021638900001,12.864805898000043],[123.99022462100004,12.864804293000077],[123.9902377950001,12.864807504000055],[123.99024273500004,12.864812319000066],[123.99025426000003,12.864818741000022],[123.99027566600012,12.864804293000077],[123.99027895800009,12.864797872000054],[123.99028554600011,12.864794661000076],[123.99030365700003,12.864794661000076],[123.99033988300005,12.864809108000031],[123.99034811500007,12.864807504000055],[123.99038104800002,12.864807502000076],[123.99040080700001,12.864812319000066],[123.99042550600007,12.864828371000044],[123.99044526500006,12.864838002000056],[123.99045185000011,12.864836397000033],[123.99045843700003,12.864831581000033],[123.99046172900012,12.864823554000054],[123.99047160900011,12.864812319000066],[123.99047490300006,12.864805897000053],[123.99048807600002,12.864799475000041],[123.99049630800005,12.864801081000053],[123.99050289500008,12.864804291000041],[123.99051442100006,12.864810712000065],[123.99051936100011,12.864817133000031],[123.99052594600005,12.864821949000032],[123.99053253400007,12.864823554000054],[123.99053912000011,12.864821949000032],[123.99054899900011,12.864810712000065],[123.99055558500004,12.864805896000064],[123.9905704040001,12.864804291000041],[123.99057699100001,12.86480750100003],[123.99058193100007,12.864813922000053],[123.99058357800004,12.864820343000076],[123.99058193100007,12.864828370000055],[123.99057534400004,12.864839606000032],[123.9905704040001,12.864844423000022],[123.99056381900004,12.864846027000056],[123.99055229300006,12.864854054000034],[123.99055229300006,12.864862080000023],[123.99055558500004,12.86487492200007],[123.9905687590001,12.864881343000036],[123.99057534400004,12.864881343000036],[123.99059510300003,12.864876527000035],[123.99061651000011,12.864866895000034],[123.99064120900005,12.864866895000034],[123.99066261400003,12.864871712000024],[123.99066920000007,12.864874921000023],[123.99068072700004,12.864884553000024]]],[[[123.99020853400009,12.865462783000055],[123.99022006000007,12.865470809000044],[123.9902365260001,12.865475625000045],[123.99024969900006,12.865485256000056],[123.99025134500005,12.865494888000057],[123.99025134500005,12.865510940000036],[123.99024805200008,12.865525388000037],[123.99024311300002,12.865536624000072],[123.99023323300003,12.865549467000051],[123.99022335400002,12.865568730000064],[123.99022335400002,12.865583177000076],[123.99022829400008,12.865605650000077],[123.9902266470001,12.865612071000044],[123.99022006100006,12.865624914000023],[123.99021347400003,12.865628124000068],[123.99020104300007,12.865631154000027],[123.99020564800003,12.865459970000074],[123.99020853400009,12.865462783000055]]],[[[123.99176159800004,12.865947325000036],[123.99176649300011,12.865966413000024],[123.99177465100001,12.865987091000022],[123.99179096700004,12.866012542000021],[123.99180075700008,12.866031630000066],[123.99181217800003,12.866068215000041],[123.99181217800003,12.866077759000063],[123.99180891600008,12.86609048400004],[123.99180728300007,12.866111163000028],[123.99180075800007,12.866141386000038],[123.99180239000009,12.866190696000047],[123.9918105480001,12.866233644000033],[123.9918105480001,12.866265458000044],[123.99180402200011,12.866292499000053],[123.99179096900002,12.866322722000064],[123.99177139000005,12.866359307000039],[123.99175833700008,12.866403846000026],[123.99175833700008,12.866410208000048],[123.99175344200012,12.866424524000024],[123.99175344200012,12.866432478000036],[123.99174691600001,12.866448385000069],[123.9917452840001,12.866456339000024],[123.99173549400007,12.866475426000022],[123.99171917800004,12.866502468000022],[123.99171428300008,12.866507239000043],[123.99168817800012,12.866545416000065],[123.99167022900008,12.866567685000064],[123.99165064900001,12.866599498000028],[123.99163270200006,12.866609043000039],[123.99161638600003,12.866609043000039],[123.99158375200011,12.866597908000074],[123.99156743700007,12.86658359200004],[123.99154459400006,12.86655496000003],[123.99154133000002,12.866547007000065],[123.99153643500006,12.866540645000043],[123.99152338200008,12.866527919000077],[123.99149238000007,12.866478608000023],[123.99147443300001,12.866456339000024],[123.99146464300009,12.866435660000036],[123.99146301000007,12.866418163000048],[123.99145648500007,12.866391122000039],[123.99145648500007,12.866383168000027],[123.99144180000008,12.866322724000042],[123.99143690500011,12.866275003000055],[123.99143364100007,12.866262278000022],[123.99142874600011,12.866254325000057],[123.99142222000012,12.866233646000069],[123.99142385100004,12.866220921000036],[123.99142874600011,12.86621455900007],[123.99145648400008,12.866201833000048],[123.99145974700002,12.866195470000036],[123.99145974700002,12.866187517000071],[123.99144832600007,12.866166838000026],[123.99143364100007,12.866149342000028],[123.99140916600004,12.866112756000064],[123.99140264000005,12.866100030000041],[123.99139448200003,12.866066626000077],[123.99138632200004,12.866042766000021],[123.99138306000009,12.866022088000022],[123.99136674200008,12.86597118800006],[123.99133574200005,12.865926648000027],[123.99131616300008,12.865886882000041],[123.99131289900004,12.865874156000075],[123.99131289900004,12.865847115000065],[123.99130963500011,12.865820075000045],[123.99130963500011,12.865807348000033],[123.99129984500007,12.86572463400006],[123.99130637200005,12.865692820000049],[123.99131616200009,12.865672142000051],[123.99132268900007,12.865665779000039],[123.99133247700001,12.865646692000041],[123.99134226700005,12.865635556000029],[123.99135695200005,12.865622832000042],[123.99137326900006,12.865608515000076],[123.99140590100001,12.865591017000042],[123.99142058600012,12.865592608000043],[123.99147932500011,12.865645101000041],[123.99148748300001,12.865657825000028],[123.99149564000004,12.865673732000062],[123.99150379900004,12.86569600100006],[123.99150869400012,12.865715089000048],[123.99151195800005,12.865737358000047],[123.99151032500004,12.865805757000032],[123.99149727300005,12.86588370000004],[123.9915005360001,12.86591074100005],[123.99150869500011,12.865928238000038],[123.99151359000007,12.865934601000049],[123.99152664300004,12.865940963000071],[123.99154948600005,12.865944145000071],[123.99155764400007,12.865942554000071],[123.99156417000006,12.86593937300006],[123.99156906500002,12.865934601000049],[123.99157722200005,12.86590755900005],[123.99158211700001,12.865902787000039],[123.99160169700008,12.865891652000073],[123.99160659200004,12.865886880000062],[123.99160985600008,12.86588051800004],[123.99160985600008,12.865863020000063],[123.99160659200004,12.865845524000065],[123.99160659200004,12.865793031000067],[123.99161638200007,12.865753264000034],[123.99162290800007,12.865742130000058],[123.99163759300006,12.865726223000024],[123.99165880400005,12.865716679000059],[123.99167348900005,12.865713497000058],[123.99171101500008,12.865711907000048],[123.99171754300005,12.865708725000047],[123.99171917400008,12.865702362000036],[123.99171591000004,12.86568963700006],[123.99171101500008,12.865681684000037],[123.99169470000004,12.86566418700005],[123.99168817300006,12.865649872000063],[123.99168980500008,12.865643508000062],[123.99169633000008,12.865640327000051],[123.99170448900009,12.865640326000062],[123.99171754300005,12.865646689000073],[123.99173222700006,12.865649870000027],[123.99174201700009,12.865649870000027],[123.99175507000007,12.865646689000073],[123.99177301700001,12.865632373000039],[123.99178770200001,12.86560851400003],[123.99179259700009,12.86560374000004],[123.99179912400007,12.865602150000029],[123.99180728200008,12.865602150000029],[123.99181707200012,12.865611694000052],[123.99182033400007,12.865618056000073],[123.99182033400007,12.865624419000028],[123.99182522900003,12.865648279000027],[123.99182522900003,12.865696000000071],[123.99181870400002,12.865727812000046],[123.99181380900006,12.865742129000068],[123.9917942300001,12.865777123000044],[123.99176975500006,12.865813709000065],[123.99175833400011,12.865851885000041],[123.99175833400011,12.865931418000059],[123.99176159800004,12.865947325000036]]],[[[123.99615071100004,12.866723651000029],[123.99613775800003,12.866699966000056],[123.99613041400005,12.866691013000036],[123.99612306900008,12.866683851000062],[123.99611021500004,12.86667847800004],[123.99605828300002,12.866662947000066],[123.99604696200004,12.866650335000031],[123.9960372590001,12.866634569000041],[123.99603240700003,12.866623533000052],[123.99603078900009,12.866607767000062],[123.99603402300011,12.866601461000073],[123.99604696100005,12.866592001000072],[123.99605019500007,12.866585695000026],[123.99604857700001,12.866571506000071],[123.9960307880001,12.866558893000047],[123.99602593600002,12.866551010000023],[123.99602593600002,12.866536821000068],[123.99603240400006,12.866517902000055],[123.9960388720001,12.866487947000053],[123.9960388720001,12.86646902800004],[123.99603240300007,12.866461145000073],[123.99602431700009,12.866457992000051],[123.99600814500002,12.866456416000062],[123.99599520800007,12.866462723000041],[123.99597903600011,12.866476912000053],[123.9959644810001,12.866483219000031],[123.99594992700008,12.866481643000043],[123.99594507500001,12.866475336000065],[123.99594345800006,12.866467453000041],[123.99594345700007,12.866451688000041],[123.99594022300005,12.866435922000051],[123.99593375400002,12.866423309000027],[123.99593213600008,12.866415427000049],[123.99591758100007,12.866390202000048],[123.99590140900011,12.866377589000024],[123.99588523700004,12.866376013000036],[123.99586583000007,12.866363401000058],[123.99584480700003,12.866352365000068],[123.99581246300011,12.866325564000022],[123.99580761100003,12.866317681000055],[123.99580275900007,12.866303492000043],[123.99580275900007,12.866295609000076],[123.99580922700011,12.866273537000041],[123.99581407800008,12.866267231000052],[123.99582701600002,12.866259348000028],[123.99584803900007,12.86625304100005],[123.99585289100003,12.866248311000049],[123.99585450800009,12.866243581000049],[123.9958545070001,12.866235698000025],[123.99581407700009,12.866194708000023],[123.99581246000002,12.866188402000034],[123.99581407700009,12.866178942000033],[123.9958140760001,12.866156870000054],[123.99580922400003,12.866144258000077],[123.99579952100009,12.86613322200003],[123.99578173200007,12.866107997000029],[123.99577849700006,12.866095384000062],[123.99578011400001,12.866082772000027],[123.99578819900012,12.866062276000036],[123.99579628600009,12.866030589000047],[123.99579466800003,12.866024283000058],[123.99578173000009,12.865988022000067],[123.99576555700003,12.865953337000064],[123.99575100100003,12.865895004000038],[123.99573321100002,12.865835094000033],[123.99572674100011,12.865803562000053],[123.99571703800007,12.865779914000029],[123.99571218600011,12.865775184000029],[123.99568469400003,12.86575784200005],[123.99567013900003,12.865753113000039],[123.99566367000011,12.865748383000039],[123.99565881800004,12.86574207700005],[123.9956604350001,12.865727888000038],[123.99566366900001,12.865720005000071],[123.99567660600007,12.865701086000058],[123.99567660600007,12.865691626000057],[123.99567013700005,12.865688473000034],[123.99566043400011,12.865690050000069],[123.99565558300003,12.865694780000069],[123.99564749700005,12.865696356000058],[123.9956345600001,12.865688474000024],[123.99562323900011,12.865669555000068],[123.99561838700004,12.865655366000055],[123.99560383200003,12.865625411000053],[123.99559898000007,12.86560649200004],[123.99559898000007,12.86559072600005],[123.99560868200001,12.865578114000073],[123.99562162000007,12.865573384000072],[123.99564911200002,12.86557496000006],[123.99567175200002,12.86557023000006],[123.99567822100005,12.865565500000059],[123.99568145500007,12.865557617000036],[123.99568307200002,12.865551310000058],[123.99568145500007,12.865543428000024],[123.99564264100002,12.865486672000031],[123.9956216170001,12.865467753000075],[123.99557633600011,12.86545041200003],[123.9955617820001,12.865451988000075],[123.99555531300007,12.86545514200003],[123.99553429000002,12.865453565000053],[123.9955245860001,12.865445683000075],[123.9955132660001,12.865429917000029],[123.99550518000001,12.86541257500005],[123.99550194400001,12.865373161000036],[123.99550194400001,12.865347935000045],[123.99549870900012,12.865332170000045],[123.99548577100006,12.865306945000043],[123.99547768500008,12.865300639000054],[123.9954695990001,12.86528802600003],[123.99546474700003,12.865258071000028],[123.99546474700003,12.865232846000026],[123.99547930000006,12.865152440000031],[123.99548900200011,12.865128792000064],[123.99549870500005,12.86511617900004],[123.99551002500004,12.865108296000074],[123.99553913400007,12.865098836000072],[123.99554398500004,12.865090953000049],[123.99554398500004,12.865075187000059],[123.99554236800009,12.865070457000058],[123.99553266400005,12.865056268000046],[123.99552781300008,12.865051539000035],[123.99551487500003,12.865045233000046],[123.99549708600011,12.865031044000034],[123.9954933140001,12.865009760000021],[123.99550139900009,12.86496246300004],[123.99550625000006,12.86494669700005],[123.99552242100003,12.864912012000048],[123.99555153000006,12.864869444000021],[123.99556608400007,12.864842641000052],[123.99560651200011,12.864787460000059],[123.99562106700012,12.864773271000047],[123.99562753500004,12.864763811000046],[123.99563400400007,12.864757505000057],[123.99565017500004,12.864733856000043],[123.99566473000004,12.864718090000054],[123.99567766700011,12.864700747000029],[123.99568090100001,12.864699170000051],[123.99569383800008,12.864672368000072],[123.99570354000002,12.86465817900006],[123.99572779700009,12.864628223000068],[123.99574396900005,12.864610881000033],[123.99575690600011,12.864590385000042],[123.99576984300006,12.864579349000053],[123.99577954600011,12.864566736000029],[123.99579410000001,12.864538357000072],[123.99580703700008,12.864522591000025],[123.99582159100009,12.864513131000024],[123.9958361460001,12.864506825000035],[123.99587819200008,12.864492635000033],[123.99590406600009,12.864487904000043],[123.9959671360001,12.864484750000031],[123.99599786200008,12.86447529000003],[123.99601403300005,12.86446425400004],[123.99602535300005,12.864453217000062],[123.99603343900003,12.86443272200006],[123.99604475900003,12.864421685000025],[123.99607225000011,12.864404342000057],[123.99612076500011,12.864393305000021],[123.99613046800005,12.864393305000021],[123.99614340500011,12.864396458000044],[123.99614825700007,12.864399611000067],[123.99615796000012,12.864409070000022],[123.99616119500001,12.864415377000057],[123.99616766300005,12.864420106000068],[123.99618383500001,12.864421682000057],[123.99620162400004,12.864413799000033],[123.9962032410001,12.864410646000067],[123.99621294400004,12.864404339000032],[123.99624367000001,12.864390150000077],[123.99627924700007,12.864383842000052],[123.99632452800006,12.864393301000064],[123.99634878600011,12.864402760000075],[123.99635363700008,12.86440748900003],[123.99635687200009,12.864416949000031],[123.99635525500003,12.864431138000043],[123.99634231800007,12.864446904000033],[123.99633908400006,12.864453211000068],[123.99633908400006,12.864462670000023],[123.99635040500004,12.864489472000059],[123.99635364000005,12.864519426000072],[123.99635849200001,12.864524156000073],[123.99637951500006,12.864527309000039],[123.99639083500006,12.86453203800005],[123.99639892100004,12.864530461000072],[123.99640700700002,12.864517849000038],[123.99641347500005,12.864513119000037],[123.99641994400008,12.864511542000059],[123.99643773200012,12.864497352000058],[123.99644905200012,12.864483163000045],[123.99645390300009,12.864467397000055],[123.99645552000004,12.864443748000042],[123.99645066800008,12.864423253000041],[123.99644419900005,12.864409064000029],[123.99643611300007,12.864396452000051],[123.99643287800006,12.864385416000061],[123.99643287800006,12.864374380000072],[123.99643449500002,12.864368073000037],[123.99644419800006,12.86435546000007],[123.99646036900003,12.864341271000058],[123.99651373500001,12.864312891000054],[123.99652505500001,12.864303431000053],[123.99654931200007,12.864273476000051],[123.99655578000011,12.86426874600005],[123.99656871700006,12.86426401600005],[123.99660752900002,12.864260862000037],[123.99662855200006,12.864254555000059],[123.99669162200007,12.864241941000046],[123.99671749600009,12.864241940000056],[123.99673852000001,12.864245093000022],[123.9967692460001,12.864252975000056],[123.99680967600011,12.864276623000023],[123.99681064300012,12.864277309000045],[123.9962996810001,12.866209800000036],[123.99615071100004,12.866723651000029]]],[[[123.99116322300006,12.871313452000038],[123.99115201100005,12.871324384000047],[123.99112798400006,12.871343125000067],[123.99110876300006,12.871363427000063],[123.99107993300004,12.871397785000056],[123.99106872000004,12.871407156000032],[123.99105430500003,12.871425896000062],[123.99104469600002,12.871446198000058],[123.99103829000001,12.871471184000029],[123.99103829300009,12.871500855000022],[123.99104951000004,12.871550825000043],[123.99105691300008,12.871573671000021],[123.99081086100011,12.871813580000037],[123.99046654400001,12.867288401000053],[123.9901915370001,12.865984490000073],[123.9901960740001,12.865815853000072],[123.99019729000008,12.865816149000068],[123.99022034300003,12.865812938000033],[123.99023022200004,12.865803307000022],[123.99025162800001,12.865761570000075],[123.99027468000008,12.865747122000073],[123.99028785300004,12.865743912000028],[123.99029443900008,12.86574551700005],[123.99030925800002,12.865756754000074],[123.99032078500011,12.865785649000031],[123.99032572500005,12.865792070000055],[123.99033066400011,12.865796885000066],[123.99034383700007,12.865804912000044],[123.99035207000009,12.865806517000067],[123.99035865700012,12.865806517000067],[123.99038335600005,12.865801701000066],[123.99040805400011,12.865790464000042],[123.99042781300011,12.865777622000053],[123.99043604600001,12.865774411000075],[123.99044263300004,12.865772806000052],[123.99045415900002,12.865772806000052],[123.99047062500006,12.865776016000041],[123.99049038400005,12.865784043000076],[123.99051014400004,12.865809727000055],[123.99052002300004,12.865820963000033],[123.99052825600006,12.865827384000056],[123.99054966200003,12.865841832000058],[123.99056612800007,12.865848253000024],[123.99058588700007,12.865845042000046],[123.99061881900002,12.865830594000045],[123.99063528500005,12.865825778000044],[123.99065010400011,12.865825778000044],[123.99067151000008,12.865830594000045],[123.99068303600006,12.865838620000034],[123.99069291600006,12.865851462000023],[123.9906995020001,12.865856278000024],[123.99071432200003,12.865888383000026],[123.99072255500005,12.865893199000027],[123.99074231400004,12.865893199000027],[123.99076865900008,12.865878751000025],[123.99077524600011,12.865878751000025],[123.9907966510001,12.865886777000071],[123.99081970400005,12.865891593000072],[123.99083287700012,12.86588998700006],[123.99084110900003,12.865885171000059],[123.99084769600006,12.865883566000036],[123.99086745500006,12.865885171000059],[123.9908740410001,12.865888382000037],[123.99087898100004,12.865893197000048],[123.99088556800007,12.865904434000072],[123.99088556800007,12.865928513000028],[123.99088721500004,12.865936539000074],[123.99089050800001,12.865941355000075],[123.99091356000008,12.865965434000032],[123.99092673300004,12.865975065000043],[123.99093002600011,12.865981486000067],[123.99094484600005,12.865995933000022],[123.99095307900006,12.866000749000023],[123.99097613100002,12.866005565000023],[123.9909893040001,12.866010380000034],[123.99100906300009,12.866020012000035],[123.99101565000001,12.866024827000047],[123.99102223600005,12.866026432000069],[123.99103046900007,12.866026432000069],[123.99103870200008,12.866023222000024],[123.99105846100008,12.866010380000034],[123.99107492700011,12.866002353000056],[123.99108316000002,12.866002353000056],[123.99109139300003,12.866003958000022],[123.99109962600005,12.866008774000022],[123.99111938500005,12.866024826000057],[123.99113091100003,12.866042484000047],[123.99113585100008,12.86605693100006],[123.99113585200007,12.866093852000063],[123.99113255900011,12.866108299000075],[123.99113255900011,12.866116326000054],[123.99113914500003,12.866127562000031],[123.99114573200006,12.866150036000022],[123.99116713800004,12.86618535100007],[123.99117537100005,12.866193378000048],[123.99118360400007,12.866206219000048],[123.99118854400001,12.86622066700005],[123.99118854400001,12.866243140000051],[123.99119677700003,12.866262403000064],[123.9912099500001,12.866276850000077],[123.99122970900009,12.866289692000066],[123.9912379430001,12.866296113000033],[123.99124123600006,12.866300929000033],[123.99124452900003,12.866316981000068],[123.99124452900003,12.86633142900007],[123.99123959000008,12.86634908700006],[123.99123465000002,12.866353902000071],[123.99122971000008,12.866366744000061],[123.99122971000008,12.866374771000039],[123.99122312400004,12.866408481000065],[123.99122477100002,12.866421323000054],[123.99123135700006,12.866427744000077],[123.99123794400009,12.866430954000066],[123.99124617700011,12.866430954000066],[123.9912659360001,12.866435770000066],[123.99127087600004,12.866442191000033],[123.99126758300008,12.866456638000045],[123.99124453100001,12.866493559000048],[123.99122147900005,12.866549743000064],[123.99121818600008,12.866560980000031],[123.99122147900005,12.866575427000043],[123.99123135900004,12.866588269000033],[123.99124453200011,12.866586664000067],[123.99125605800009,12.866577032000066],[123.99126264400002,12.866569006000077],[123.99126923100005,12.866556164000031],[123.99127911000005,12.866544927000064],[123.99128569600009,12.866540111000063],[123.99129392900011,12.866540111000063],[123.99132341000006,12.866545689000077],[123.99135382200006,12.866561293000075],[123.99137303000009,12.866573776000052],[123.99138583500007,12.866578458000049],[123.99140344200009,12.86657845700006],[123.99143225400007,12.866575336000039],[123.99143865600001,12.866575336000039],[123.99144665900008,12.86657845700006],[123.99145786400004,12.86658625900003],[123.99146106500007,12.866592501000071],[123.99147547100006,12.866637754000067],[123.99149948200011,12.86668456700005],[123.99150268300002,12.866698611000061],[123.99150748500006,12.866740743000037],[123.99152189100005,12.866773512000066],[123.99152189200004,12.866801600000031],[123.99152029100003,12.866809403000047],[123.99151548900011,12.866823447000058],[123.99150428500002,12.866837491000069],[123.99150108400011,12.866843733000053],[123.99148987900003,12.866853096000057],[123.99148027600006,12.866864019000047],[123.99146747100008,12.866888986000049],[123.99145786700001,12.866913953000051],[123.99144986400006,12.866940481000029],[123.99144346200001,12.866952965000053],[123.99144026100009,12.866967009000064],[123.99142905700012,12.866985734000025],[123.9914114500001,12.86702318500005],[123.99140504800005,12.867048152000052],[123.99140504800005,12.867071559000067],[123.99140664900006,12.86707780100005],[123.99191085500001,12.867285336000066],[123.99191405600004,12.867279094000025],[123.99193326400007,12.867255687000068],[123.99193646500009,12.867249445000027],[123.99193966600001,12.867241643000057],[123.99194606800006,12.867213555000035],[123.99194927000008,12.867207313000051],[123.99196367500008,12.867194829000027],[123.9919972890001,12.86717922400004],[123.99202129800005,12.867162059000066],[123.99202610000009,12.867155817000025],[123.99202930100012,12.867148015000055],[123.99203090200001,12.867132410000067],[123.99203570300006,12.867113685000049],[123.99204530700001,12.867102762000059],[123.99205171000006,12.867098080000062],[123.9920725180001,12.867087157000071],[123.99210133000008,12.867084035000062],[123.99213174200008,12.867077793000021],[123.99213654400012,12.867073112000071],[123.99214774900008,12.867066870000031],[123.99217476500007,12.867062172000033],[123.99217636600008,12.867059051000069],[123.9921939730001,12.867059051000069],[123.99221478100003,12.867054369000073],[123.99225639800011,12.867037204000042],[123.99227720600004,12.867023159000041],[123.99228200800007,12.867016917000058],[123.99229001100002,12.867004434000023],[123.99229481300006,12.866990389000023],[123.99229801400008,12.866970103000028],[123.99230121500011,12.866963861000045],[123.99231081900007,12.866952938000054],[123.99231722100001,12.866948257000047],[123.99234283100009,12.866938894000043],[123.99234923400002,12.866934212000047],[123.99236203900011,12.866931091000026],[123.99236844200004,12.866931091000026],[123.99239725300004,12.866937332000077],[123.99241165900003,12.866937332000077],[123.99243406800008,12.866934211000057],[123.99245327600011,12.866927969000074],[123.99246608100009,12.86691860600007],[123.99247088300001,12.866912364000029],[123.99247408400004,12.866904562000059],[123.99247888600007,12.866898320000075],[123.99248848900004,12.866870231000064],[123.99249969300001,12.866853066000033],[123.99250449500005,12.866848385000026],[123.99252210200007,12.866843703000029],[123.99253650800006,12.866843703000029],[123.99256051800012,12.866848384000036],[123.99257492400011,12.866859307000027],[123.99258292700006,12.866871790000062],[123.99259573300003,12.866887395000049],[123.99260853800001,12.866896757000063],[123.99262294400012,12.866896757000063],[123.99266776100001,12.866876470000022],[123.99268056700009,12.866873349000059],[123.99269497200009,12.866871788000026],[123.99272378400008,12.866865546000042],[123.99275419600008,12.866863985000066],[123.99276860200007,12.866867106000029],[123.99278140700005,12.866874908000057],[123.99279901500006,12.866898314000025],[123.99281662200008,12.866913919000069],[123.99283262900008,12.866915479000056],[123.99285823900004,12.866906116000052],[123.99286464200009,12.866906115000063],[123.99288865100004,12.866912357000047],[123.99290145700002,12.866920159000074],[123.99290625900005,12.866924840000024],[123.99291906400003,12.866942005000055],[123.99292546700008,12.866954488000033],[123.99293347000003,12.86696541200007],[123.99294147400008,12.866971653000064],[123.99296388300002,12.866977895000048],[123.9929910940001,12.866973213000051],[123.99299909700005,12.866976333000025],[123.99300550000009,12.866981015000022],[123.99301510400005,12.866993498000056],[123.99303911400011,12.867032509000069],[123.99304391600003,12.867041872000073],[123.99304391600003,12.867046553000023],[123.99304871900006,12.867063718000054],[123.99304871900006,12.867087125000069],[123.99304231700012,12.867099609000036],[123.99302631000012,12.867115214000023],[123.99302310900009,12.86712301600005],[123.99302150900007,12.867135500000074],[123.99302311000008,12.867165149000073],[123.99302631100011,12.86717763200005],[123.99302631100011,12.867183874000034],[123.99303111300003,12.867208841000036],[123.99304071800009,12.867244731000028],[123.99304071800009,12.867275941000059],[123.99303431600003,12.867304029000024],[123.99302791400009,12.867318073000035],[123.99301991100003,12.867328996000026],[123.99301670900002,12.867336799000043],[123.99301190800008,12.867361766000045],[123.99301190800008,12.867386733000046],[123.99300870700006,12.867402338000034],[123.99300070400011,12.867425745000048],[123.9929846980001,12.86745071200005],[123.9929702930001,12.86746787800007],[123.99296549100006,12.867472559000078],[123.99295108500007,12.867477241000074],[123.99294308200001,12.867477241000074],[123.99293027600004,12.867474120000054],[123.99292547400012,12.867469439000047],[123.99292227300009,12.867461637000076],[123.99292227300009,12.867452274000073],[123.99293667800009,12.867419504000054],[123.99293027500005,12.867408581000063],[123.99291587000005,12.86741014200004],[123.99289506100001,12.86742106500003],[123.99288865900007,12.86742106500003],[123.9928758530001,12.867417945000057],[123.99286945100005,12.867421066000077],[123.99286464900001,12.867425747000027],[123.9928614480001,12.867431989000067],[123.99286304900011,12.867455396000025],[123.99287425400007,12.867486605000067],[123.99287585500008,12.867502209000065],[123.99287105300004,12.867527176000067],[123.99285824900005,12.867572430000052],[123.99285664800004,12.867594276000034],[123.99284064300002,12.867664496000032],[123.99283904200001,12.867676980000056],[123.99284064400001,12.867703508000034],[123.99284864700007,12.867712870000048],[123.99285505000012,12.867715991000068],[123.99286465400007,12.86773783700005],[123.99286625500008,12.867770607000068],[123.99286145300005,12.867784651000022],[123.99284384700002,12.867804937000074],[123.99281023300011,12.867825223000068],[123.9927942270001,12.867837707000035],[123.99276609600008,12.867855250000048],[123.99275973700003,12.867856800000027],[123.99273429900006,12.867856800000027],[123.99272158000008,12.867861450000078],[123.99271045100011,12.867870750000066],[123.99270091200003,12.867895549000025],[123.99270250200004,12.867911048000053],[123.99271204200011,12.867923448000056],[123.99271840100005,12.867935847000069],[123.99272317100008,12.867957546000071],[123.99272317100008,12.867963746000044],[123.99272794100011,12.867976145000057],[123.99274066000009,12.868000944000073],[123.99275337900008,12.868019543000059],[123.99275973900001,12.868033492000052],[123.99276450900004,12.868045891000065],[123.99276609900005,12.868059841000047],[123.99276609900005,12.868083090000027],[123.99276133000001,12.868114088000027],[123.99275338100006,12.868149737000067],[123.99275656100008,12.86818693500004],[123.99274861300012,12.868214834000071],[123.99273271400011,12.868228784000053],[123.99272476500005,12.868233433000057],[123.99271045600005,12.868238083000051],[123.99269773700007,12.868233434000047],[123.99267865900003,12.868221035000033],[123.99266276000003,12.868219485000054],[123.99265322100007,12.868227235000063],[123.99264845200003,12.868239634000076],[123.99264845200003,12.868247384000028],[123.99267230000009,12.86826908300003],[123.99267548000012,12.868276832000049],[123.99267230100008,12.868287682000073],[123.99266912100006,12.868292331000077],[123.99266435100003,12.868296981000071],[123.99265799200009,12.868300081000029],[123.99264845300002,12.868310931000053],[123.99264845300002,12.868326430000025],[123.99265322300005,12.868331080000075],[123.99266117200011,12.868334180000033],[123.99268502000007,12.868334179000044],[123.99269138000011,12.868337279000059],[123.99269773900005,12.868341929000053],[123.9927056890001,12.868355878000045],[123.99270727900011,12.868363627000065],[123.99270727900011,12.868394626000054],[123.99270409900009,12.868408575000046],[123.99270410000008,12.868422525000028],[123.99270569000009,12.868428724000069],[123.99270569000009,12.86845042300007],[123.99270410000008,12.868456623000043],[123.99269456100001,12.868467473000067],[123.99267548300008,12.868479872000023],[123.99266435400011,12.868489172000068],[123.99264368600006,12.868498472000056],[123.99263732700001,12.868498472000056],[123.99262460800003,12.868492272000026],[123.99261665800009,12.868479873000069],[123.99261029900003,12.868475224000065],[123.99259122100011,12.868470574000071],[123.99258168200004,12.868470574000071],[123.99255306400005,12.868478324000023],[123.99253716600003,12.868475225000054],[123.99250695800004,12.868455076000032],[123.99249423900005,12.868450426000038],[123.99247993000006,12.868448877000048],[123.99247357100012,12.868450427000028],[123.99246562200005,12.868455077000021],[123.9924576730001,12.868467476000035],[123.99245290300007,12.868486075000021],[123.99245290400006,12.868509324000058],[123.99244972400004,12.868515524000031],[123.99243859500007,12.868527923000045],[123.99243064600012,12.868540323000047],[123.99242587700007,12.86855427200004],[123.99242110800003,12.868580621000035],[123.99242110800003,12.868602320000036],[123.99242269800004,12.868608520000066],[123.99242269800004,12.868631768000057],[123.99242428800005,12.868639518000066],[123.99242429000003,12.868732513000054],[123.99242906000006,12.868771262000053],[123.99242747000005,12.868803810000031],[123.99243192900008,12.868831144000069],[123.99243352000008,12.868863692000048],[123.99243987900002,12.868883842000059],[123.99244305900004,12.868886941000028],[123.9924510080001,12.868890041000043],[123.99246372700009,12.868888491000064],[123.99247803600008,12.868891591000022],[123.99248598500003,12.868894690000047],[123.99249552500009,12.868905540000071],[123.99250029500001,12.868931888000077],[123.99249870600011,12.868986136000046],[123.99250188600001,12.869020234000061],[123.99250983600007,12.869057433000023],[123.99251778500002,12.869068282000057],[123.99252732400009,12.869077581000056],[123.99252732400009,12.869085331000065],[123.99252255500005,12.869103930000051],[123.99251301600009,12.869122530000027],[123.99250029700011,12.869133379000061],[123.99248757900011,12.869139579000034],[123.99246850000009,12.869139579000034],[123.99246214100003,12.869138030000045],[123.99245101200006,12.869131830000072],[123.99244624200003,12.869125630000042],[123.99243829200009,12.869107031000055],[123.99242875300001,12.869096182000021],[123.99240967500009,12.869091533000073],[123.99240172500004,12.869093083000053],[123.99239695600011,12.869096182000021],[123.99238741700003,12.869108582000024],[123.99238423700001,12.869122531000073],[123.99238582700002,12.869130281000025],[123.99239854700011,12.869161279000025],[123.99240013700012,12.86917057900007],[123.99240013700012,12.869186078000041],[123.9923969570001,12.869212427000036],[123.99239218800005,12.869226376000029],[123.99238264900009,12.869237226000052],[123.99235880100002,12.869243426000025],[123.99234608200004,12.86925272600007],[123.99234767200005,12.869266675000063],[123.99235880200001,12.869288374000064],[123.9923699310001,12.869322472000022],[123.99236834200008,12.869336421000071],[123.99236039300001,12.869355021000047],[123.99234449400001,12.869379820000063],[123.99233495500005,12.86939066900004],[123.99230315800003,12.86942011800005],[123.9922840800001,12.869440268000062],[123.99227136200011,12.869468166000047],[123.9922697720001,12.869479016000071],[123.99225705400011,12.869505365000066],[123.99224910500004,12.869516214000043],[123.99222207700006,12.869531714000061],[123.99220935800008,12.869536364000055],[123.99220299900003,12.869536364000055],[123.9921966390001,12.86953946400007],[123.99218392100011,12.869547214000022],[123.99216643200009,12.869561163000071],[123.99215848300003,12.869575112000064],[123.99214735500004,12.869615411000041],[123.99214262400005,12.869638433000034],[123.99214580400007,12.869646183000043],[123.99214421400006,12.869660132000035],[123.99214103400004,12.869666332000065],[123.99213149500008,12.869677182000032],[123.99210923700002,12.86969423100004],[123.99209015800011,12.869695782000065],[123.99207584900012,12.86969268200005],[123.9920599510001,12.869686482000077],[123.99204723100002,12.869678733000057],[123.99204246200009,12.869674083000064],[123.99202497300007,12.869635335000055],[123.99202179300005,12.86963223500004],[123.9920138440001,12.869630685000061],[123.99200271500001,12.869633786000065],[123.99198045600008,12.869660135000061],[123.99196455800006,12.869664785000055],[123.99195024900007,12.869660135000061],[123.99193594000008,12.869638436000059],[123.99192799000002,12.869632237000076],[123.99191368200002,12.869633787000055],[123.9919089120001,12.869638437000049],[123.99190573200008,12.869652386000041],[123.99190573300007,12.869674085000042],[123.99190732200009,12.869681835000051],[123.99191686200004,12.869717483000045],[123.9919407110001,12.869777931000044],[123.99195184000007,12.869819779000068],[123.99195184000007,12.869835278000039],[123.99194389100012,12.86986317700007],[123.99191686400002,12.869912775000046],[123.99191686400002,12.869929824000053],[123.99193594300004,12.869951523000054],[123.99193753300005,12.869959272000074],[123.99193912300007,12.869994921000057],[123.99194230300009,12.870005770000034],[123.99194866200003,12.870008870000049],[123.99195661200008,12.870008870000049],[123.99196933100006,12.870005770000034],[123.99198364000006,12.87000732000007],[123.99199953800007,12.870021269000063],[123.99200271800009,12.870027468000046],[123.99199953900006,12.870055367000077],[123.99200430900009,12.870083266000051],[123.99200748900012,12.870087916000045],[123.99202974700006,12.870101865000038],[123.99203292700008,12.870108064000021],[123.9920361070001,12.870120464000024],[123.99203451700009,12.870137513000032],[123.99203292700008,12.87014526300004],[123.99202974800005,12.870151462000024],[123.99200907900001,12.870160762000069],[123.99199318000001,12.870160762000069],[123.99198682100007,12.870162312000048],[123.99198364100005,12.870170062000057],[123.99199477100001,12.870210360000044],[123.99199477100001,12.870218110000053],[123.99198523200005,12.870241359000033],[123.99198523200005,12.870258408000041],[123.99199477200011,12.870283207000057],[123.99199636200001,12.870290956000076],[123.99199477200011,12.870301806000043],[123.99198682300005,12.870314205000057],[123.99198523300004,12.870328155000038],[123.99199000300007,12.870346754000025],[123.99200272200005,12.87037310200003],[123.99200590200007,12.870391701000074],[123.99200590300006,12.870414950000054],[123.99200272300004,12.870436649000055],[123.99200113400002,12.870472298000038],[123.99199954400001,12.870484697000052],[123.99199318500007,12.870503296000038],[123.99197728600006,12.870528095000054],[123.99196615700009,12.870535845000063],[123.9919518480001,12.870540495000057],[123.99193912900012,12.870540495000057],[123.99191846100007,12.870543595000072],[123.99189779300002,12.870557545000054],[123.99188825400006,12.870569944000067],[123.99188189400002,12.870583894000049],[123.99188189500001,12.870600943000056],[123.99188030500011,12.870607143000029],[123.99187553500008,12.870611792000034],[123.99186917600002,12.870614892000049],[123.99185009700011,12.870619542000043],[123.99184055800004,12.870619543000032],[123.99181512000007,12.870610243000044],[123.99180240100009,12.870608693000065],[123.99178650200008,12.870610244000034],[123.99176742400005,12.87060559400004],[123.99175311500005,12.870596295000041],[123.99174993500003,12.870591645000047],[123.99174516500011,12.870579245000044],[123.99174516500011,12.870563746000073],[123.99173880500007,12.870560646000058],[123.99171495700011,12.870560647000048],[123.9916847500001,12.870563747000062],[123.99165931200002,12.870582346000049],[123.99164977300006,12.870591646000037],[123.99163705400008,12.870597846000067],[123.99162910500002,12.870597846000067],[123.99162115500008,12.870594746000052],[123.99160525700006,12.870583897000074],[123.99159730700001,12.870574597000029],[123.9915941270001,12.870568398000046],[123.99158935700007,12.870548249000024],[123.99159094700008,12.870534299000042],[123.99162592400012,12.870472302000053],[123.99162751300003,12.870466102000023],[123.99162433300012,12.870450603000052],[123.99161320400003,12.870439754000074],[123.99160525500008,12.870435104000023],[123.99159094600009,12.870432004000065],[123.99157504700008,12.870432004000065],[123.99156868800003,12.87042890500004],[123.99155437900004,12.870411856000032],[123.99154801900011,12.870390157000031],[123.99154483900008,12.870382407000022],[123.99154007000004,12.870376208000039],[123.9915321200001,12.870377758000075],[123.99152735100006,12.870382407000022],[123.99151940200011,12.870411856000032],[123.99150668300001,12.870421156000077],[123.99148442500007,12.870425806000071],[123.99146852600006,12.870424256000035],[123.99146216700001,12.870421156000077],[123.99145262700006,12.870413407000058],[123.99144944700004,12.870407207000028],[123.99144626700001,12.870385508000027],[123.99144626700001,12.870377758000075],[123.99144944700004,12.870363809000025],[123.9914573960001,12.870354509000038],[123.99146057600001,12.870346760000075],[123.99145898600011,12.870332811000026],[123.99145580600009,12.870325061000074],[123.99145103600006,12.870320411000023],[123.99144467700012,12.870317311000065],[123.99143672800005,12.870317312000054],[123.99139823100006,12.87033877500005],[123.99138381600005,12.870357515000023],[123.99137100300004,12.870380940000075],[123.99136139500001,12.870412173000034],[123.99135979400012,12.870427789000075],[123.9913678050001,12.870440282000061],[123.99138222200008,12.870452773000068],[123.99138863000007,12.870455896000067],[123.99139664000006,12.870468388000063],[123.99140625300004,12.870488688000023],[123.99140785500003,12.870493373000045],[123.99140785700001,12.870508989000029],[123.99141106200011,12.870532413000035],[123.99141106400009,12.870548029000076],[123.99141426800009,12.870554275000075],[123.99142067600008,12.870560521000073],[123.99143349100007,12.870563643000025],[123.99145111100006,12.870563641000047],[123.99146232500004,12.870568325000022],[123.99147193700003,12.870577694000076],[123.99147994700002,12.870591748000038],[123.99147994900011,12.870608926000045],[123.99147514400011,12.870626104000053],[123.99146073000009,12.870652652000047],[123.99144631600007,12.870687008000061],[123.99144311400005,12.870704186000069],[123.99144471700004,12.870716679000054],[123.99144472000012,12.870754157000022],[123.99144311900011,12.870760404000066],[123.99144152000008,12.870790075000059],[123.99143991800008,12.870793198000058],[123.99143710300007,12.870818396000061],[123.99144992000004,12.870843381000043],[123.99145152300002,12.870851189000064],[123.99146434000011,12.870879297000045],[123.99146914700009,12.870896475000052],[123.99146594500007,12.870921461000023],[123.99145793800005,12.870948009000074],[123.99145153100005,12.870960503000049],[123.99144031900005,12.870971435000058],[123.99142109700006,12.870979245000058],[123.99140347700006,12.870988616000034],[123.99139867200006,12.870994863000021],[123.99139546900005,12.871004233000065],[123.99139547000004,12.87101672600005],[123.99140508400001,12.871049519000053],[123.99140989000011,12.871057326000027],[123.9914195020001,12.871066695000025],[123.99143392100007,12.871085433000076],[123.99144193100005,12.871097926000061],[123.99144033100004,12.871113542000046],[123.99143392400003,12.871119789000034],[123.99141790600004,12.871129160000066],[123.99138747100005,12.871141655000031],[123.99135223100006,12.871158836000063],[123.99133140800006,12.871179139000049],[123.99132179800006,12.871191633000024],[123.99131539200005,12.871207249000065],[123.99131539300004,12.871219742000051],[123.99132660700002,12.871238481000034],[123.99134422900011,12.871252534000064],[123.99134903600009,12.871260341000038],[123.99134743400009,12.871266588000026],[123.99134262900009,12.871274396000047],[123.99132180700008,12.871294699000032],[123.99131219600008,12.871307193000064],[123.99131380100005,12.871344671000031],[123.99131059900003,12.871361849000039],[123.99130098900002,12.871380589000069],[123.99129458200002,12.871385275000023],[123.99128657300002,12.871385275000023],[123.99128176700003,12.871379029000025],[123.99127695900006,12.871352482000077],[123.99127055000008,12.871338428000058],[123.99126574400009,12.87133218200006],[123.99125773500009,12.87133218300005],[123.9912433180001,12.871336869000061],[123.99123691000011,12.871333746000062],[123.99122729800001,12.871324378000054],[123.99121768600003,12.871311885000068],[123.99120166700004,12.87130564000006],[123.99118885200005,12.871304080000073],[123.99116322300006,12.871313452000038]]]]},"properties":{"objectid":40628,"gthcode":"8010562100270000","globalid":"{068CB467-5B26-4A7C-895B-F8691733AA2F}","st_area(shape)":0.00019119495860244926,"reg_name":"Region V (Bicol Region)","prov_name":"Sorsogon","city_name":"Juban","brgy_name":"Tughan","reg_code":"050000000","prov_code":"056200000","city_code":"056210000","brgy_code":"056210027","psgc_10d":"0506210027","geographic_level":"Bgy","old_names":"","class":"Municipality","income_class":"","urban_rural2015":"R","bgypop2015":1695,"bgypop2020":2258,"bgyarea_sqkm":2.2959698799999999,"gida":"No","gida_yr":null,"st_perimeter(shape)":0.10288823824609097,"created_user":null,"created_date":null,"last_edited_user":"ADMIN2","last_edited_date":1748789495000}}]}